t,z_s,dz_s,z_u,dz_u,z_r,F_act,body_acc,susp_defl,tyre_defl
0.000000,0.000000,0.000000,0.000000,0.000000,0.000000,0.000000,0.000000,0.000000,0.000000
0.005000,0.000000,0.000000,0.000000,0.000000,0.001243,0.000000,0.000000,0.000000,-0.001243
0.010000,0.000000,0.000272,0.000065,0.025322,0.002409,2.843471,0.118460,-0.000065,-0.002343
0.015000,0.000004,0.001344,0.000303,0.068002,0.003423,10.295808,0.335040,-0.000299,-0.003119
0.020000,0.000016,0.003603,0.000774,0.117478,0.004222,19.477334,0.596710,-0.000758,-0.003447
0.025000,0.000042,0.007162,0.001485,0.162876,0.004755,25.866245,0.839763,-0.001442,-0.003270
0.030000,0.000090,0.011823,0.002389,0.194725,0.004990,25.214034,1.005234,-0.002300,-0.002601
0.035000,0.000162,0.017110,0.003402,0.206120,0.004911,14.718889,1.049135,-0.003240,-0.001509
0.040000,0.000260,0.022363,0.004410,0.193333,0.004524,-6.400081,0.948079,-0.004149,-0.000114
0.045000,0.000384,0.026833,0.005289,0.155959,0.003853,-36.818393,0.700898,-0.004906,0.001437
0.050000,0.000526,0.029802,0.005924,0.096648,0.002939,-73.395740,0.327000,-0.005398,0.002985
0.055000,0.000678,0.030676,0.006215,0.020556,0.001841,-111.716305,-0.137638,-0.005538,0.004375
0.060000,0.000828,0.029066,0.006097,-0.065397,0.000627,-146.758624,-0.645929,-0.005269,0.005470
0.065000,0.000963,0.024832,0.005540,-0.153346,-0.000627,-173.586362,-1.145739,-0.004576,0.006166
0.070000,0.001071,0.018102,0.004554,-0.235307,-0.001841,-187.971746,-1.585803,-0.003482,0.006394
0.075000,0.001140,0.009259,0.003189,-0.303914,-0.002939,-186.888177,-1.920945,-0.002048,0.006128
0.080000,0.001161,-0.001096,0.001527,-0.353039,-0.003853,-168.834177,-2.116183,-0.000366,0.005380
0.085000,0.001129,-0.012202,-0.000320,-0.378254,-0.004524,-133.974656,-2.149530,0.001449,0.004204
0.090000,0.001040,-0.023206,-0.002227,-0.377113,-0.004911,-84.105683,-2.013383,0.003267,0.002684
0.095000,0.000899,-0.033239,-0.004059,-0.349265,-0.004990,-22.464575,-1.714593,0.004958,0.000931
0.100000,0.000712,-0.041488,-0.005686,-0.296399,-0.004755,46.582264,-1.273337,0.006398,-0.000931
0.105000,0.000489,-0.047260,-0.006991,-0.222051,-0.004222,117.935258,-0.721019,0.007480,-0.002769
0.110000,0.000245,-0.050042,-0.007878,-0.131285,-0.003423,186.200983,-0.097450,0.008123,-0.004455
0.115000,-0.000004,-0.049532,-0.008280,-0.030293,-0.002409,246.136019,0.552421,0.008276,-0.005871
0.120000,-0.000243,-0.045666,-0.008163,0.074066,-0.001243,293.060492,1.181976,0.007920,-0.006920
0.125000,-0.000455,-0.038620,-0.007530,0.174750,-0.000000,323.212300,1.746331,0.007075,-0.007530
0.130000,-0.000624,-0.028796,-0.006414,0.265013,0.001243,334.019976,2.205467,0.005790,-0.007658
0.135000,-0.000739,-0.016792,-0.004886,0.338846,0.002409,324.279563,2.526907,0.004147,-0.007294
0.140000,-0.000790,-0.003360,-0.003039,0.391365,0.003423,294.228365,2.687785,0.002249,-0.006462
0.145000,-0.000772,0.010645,-0.000992,0.419105,0.004222,245.515594,2.676222,0.000220,-0.005213
0.150000,-0.000685,0.024323,0.001127,0.420238,0.004755,181.076365,2.491942,-0.001812,-0.003628
0.155000,-0.000532,0.036791,0.003183,0.394662,0.004990,104.921157,2.146135,-0.003715,-0.001807
0.160000,-0.000322,0.047243,0.005045,0.343998,0.004911,21.857360,1.660579,-0.005366,0.000133
0.165000,-0.000066,0.054995,0.006594,0.271473,0.004524,-62.837047,1.066115,-0.006660,0.002070
0.170000,0.000222,0.059539,0.007733,0.181699,0.003853,-143.765575,0.400573,-0.007512,0.003881
0.175000,0.000523,0.060569,0.008389,0.080380,0.002939,-215.768090,-0.293715,-0.007866,0.005450
0.180000,0.000820,0.058004,0.008520,-0.026059,0.001841,-274.256020,-0.972651,-0.007700,0.006679
0.185000,0.001096,0.051989,0.008118,-0.130879,0.000627,-315.507168,-1.593191,-0.007022,0.007491
0.190000,0.001334,0.042888,0.007208,-0.227453,-0.000627,-336.902244,-2.116069,-0.005874,0.007834
0.195000,0.001520,0.031263,0.005847,-0.309683,-0.001841,-337.089098,-2.508275,-0.004327,0.007688
0.200000,0.001644,0.017832,0.004122,-0.372383,-0.002939,-316.065173,-2.745110,-0.002478,0.007061
0.205000,0.001697,0.003428,0.002140,-0.411602,-0.003853,-275.173826,-2.811724,-0.000443,0.005993
0.210000,0.001678,-0.011055,0.000028,-0.424873,-0.004524,-217.015448,-2.704023,0.001651,0.004552
0.215000,0.001589,-0.024719,-0.002082,-0.411367,-0.004911,-145.279528,-2.428903,0.003671,0.002829
0.220000,0.001435,-0.036717,-0.004058,-0.371939,-0.004990,-64.508626,-2.003792,0.005493,0.000933
0.225000,0.001227,-0.046309,-0.005773,-0.309078,-0.004755,20.190640,-1.455537,0.007000,-0.001018
0.230000,0.000979,-0.052906,-0.007121,-0.226748,-0.004222,103.471292,-0.818702,0.008100,-0.002899
0.235000,0.000705,-0.056108,-0.008016,-0.130137,-0.003423,180.083973,-0.133385,0.008722,-0.004594
0.240000,0.000425,-0.055729,-0.008403,-0.025331,-0.002409,245.208004,0.557306,0.008828,-0.005994
0.245000,0.000155,-0.051806,-0.008256,0.081068,-0.001243,294.754775,1.209969,0.008411,-0.007013
0.250000,-0.000087,-0.044603,-0.007585,0.182359,-0.000000,325.624519,1.783632,0.007498,-0.007585
0.255000,-0.000286,-0.034586,-0.006433,0.272160,0.001243,335.900418,2.242326,0.006147,-0.007676
0.260000,-0.000429,-0.022400,-0.004871,0.344814,0.002409,324.967983,2.557344,0.004442,-0.007280
0.265000,-0.000508,-0.008824,-0.002999,0.395742,0.003423,293.552303,2.709037,0.002491,-0.006421
0.270000,-0.000517,0.005276,-0.000933,0.421733,0.004222,243.670919,2.688047,0.000417,-0.005155
0.275000,-0.000456,0.019002,0.001194,0.421143,0.004755,178.505387,2.495887,-0.001651,-0.003561
0.280000,-0.000330,0.031478,0.003251,0.394002,0.004990,102.199665,2.144839,-0.003581,-0.001740
0.285000,-0.000146,0.041913,0.005106,0.342012,0.004911,19.598085,1.657184,-0.005252,0.000194
0.290000,0.000083,0.049639,0.006642,0.268436,0.004524,-64.060586,1.063785,-0.006559,0.002118
0.295000,0.000343,0.054165,0.007764,0.177900,0.003853,-143.473695,0.402154,-0.007421,0.003911
0.300000,0.000618,0.055199,0.008399,0.076096,0.002939,-213.609075,-0.285918,-0.007782,0.005460
0.305000,0.000888,0.052669,0.008508,-0.030572,0.001841,-270.022163,-0.956988,-0.007620,0.006668
0.310000,0.001138,0.046731,0.008083,-0.135393,0.000627,-309.135948,-1.568695,-0.006946,0.007457
0.315000,0.001350,0.037754,0.007151,-0.231771,-0.000627,-328.466124,-2.082423,-0.005801,0.007778
0.320000,0.001511,0.026299,0.005769,-0.313638,-0.001841,-326.777313,-2.465734,-0.004259,0.007610
0.325000,0.001610,0.013084,0.004025,-0.375839,-0.002939,-304.160551,-2.694404,-0.002416,0.006964
0.330000,0.001640,-0.001062,0.002028,-0.414453,-0.003853,-262.027189,-2.753946,-0.000388,0.005881
0.335000,0.001600,-0.015251,-0.000097,-0.427044,-0.004524,-203.019639,-2.640522,0.001697,0.004427
0.340000,0.001490,-0.028592,-0.002216,-0.412810,-0.004911,-130.844604,-2.361182,0.003707,0.002695
0.345000,0.001318,-0.040245,-0.004197,-0.372637,-0.004990,-50.039325,-1.933419,0.005515,0.000793
0.350000,0.001093,-0.049479,-0.005914,-0.309044,-0.004755,34.314417,-1.384067,0.007007,-0.001159
0.355000,0.000830,-0.055713,-0.007260,-0.226022,-0.004222,116.910512,-0.747616,0.008090,-0.003038
0.360000,0.000543,-0.058553,-0.008150,-0.128784,-0.003423,192.552791,-0.064034,0.008693,-0.004727
0.365000,0.000251,-0.057821,-0.008528,-0.023441,-0.002409,256.482289,0.623737,0.008780,-0.006120
0.370000,-0.000028,-0.053562,-0.008371,0.083387,-0.001243,304.676917,1.272492,0.008343,-0.007128
0.375000,-0.000278,-0.046042,-0.007688,0.184984,-0.000000,334.104673,1.841473,0.007410,-0.007688
0.380000,-0.000483,-0.035733,-0.006521,0.274963,0.001243,342.914468,2.294939,0.006038,-0.007765
0.385000,-0.000631,-0.023282,-0.004945,0.347665,0.002409,330.552584,2.604406,0.004314,-0.007354
0.390000,-0.000714,-0.009470,-0.003059,0.398518,0.003423,297.797422,2.750446,0.002345,-0.006482
0.395000,-0.000726,0.004836,-0.000980,0.424319,0.004222,246.710411,2.723901,0.000254,-0.005202
0.400000,-0.000667,0.018738,0.001160,0.423445,0.004755,180.506147,2.526466,-0.001827,-0.003595
0.405000,-0.000542,0.031365,0.003227,0.395946,0.004990,103.349983,2.170574,-0.003769,-0.001763
0.410000,-0.000358,0.041925,0.005091,0.343547,0.004911,20.095802,1.678621,-0.005449,0.000179
0.415000,-0.000129,0.049754,0.006634,0.269539,0.004524,-64.019497,1.081554,-0.006763,0.002110
0.420000,0.000132,0.054364,0.007760,0.178571,0.003853,-143.705578,0.416925,-0.007628,0.003908
0.425000,0.000408,0.055467,0.008398,0.076362,0.002939,-213.951566,-0.273471,-0.007990,0.005459
0.430000,0.000680,0.052996,0.008507,-0.030666,0.001841,-270.341310,-0.946220,-0.007827,0.006667
0.435000,0.000931,0.047107,0.008081,-0.135783,0.000627,-309.331185,-1.559022,-0.007150,0.007454
0.440000,0.001145,0.038175,0.007146,-0.232381,-0.000627,-328.472960,-2.073349,-0.006001,0.007773
0.445000,0.001308,0.026762,0.005761,-0.314386,-0.001841,-326.567714,-2.456870,-0.004453,0.007602
0.450000,0.001410,0.013589,0.004013,-0.376639,-0.002939,-303.741130,-2.685475,-0.002603,0.006952
0.455000,0.001443,-0.000514,0.002012,-0.415226,-0.003853,-261.435445,-2.744801,-0.000569,0.005864
0.460000,0.001405,-0.014658,-0.000117,-0.427715,-0.004524,-202.318570,-2.631125,0.001522,0.004407
0.465000,0.001299,-0.027951,-0.002239,-0.413319,-0.004911,-130.116114,-2.351604,0.003538,0.002672
0.470000,0.001130,-0.039556,-0.004222,-0.372938,-0.004990,-49.376886,-1.923821,0.005352,0.000768
0.475000,0.000909,-0.048741,-0.005940,-0.309107,-0.004755,34.813361,-1.374681,0.006849,-0.001185
0.480000,0.000649,-0.054926,-0.007286,-0.225836,-0.004222,117.151939,-0.738717,0.007935,-0.003064
0.485000,0.000367,-0.057720,-0.008174,-0.128355,-0.003423,192.452836,-0.055921,0.008541,-0.004751
0.490000,0.000079,-0.056946,-0.008550,-0.022791,-0.002409,255.972965,0.630773,0.008629,-0.006141
0.495000,-0.000196,-0.052650,-0.008388,0.084222,-0.001243,303.710514,1.278183,0.008193,-0.007145
0.500000,-0.000441,-0.045101,-0.007701,0.185958,-0.000000,332.656643,1.845600,0.007259,-0.007701
0.505000,-0.000642,-0.034770,-0.006529,0.276023,0.001243,340.984695,2.297344,0.005887,-0.007773
0.510000,-0.000785,-0.022307,-0.004948,0.348753,0.002409,328.165046,2.605006,0.004163,-0.007357
0.515000,-0.000863,-0.008492,-0.003056,0.399576,0.003423,294.998348,2.749234,0.002193,-0.006478
0.520000,-0.000870,0.005808,-0.000972,0.425295,0.004222,243.565115,2.720951,0.000102,-0.005194
0.525000,-0.000806,0.019695,0.001173,0.424290,0.004755,177.094807,2.521924,-0.001979,-0.003583
0.530000,-0.000676,0.032297,0.003244,0.396623,0.004990,99.762669,2.164652,-0.003920,-0.001747
0.535000,-0.000488,0.042825,0.005110,0.344029,0.004911,16.427095,1.671582,-0.005598,0.000199
0.540000,-0.000254,0.050617,0.006656,0.269811,0.004524,-67.675945,1.073696,-0.006910,0.002131
0.545000,0.000011,0.055186,0.007782,0.178633,0.003853,-147.262211,0.408564,-0.007771,0.003930
0.550000,0.000291,0.056245,0.008420,0.076222,0.002939,-217.331510,-0.282016,-0.008129,0.005481
0.555000,0.000567,0.053728,0.008528,-0.030985,0.001841,-273.482131,-0.954648,-0.007962,0.006687
0.560000,0.000821,0.047795,0.008100,-0.136251,0.000627,-312.187626,-1.567064,-0.007279,0.007473
0.565000,0.001039,0.038821,0.007162,-0.232961,-0.000627,-331.018536,-2.080782,-0.006124,0.007789
0.570000,0.001205,0.027370,0.005774,-0.315036,-0.001841,-328.795120,-2.463520,-0.004569,0.007615
0.575000,0.001309,0.014162,0.004023,-0.377316,-0.002939,-305.661494,-2.691234,-0.002713,0.006962
0.580000,0.001345,0.000030,0.002018,-0.415886,-0.003853,-263.076519,-2.749620,-0.000673,0.005871
0.585000,0.001310,-0.014139,-0.000114,-0.428320,-0.004524,-203.722024,-2.635018,0.001424,0.004410
0.590000,0.001206,-0.027452,-0.002239,-0.413834,-0.004911,-131.334128,-2.354639,0.003445,0.002673
0.595000,0.001040,-0.039071,-0.004224,-0.373338,-0.004990,-50.468289,-1.926114,0.005264,0.000766
0.600000,0.000821,-0.048267,-0.005943,-0.309374,-0.004755,33.787165,-1.376385,0.006765,-0.001188
0.605000,0.000564,-0.054460,-0.007290,-0.225960,-0.004222,116.130983,-0.740011,0.007854,-0.003068
0.610000,0.000284,-0.057259,-0.008179,-0.128338,-0.003423,191.382317,-0.056994,0.008463,-0.004756
0.615000,-0.000001,-0.056489,-0.008554,-0.022643,-0.002409,254.806463,0.629731,0.008553,-0.006145
0.620000,-0.000274,-0.052197,-0.008392,0.084485,-0.001243,302.412530,1.276996,0.008118,-0.007148
0.625000,-0.000517,-0.044653,-0.007702,0.186313,-0.000000,331.204341,1.844117,0.007185,-0.007702
0.630000,-0.000715,-0.034329,-0.006529,0.276440,0.001243,339.368773,2.295446,0.005813,-0.007772
0.635000,-0.000857,-0.021875,-0.004945,0.349203,0.002409,326.389716,2.602611,0.004089,-0.007354
0.640000,-0.000932,-0.008071,-0.003051,0.400026,0.003423,293.080482,2.746305,0.002119,-0.006474
0.645000,-0.000937,0.006213,-0.000965,0.425715,0.004222,241.532628,2.717492,0.000028,-0.005187
0.650000,-0.000872,0.020083,0.001182,0.424654,0.004755,174.984431,2.517980,-0.002053,-0.003574
0.655000,-0.000740,0.032665,0.003254,0.396907,0.004990,97.617259,2.160305,-0.003994,-0.001736
0.660000,-0.000550,0.043170,0.005122,0.344218,0.004911,14.292675,1.666943,-0.005672,0.000210
0.665000,-0.000314,0.050939,0.006668,0.269895,0.004524,-69.753219,1.068896,-0.006982,0.002144
0.670000,-0.000047,0.055482,0.007795,0.178607,0.003853,-149.238973,0.403748,-0.007842,0.003942
0.675000,0.000234,0.056515,0.008432,0.076092,0.002939,-219.169817,-0.286702,-0.008199,0.005493
0.680000,0.000511,0.053974,0.008539,-0.031210,0.001841,-275.151656,-0.959064,-0.008029,0.006699
0.685000,0.000767,0.048019,0.008110,-0.136556,0.000627,-313.667295,-1.571086,-0.007343,0.007483
0.690000,0.000985,0.039023,0.007170,-0.233325,-0.000627,-332.297529,-2.084307,-0.006185,0.007797
0.695000,0.001152,0.027553,0.005780,-0.315436,-0.001841,-329.873203,-2.466476,-0.004628,0.007621
0.700000,0.001258,0.014330,0.004027,-0.377729,-0.002939,-306.548683,-2.693578,-0.002769,0.006966
0.705000,0.001294,0.000186,0.002020,-0.416287,-0.003853,-263.792131,-2.751344,-0.000726,0.005873
0.710000,0.001260,-0.013991,-0.000114,-0.428687,-0.004524,-204.293190,-2.636146,0.001374,0.004411
0.715000,0.001157,-0.027310,-0.002240,-0.414148,-0.004911,-131.793882,-2.355225,0.003397,0.002671
0.720000,0.000991,-0.038932,-0.004227,-0.373583,-0.004990,-50.853371,-1.926238,0.005218,0.000764
0.725000,0.000773,-0.048128,-0.005947,-0.309539,-0.004755,33.438647,-1.376146,0.006721,-0.001192
0.730000,0.000516,-0.054318,-0.007295,-0.226041,-0.004222,115.781888,-0.739522,0.007811,-0.003073
0.735000,0.000237,-0.057115,-0.008184,-0.128334,-0.003423,190.998654,-0.056374,0.008421,-0.004761
0.740000,-0.000047,-0.056341,-0.008559,-0.022558,-0.002409,254.359295,0.630364,0.008511,-0.006150
0.745000,-0.000319,-0.052046,-0.008396,0.084641,-0.001243,301.879500,1.277535,0.008076,-0.007152
0.750000,-0.000562,-0.044498,-0.007705,0.186525,-0.000000,330.570724,1.844466,0.007144,-0.007705
0.755000,-0.000759,-0.034172,-0.006531,0.276693,0.001243,338.628029,2.295530,0.005772,-0.007774
0.760000,-0.000900,-0.021716,-0.004946,0.349477,0.002409,325.543513,2.602379,0.004046,-0.007355
0.765000,-0.000974,-0.007914,-0.003050,0.400304,0.003423,292.138215,2.745730,0.002076,-0.006473
0.770000,-0.000978,0.006368,-0.000963,0.425978,0.004222,240.510488,2.716574,-0.000016,-0.005185
0.775000,-0.000912,0.020232,0.001185,0.424885,0.004755,173.904079,2.516743,-0.002097,-0.003570
0.780000,-0.000779,0.032808,0.003258,0.397093,0.004990,96.504230,2.158793,-0.004038,-0.001732
0.785000,-0.000589,0.043305,0.005127,0.344348,0.004911,13.174596,1.665220,-0.005716,0.000216
0.790000,-0.000352,0.051065,0.006674,0.269962,0.004524,-70.848467,1.067040,-0.007026,0.002150
0.795000,-0.000085,0.055598,0.007801,0.178610,0.003853,-150.285039,0.401843,-0.007886,0.003948
0.800000,0.000196,0.056621,0.008438,0.076031,0.002939,-220.143496,-0.288570,-0.008242,0.005499
0.805000,0.000474,0.054070,0.008545,-0.031329,0.001841,-276.034255,-0.960812,-0.008071,0.006704
0.810000,0.000730,0.048105,0.008114,-0.136724,0.000627,-314.445660,-1.572639,-0.007384,0.007488
0.815000,0.000949,0.039101,0.007174,-0.233530,-0.000627,-332.964695,-2.085604,-0.006225,0.007801
0.820000,0.001117,0.027624,0.005783,-0.315665,-0.001841,-330.428631,-2.467474,-0.004666,0.007624
0.825000,0.001223,0.014396,0.004028,-0.377966,-0.002939,-306.998094,-2.694250,-0.002806,0.006967
0.830000,0.001260,0.000248,0.002021,-0.416519,-0.003853,-264.146954,-2.751685,-0.000761,0.005873
0.835000,0.001226,-0.013931,-0.000114,-0.428899,-0.004524,-204.569672,-2.636169,0.001340,0.004410
0.840000,0.001123,-0.027249,-0.002242,-0.414329,-0.004911,-132.011942,-2.354962,0.003365,0.002669
0.845000,0.000957,-0.038870,-0.004229,-0.373722,-0.004990,-51.035252,-1.925736,0.005187,0.000761
0.850000,0.000740,-0.048063,-0.005951,-0.309631,-0.004755,33.269810,-1.375465,0.006690,-0.001195
0.855000,0.000483,-0.054250,-0.007298,-0.226080,-0.004222,115.603512,-0.738729,0.007782,-0.003077
0.860000,0.000204,-0.057042,-0.008187,-0.128321,-0.003423,190.790065,-0.055540,0.008392,-0.004765
0.865000,-0.000080,-0.056264,-0.008562,-0.022496,-0.002409,254.102921,0.631168,0.008482,-0.006153
0.870000,-0.000351,-0.051963,-0.008399,0.084746,-0.001243,301.561827,1.278244,0.008047,-0.007155
0.875000,-0.000593,-0.044412,-0.007708,0.186665,-0.000000,330.182975,1.845025,0.007115,-0.007708
0.880000,-0.000790,-0.034083,-0.006533,0.276858,0.001243,338.166520,2.295893,0.005742,-0.007776
0.885000,-0.000930,-0.021625,-0.004947,0.349656,0.002409,325.009687,2.602518,0.004016,-0.007356
0.890000,-0.001005,-0.007822,-0.003050,0.400485,0.003423,291.538359,2.745629,0.002046,-0.006473
0.895000,-0.001008,0.006459,-0.000962,0.426150,0.004222,239.855153,2.716235,-0.000047,-0.005184
0.900000,-0.000942,0.020322,0.001187,0.425038,0.004755,173.207272,2.516182,-0.002128,-0.003568
0.905000,-0.000808,0.032895,0.003261,0.397217,0.004990,95.782408,2.158041,-0.004069,-0.001729
0.910000,-0.000617,0.043388,0.005130,0.344436,0.004911,12.445553,1.664318,-0.005748,0.000219
0.915000,-0.000381,0.051142,0.006677,0.270011,0.004524,-71.566761,1.066037,-0.007058,0.002153
0.920000,-0.000113,0.055670,0.007804,0.178617,0.003853,-150.975567,0.400793,-0.007917,0.003952
0.925000,0.000169,0.056688,0.008441,0.075998,0.002939,-220.791223,-0.289610,-0.008273,0.005502
0.930000,0.000447,0.054131,0.008548,-0.031399,0.001841,-276.626999,-0.961790,-0.008101,0.006707
0.935000,0.000703,0.048161,0.008117,-0.136825,0.000627,-314.974757,-1.573507,-0.007414,0.007490
0.940000,0.000923,0.039152,0.007176,-0.233655,-0.000627,-333.425421,-2.086324,-0.006254,0.007803
0.945000,0.001090,0.027672,0.005784,-0.315806,-0.001841,-330.820367,-2.468015,-0.004694,0.007625
0.950000,0.001196,0.014440,0.004029,-0.378114,-0.002939,-307.324226,-2.694596,-0.002833,0.006968
0.955000,0.001234,0.000290,0.002021,-0.416663,-0.003853,-264.414534,-2.751831,-0.000787,0.005873
0.960000,0.001200,-0.013889,-0.000115,-0.429032,-0.004524,-204.788862,-2.636123,0.001315,0.004409
0.965000,0.001097,-0.027207,-0.002244,-0.414442,-0.004911,-132.195280,-2.354743,0.003341,0.002668
0.970000,0.000932,-0.038827,-0.004231,-0.373810,-0.004990,-51.196801,-1.925374,0.005163,0.000759
0.975000,0.000714,-0.048018,-0.005953,-0.309688,-0.004755,33.115381,-1.374997,0.006667,-0.001198
0.980000,0.000458,-0.054202,-0.007301,-0.226105,-0.004222,115.441856,-0.738197,0.007759,-0.003079
0.985000,0.000180,-0.056991,-0.008190,-0.128313,-0.003423,190.608029,-0.054988,0.008369,-0.004767
0.990000,-0.000104,-0.056210,-0.008564,-0.022456,-0.002409,253.889317,0.631696,0.008460,-0.006156
0.995000,-0.000375,-0.051907,-0.008401,0.084814,-0.001243,301.308057,1.278706,0.008025,-0.007157
1.000000,-0.000617,-0.044353,-0.007709,0.186756,-0.000000,329.883474,1.845386,0.007092,-0.007709
1.005000,-0.000814,-0.034022,-0.006534,0.276965,0.001243,337.818992,2.296126,0.005720,-0.007777
1.010000,-0.000954,-0.021563,-0.004947,0.349772,0.002409,324.615138,2.602603,0.003994,-0.007356
1.015000,-0.001027,-0.007759,-0.003050,0.400603,0.003423,291.100918,2.745558,0.002023,-0.006473
1.020000,-0.001031,0.006522,-0.000961,0.426262,0.004222,239.381710,2.716009,-0.000070,-0.005183
1.025000,-0.000964,0.020383,0.001188,0.425137,0.004755,172.706955,2.515812,-0.002152,-0.003567
1.030000,-0.000830,0.032954,0.003263,0.397298,0.004990,95.265939,2.157548,-0.004093,-0.001728
1.035000,-0.000639,0.043445,0.005132,0.344494,0.004911,11.924527,1.663727,-0.005771,0.000221
1.040000,-0.000402,0.051196,0.006679,0.270043,0.004524,-72.080627,1.065381,-0.007081,0.002155
1.045000,-0.000134,0.055720,0.007807,0.178623,0.003853,-151.471166,0.400108,-0.007941,0.003954
1.050000,0.000148,0.056734,0.008444,0.075977,0.002939,-221.258731,-0.290290,-0.008296,0.005505
1.055000,0.000426,0.054174,0.008550,-0.031444,0.001841,-277.058446,-0.962428,-0.008124,0.006709
1.060000,0.000683,0.048200,0.008119,-0.136890,0.000627,-315.364460,-1.574074,-0.007436,0.007492
1.065000,0.000902,0.039188,0.007178,-0.233737,-0.000627,-333.770266,-2.086793,-0.006275,0.007804
1.070000,0.001070,0.027705,0.005786,-0.315898,-0.001841,-331.119916,-2.468368,-0.004715,0.007626
1.075000,0.001176,0.014472,0.004030,-0.378210,-0.002939,-307.580667,-2.694822,-0.002853,0.006969
1.080000,0.001214,0.000321,0.002021,-0.416758,-0.003853,-264.632454,-2.751927,-0.000807,0.005873
1.085000,0.001180,-0.013860,-0.000115,-0.429119,-0.004524,-204.974890,-2.636094,0.001296,0.004409
1.090000,0.001078,-0.027178,-0.002244,-0.414517,-0.004911,-132.357610,-2.354602,0.003322,0.002667
1.095000,0.000913,-0.038796,-0.004232,-0.373868,-0.004990,-51.344638,-1.925140,0.005145,0.000758
1.100000,0.000695,-0.047986,-0.005954,-0.309726,-0.004755,32.972428,-1.374693,0.006650,-0.001199
1.105000,0.000439,-0.054169,-0.007302,-0.226121,-0.004222,115.294373,-0.737851,0.007742,-0.003081
1.110000,0.000161,-0.056956,-0.008191,-0.128308,-0.003423,190.447380,-0.054630,0.008352,-0.004769
1.115000,-0.000123,-0.056173,-0.008566,-0.022430,-0.002409,253.708148,0.632038,0.008443,-0.006157
1.120000,-0.000394,-0.051868,-0.008402,0.084858,-0.001243,301.100709,1.279005,0.008008,-0.007159
1.125000,-0.000635,-0.044312,-0.007710,0.186815,-0.000000,329.646275,1.845619,0.007075,-0.007710
1.130000,-0.000832,-0.033979,-0.006534,0.277035,0.001243,337.550423,2.296274,0.005702,-0.007778
1.135000,-0.000971,-0.021520,-0.004948,0.349848,0.002409,324.315850,2.602655,0.003976,-0.007356
1.140000,-0.001045,-0.007716,-0.003050,0.400680,0.003423,290.773621,2.745508,0.002005,-0.006473
1.145000,-0.001048,0.006565,-0.000961,0.426335,0.004222,239.030940,2.715858,-0.000088,-0.005182
1.150000,-0.000981,0.020426,0.001189,0.425202,0.004755,172.338725,2.515568,-0.002170,-0.003566
1.155000,-0.000847,0.032995,0.003264,0.397351,0.004990,94.887321,2.157222,-0.004111,-0.001726
1.160000,-0.000656,0.043484,0.005134,0.344532,0.004911,11.543174,1.663338,-0.005789,0.000222
1.165000,-0.000419,0.051233,0.006681,0.270065,0.004524,-72.456974,1.064950,-0.007099,0.002157
1.170000,-0.000150,0.055755,0.007808,0.178627,0.003853,-151.835164,0.399658,-0.007959,0.003956
1.175000,0.000132,0.056767,0.008445,0.075964,0.002939,-221.603882,-0.290735,-0.008313,0.005506
1.180000,0.000410,0.054204,0.008551,-0.031473,0.001841,-277.379472,-0.962846,-0.008141,0.006711
1.185000,0.000667,0.048228,0.008120,-0.136933,0.000627,-315.657598,-1.574444,-0.007453,0.007493
1.190000,0.000887,0.039214,0.007179,-0.233791,-0.000627,-334.033449,-2.087099,-0.006292,0.007805
1.195000,0.001055,0.027729,0.005786,-0.315958,-0.001841,-331.352855,-2.468597,-0.004731,0.007627
1.200000,0.001161,0.014495,0.004030,-0.378274,-0.002939,-307.784811,-2.694967,-0.002869,0.006969
1.205000,0.001199,0.000343,0.002021,-0.416820,-0.003853,-264.810847,-2.751985,-0.000822,0.005873
1.210000,0.001165,-0.013838,-0.000116,-0.429177,-0.004524,-205.131934,-2.636070,0.001281,0.004408
1.215000,0.001063,-0.027156,-0.002245,-0.414566,-0.004911,-132.498752,-2.354503,0.003307,0.002667
1.220000,0.000898,-0.038774,-0.004233,-0.373906,-0.004990,-51.475996,-1.924980,0.005131,0.000757
1.225000,0.000680,-0.047963,-0.005955,-0.309751,-0.004755,32.844459,-1.374487,0.006636,-0.001200
1.230000,0.000424,-0.054144,-0.007303,-0.226133,-0.004222,115.163530,-0.737618,0.007728,-0.003082
1.235000,0.000146,-0.056930,-0.008192,-0.128304,-0.003423,190.307908,-0.054389,0.008338,-0.004770
1.240000,-0.000138,-0.056146,-0.008567,-0.022413,-0.002409,253.555145,0.632268,0.008429,-0.006158
1.245000,-0.000408,-0.051839,-0.008403,0.084887,-0.001243,300.930401,1.279206,0.007995,-0.007160
1.250000,-0.000650,-0.044282,-0.007711,0.186854,-0.000000,329.456210,1.845776,0.007061,-0.007711
1.255000,-0.000846,-0.033949,-0.006535,0.277081,0.001243,337.339582,2.296376,0.005689,-0.007778
1.260000,-0.000985,-0.021489,-0.004948,0.349899,0.002409,324.084663,2.602692,0.003962,-0.007357
1.265000,-0.001059,-0.007685,-0.003050,0.400731,0.003423,290.523894,2.745477,0.001991,-0.006473
1.270000,-0.001062,0.006596,-0.000961,0.426384,0.004222,238.765695,2.715760,-0.000102,-0.005182
1.275000,-0.000995,0.020456,0.001189,0.425245,0.004755,172.061977,2.515407,-0.002184,-0.003566
1.280000,-0.000861,0.033025,0.003264,0.397387,0.004990,94.603792,2.157007,-0.004125,-0.001726
1.285000,-0.000669,0.043512,0.005134,0.344558,0.004911,11.257980,1.663081,-0.005804,0.000223
1.290000,-0.000432,0.051260,0.006682,0.270079,0.004524,-72.738658,1.064665,-0.007113,0.002158
1.295000,-0.000163,0.055781,0.007809,0.178629,0.003853,-152.108426,0.399360,-0.007973,0.003957
1.300000,0.000119,0.056790,0.008446,0.075955,0.002939,-221.864373,-0.291030,-0.008327,0.005507
1.305000,0.000397,0.054226,0.008552,-0.031493,0.001841,-277.623658,-0.963123,-0.008155,0.006712
1.310000,0.000654,0.048248,0.008121,-0.136962,0.000627,-315.882954,-1.574689,-0.007466,0.007494
1.315000,0.000874,0.039233,0.007179,-0.233826,-0.000627,-334.238590,-2.087300,-0.006305,0.007806
1.320000,0.001042,0.027747,0.005787,-0.315999,-0.001841,-331.537585,-2.468747,-0.004744,0.007627
1.325000,0.001149,0.014512,0.004030,-0.378316,-0.002939,-307.950097,-2.695061,-0.002882,0.006969
1.330000,0.001186,0.000360,0.002021,-0.416862,-0.003853,-264.958730,-2.752022,-0.000834,0.005873
1.335000,0.001153,-0.013821,-0.000116,-0.429215,-0.004524,-205.265363,-2.636051,0.001269,0.004408
1.340000,0.001051,-0.027139,-0.002245,-0.414599,-0.004911,-132.621379,-2.354435,0.003296,0.002666
1.345000,0.000886,-0.038757,-0.004234,-0.373932,-0.004990,-51.591927,-1.924870,0.005119,0.000757
1.350000,0.000668,-0.047945,-0.005956,-0.309768,-0.004755,32.730932,-1.374348,0.006624,-0.001201
1.355000,0.000413,-0.054126,-0.007304,-0.226140,-0.004222,115.048199,-0.737460,0.007717,-0.003082
1.360000,0.000134,-0.056911,-0.008193,-0.128302,-0.003423,190.186909,-0.054226,0.008327,-0.004770
1.365000,-0.000149,-0.056125,-0.008567,-0.022402,-0.002409,253.425183,0.632423,0.008418,-0.006159
1.370000,-0.000420,-0.051818,-0.008404,0.084907,-0.001243,300.788938,1.279342,0.007984,-0.007160
1.375000,-0.000661,-0.044260,-0.007712,0.186881,-0.000000,329.301597,1.845882,0.007051,-0.007712
1.380000,-0.000857,-0.033927,-0.006535,0.277113,0.001243,337.171132,2.296444,0.005678,-0.007779
1.385000,-0.000997,-0.021466,-0.004948,0.349933,0.002409,323.902665,2.602717,0.003951,-0.007357
1.390000,-0.001070,-0.007662,-0.003050,0.400766,0.003423,290.329562,2.745456,0.001980,-0.006473
1.395000,-0.001073,0.006619,-0.000960,0.426417,0.004222,238.561063,2.715693,-0.000113,-0.005182
1.400000,-0.001005,0.020479,0.001190,0.425275,0.004755,171.849746,2.515298,-0.002195,-0.003566
1.405000,-0.000872,0.033047,0.003265,0.397411,0.004990,94.387144,2.156862,-0.004136,-0.001725
1.410000,-0.000680,0.043534,0.005135,0.344575,0.004911,11.040360,1.662908,-0.005815,0.000224
1.415000,-0.000442,0.051280,0.006682,0.270089,0.004524,-72.953762,1.064473,-0.007125,0.002158
1.420000,-0.000174,0.055800,0.007810,0.178631,0.003853,-152.317704,0.399159,-0.007984,0.003957
1.425000,0.000108,0.056809,0.008447,0.075949,0.002939,-222.064891,-0.291228,-0.008338,0.005508
1.430000,0.000387,0.054243,0.008553,-0.031506,0.001841,-277.813031,-0.963309,-0.008166,0.006712
1.435000,0.000644,0.048264,0.008121,-0.136982,0.000627,-316.059480,-1.574854,-0.007477,0.007495
1.440000,0.000864,0.039248,0.007180,-0.233851,-0.000627,-334.401333,-2.087436,-0.006316,0.007806
1.445000,0.001032,0.027762,0.005787,-0.316026,-0.001841,-331.686410,-2.468848,-0.004755,0.007628
1.450000,0.001139,0.014526,0.004030,-0.378345,-0.002939,-308.085657,-2.695124,-0.002892,0.006969
1.455000,0.001176,0.000373,0.002021,-0.416891,-0.003853,-265.082399,-2.752047,-0.000844,0.005873
1.460000,0.001143,-0.013808,-0.000116,-0.429242,-0.004524,-205.379134,-2.636039,0.001259,0.004408
1.465000,0.001041,-0.027125,-0.002245,-0.414621,-0.004911,-132.727717,-2.354390,0.003286,0.002666
1.470000,0.000876,-0.038743,-0.004234,-0.373949,-0.004990,-51.693605,-1.924797,0.005110,0.000756
1.475000,0.000659,-0.047931,-0.005956,-0.309779,-0.004755,32.631014,-1.374254,0.006615,-0.001201
1.480000,0.000403,-0.054111,-0.007304,-0.226145,-0.004222,114.947198,-0.737355,0.007707,-0.003083
1.485000,0.000125,-0.056896,-0.008194,-0.128301,-0.003423,190.082212,-0.054117,0.008318,-0.004771
1.490000,-0.000159,-0.056109,-0.008568,-0.022394,-0.002409,253.314563,0.632527,0.008409,-0.006159
1.495000,-0.000429,-0.051802,-0.008404,0.084920,-0.001243,300.670677,1.279433,0.007975,-0.007160
1.500000,-0.000670,-0.044244,-0.007712,0.186898,-0.000000,329.174579,1.845952,0.007042,-0.007712
1.505000,-0.000867,-0.033909,-0.006535,0.277134,0.001243,337.034893,2.296488,0.005669,-0.007779
1.510000,-0.001006,-0.021449,-0.004948,0.349956,0.002409,323.757398,2.602732,0.003942,-0.007357
1.515000,-0.001079,-0.007644,-0.003050,0.400789,0.003423,290.176087,2.745441,0.001971,-0.006473
1.520000,-0.001082,0.006636,-0.000960,0.426439,0.004222,238.400757,2.715647,-0.000122,-0.005182
1.525000,-0.001014,0.020496,0.001190,0.425295,0.004755,171.684437,2.515223,-0.002204,-0.003565
1.530000,-0.000880,0.033064,0.003265,0.397427,0.004990,94.218985,2.156763,-0.004146,-0.001725
1.535000,-0.000688,0.043550,0.005135,0.344587,0.004911,10.871684,1.662789,-0.005824,0.000224
1.540000,-0.000451,0.051296,0.006683,0.270096,0.004524,-73.120594,1.064342,-0.007134,0.002159
1.545000,-0.000182,0.055815,0.007810,0.178632,0.003853,-152.480449,0.399022,-0.007993,0.003958
1.550000,0.000100,0.056823,0.008447,0.075945,0.002939,-222.221561,-0.291364,-0.008347,0.005508
1.555000,0.000379,0.054256,0.008553,-0.031515,0.001841,-277.962012,-0.963436,-0.008175,0.006713
1.560000,0.000636,0.048277,0.008122,-0.136995,0.000627,-316.199617,-1.574967,-0.007486,0.007495
1.565000,0.000856,0.039261,0.007180,-0.233867,-0.000627,-334.531990,-2.087529,-0.006324,0.007807
1.570000,0.001024,0.027773,0.005787,-0.316045,-0.001841,-331.807497,-2.468918,-0.004763,0.007628
1.575000,0.001131,0.014537,0.004031,-0.378364,-0.002939,-308.197617,-2.695168,-0.002900,0.006969
1.580000,0.001168,0.000384,0.002021,-0.416910,-0.003853,-265.186164,-2.752065,-0.000852,0.005873
1.585000,0.001135,-0.013797,-0.000116,-0.429259,-0.004524,-205.476055,-2.636032,0.001251,0.004408
1.590000,0.001033,-0.027114,-0.002246,-0.414637,-0.004911,-132.819466,-2.354360,0.003278,0.002666
1.595000,0.000868,-0.038732,-0.004234,-0.373961,-0.004990,-51.782065,-1.924749,0.005102,0.000756
1.600000,0.000651,-0.047919,-0.005957,-0.309787,-0.004755,32.543876,-1.374192,0.006607,-0.001201
1.605000,0.000395,-0.054099,-0.007305,-0.226148,-0.004222,114.859451,-0.737285,0.007700,-0.003083
1.610000,0.000117,-0.056884,-0.008194,-0.128300,-0.003423,189.992083,-0.054045,0.008311,-0.004771
1.615000,-0.000166,-0.056097,-0.008568,-0.022389,-0.002409,253.220539,0.632596,0.008402,-0.006159
1.620000,-0.000437,-0.051789,-0.008404,0.084929,-0.001243,300.571591,1.279492,0.007967,-0.007161
1.625000,-0.000678,-0.044231,-0.007712,0.186910,0.000000,329.069673,1.845998,0.007034,-0.007712
1.630000,-0.000874,-0.033896,-0.006535,0.277148,0.001243,336.923849,2.296517,0.005661,-0.007779
1.635000,-0.001013,-0.021435,-0.004948,0.349971,0.002409,323.640348,2.602741,0.003935,-0.007357
1.640000,-0.001086,-0.007631,-0.003050,0.400805,0.003423,290.053587,2.745428,0.001964,-0.006473
1.645000,-0.001089,0.006650,-0.000960,0.426454,0.004222,238.273741,2.715614,-0.000129,-0.005182
1.650000,-0.001021,0.020509,0.001190,0.425308,0.004755,171.554147,2.515171,-0.002211,-0.003565
1.655000,-0.000887,0.033077,0.003265,0.397438,0.004990,94.086881,2.156694,-0.004153,-0.001725
1.660000,-0.000696,0.043563,0.005136,0.344595,0.004911,10.739352,1.662707,-0.005831,0.000224
1.665000,-0.000458,0.051308,0.006683,0.270100,0.004524,-73.251549,1.064251,-0.007141,0.002159
1.670000,-0.000189,0.055826,0.007811,0.178633,0.003853,-152.608503,0.398928,-0.008000,0.003958
1.675000,0.000093,0.056834,0.008448,0.075942,0.002939,-222.345365,-0.291457,-0.008354,0.005509
1.680000,0.000372,0.054267,0.008554,-0.031521,0.001841,-278.080467,-0.963524,-0.008182,0.006713
1.685000,0.000629,0.048287,0.008122,-0.137004,0.000627,-316.311939,-1.575045,-0.007493,0.007495
1.690000,0.000849,0.039270,0.007180,-0.233878,-0.000627,-334.637748,-2.087594,-0.006331,0.007807
1.695000,0.001017,0.027783,0.005787,-0.316057,-0.001841,-331.906629,-2.468967,-0.004770,0.007628
1.700000,0.001124,0.014546,0.004031,-0.378377,-0.002939,-308.290424,-2.695200,-0.002907,0.006970
1.705000,0.001162,0.000393,0.002021,-0.416923,-0.003853,-265.273281,-2.752078,-0.000859,0.005873
1.710000,0.001129,-0.013788,-0.000116,-0.429271,-0.004524,-205.558402,-2.636028,0.001245,0.004408
1.715000,0.001026,-0.027106,-0.002246,-0.414647,-0.004911,-132.898182,-2.354341,0.003272,0.002666
1.720000,0.000862,-0.038723,-0.004234,-0.373969,-0.004990,-51.858429,-1.924718,0.005096,0.000756
1.725000,0.000645,-0.047910,-0.005957,-0.309793,-0.004755,32.468522,-1.374152,0.006601,-0.001201
1.730000,0.000389,-0.054090,-0.007305,-0.226151,-0.004222,114.783795,-0.737238,0.007694,-0.003083
1.735000,0.000111,-0.056874,-0.008194,-0.128299,-0.003423,189.914916,-0.053997,0.008305,-0.004771
1.740000,-0.000172,-0.056087,-0.008568,-0.022385,-0.002409,253.140830,0.632641,0.008396,-0.006160
1.745000,-0.000443,-0.051779,-0.008404,0.084935,-0.001243,300.488545,1.279531,0.007961,-0.007161
1.750000,-0.000684,-0.044220,-0.007712,0.186919,-0.000000,328.982773,1.846028,0.007028,-0.007712
1.755000,-0.000880,-0.033886,-0.006536,0.277158,0.001243,336.832879,2.296535,0.005655,-0.007779
1.760000,-0.001019,-0.021425,-0.004948,0.349982,0.002409,323.545396,2.602745,0.003929,-0.007357
1.765000,-0.001092,-0.007620,-0.003050,0.400816,0.003423,289.955031,2.745418,0.001958,-0.006473
1.770000,-0.001095,0.006660,-0.000960,0.426465,0.004222,238.172216,2.715590,-0.000135,-0.005182
1.775000,-0.001027,0.020520,0.001190,0.425317,0.004755,171.450498,2.515133,-0.002217,-0.003565
1.780000,-0.000893,0.033087,0.003266,0.397445,0.004990,93.982104,2.156645,-0.004159,-0.001725
1.785000,-0.000701,0.043573,0.005136,0.344601,0.004911,10.634525,1.662650,-0.005837,0.000224
1.790000,-0.000464,0.051318,0.006683,0.270103,0.004524,-73.355334,1.064187,-0.007147,0.002159
1.795000,-0.000195,0.055836,0.007811,0.178634,0.003853,-152.710208,0.398862,-0.008006,0.003958
1.800000,0.000088,0.056843,0.008448,0.075940,0.002939,-222.444070,-0.291523,-0.008360,0.005509
1.805000,0.000366,0.054276,0.008554,-0.031525,0.001841,-278.175424,-0.963586,-0.008187,0.006713
1.810000,0.000624,0.048296,0.008122,-0.137010,0.000627,-316.402615,-1.575099,-0.007499,0.007496
1.815000,0.000843,0.039278,0.007180,-0.233886,-0.000627,-334.723849,-2.087640,-0.006337,0.007807
1.820000,0.001012,0.027791,0.005787,-0.316066,-0.001841,-331.988114,-2.469002,-0.004775,0.007628
1.825000,0.001118,0.014554,0.004031,-0.378386,-0.002939,-308.367499,-2.695223,-0.002912,0.006970
1.830000,0.001156,0.000401,0.002021,-0.416932,-0.003853,-265.346380,-2.752089,-0.000864,0.005873
1.835000,0.001123,-0.013780,-0.000116,-0.429279,-0.004524,-205.628150,-2.636027,0.001239,0.004408
1.840000,0.001021,-0.027098,-0.002246,-0.414654,-0.004911,-132.965357,-2.354330,0.003267,0.002666
1.845000,0.000856,-0.038716,-0.004234,-0.373974,-0.004990,-51.923906,-1.924698,0.005091,0.000756
1.850000,0.000639,-0.047903,-0.005957,-0.309796,-0.004755,32.403831,-1.374125,0.006596,-0.001202
1.855000,0.000384,-0.054082,-0.007305,-0.226152,-0.004222,114.718992,-0.737208,0.007689,-0.003083
1.860000,0.000106,-0.056866,-0.008194,-0.128298,-0.003423,189.849176,-0.053966,0.008300,-0.004771
1.865000,-0.000178,-0.056079,-0.008569,-0.022383,-0.002409,253.073451,0.632670,0.008391,-0.006160
1.870000,-0.000448,-0.051771,-0.008404,0.084939,-0.001243,300.418984,1.279557,0.007956,-0.007161
1.875000,-0.000689,-0.044212,-0.007712,0.186924,-0.000000,328.910676,1.846047,0.007023,-0.007712
1.880000,-0.000885,-0.033877,-0.006536,0.277164,0.001243,336.758097,2.296546,0.005650,-0.007779
1.885000,-0.001024,-0.021416,-0.004948,0.349989,0.002409,323.467990,2.602747,0.003924,-0.007357
1.890000,-0.001097,-0.007612,-0.003050,0.400823,0.003423,289.875258,2.745410,0.001953,-0.006473
1.895000,-0.001100,0.006669,-0.000960,0.426472,0.004222,238.090509,2.715572,-0.000140,-0.005182
1.900000,-0.001032,0.020528,0.001190,0.425324,0.004755,171.367432,2.515107,-0.002222,-0.003565
1.905000,-0.000898,0.033095,0.003266,0.397451,0.004990,93.898357,2.156611,-0.004164,-0.001724
1.910000,-0.000706,0.043581,0.005136,0.344604,0.004911,10.550833,1.662609,-0.005842,0.000225
1.915000,-0.000468,0.051326,0.006684,0.270105,0.004524,-73.438226,1.064143,-0.007152,0.002159
1.920000,-0.000200,0.055843,0.007811,0.178634,0.003853,-152.791593,0.398815,-0.008011,0.003959
1.925000,0.000083,0.056850,0.008448,0.075939,0.002939,-222.523321,-0.291569,-0.008365,0.005509
1.930000,0.000362,0.054283,0.008554,-0.031528,0.001841,-278.252031,-0.963629,-0.008192,0.006713
1.935000,0.000619,0.048302,0.008122,-0.137014,0.000627,-316.476214,-1.575138,-0.007503,0.007496
1.940000,0.000839,0.039285,0.007180,-0.233891,-0.000627,-334.794241,-2.087672,-0.006342,0.007807
1.945000,0.001007,0.027797,0.005787,-0.316072,-0.001841,-332.055271,-2.469027,-0.004780,0.007628
1.950000,0.001114,0.014560,0.004031,-0.378392,-0.002939,-308.431561,-2.695240,-0.002917,0.006970
1.955000,0.001152,0.000407,0.002021,-0.416938,-0.003853,-265.407644,-2.752098,-0.000869,0.005873
1.960000,0.001119,-0.013774,-0.000116,-0.429285,-0.004524,-205.687045,-2.636028,0.001235,0.004408
1.965000,0.001017,-0.027092,-0.002246,-0.414659,-0.004911,-133.022413,-2.354324,0.003262,0.002666
1.970000,0.000852,-0.038709,-0.004234,-0.373978,-0.004990,-51.979721,-1.924685,0.005086,0.000756
1.975000,0.000635,-0.047896,-0.005957,-0.309799,-0.004755,32.348633,-1.374109,0.006592,-0.001202
1.980000,0.000379,-0.054076,-0.007305,-0.226153,-0.004222,114.663797,-0.737189,0.007685,-0.003083
1.985000,0.000101,-0.056860,-0.008194,-0.128298,-0.003423,189.793423,-0.053946,0.008296,-0.004772
1.990000,-0.000182,-0.056073,-0.008569,-0.022381,-0.002409,253.016657,0.632689,0.008387,-0.006160
1.995000,-0.000452,-0.051764,-0.008405,0.084942,-0.001243,300.360778,1.279573,0.007952,-0.007161
2.000000,-0.000693,-0.044205,-0.007712,0.186928,-0.000000,328.850816,1.846058,0.007019,-0.007712
2.005000,-0.000889,-0.033870,-0.006536,0.277169,0.001243,336.696483,2.296552,0.005646,-0.007779
2.010000,-0.001028,-0.021409,-0.004948,0.349994,0.002409,323.404660,2.602746,0.003920,-0.007357
2.015000,-0.001101,-0.007605,-0.003050,0.400828,0.003423,289.810388,2.745403,0.001949,-0.006473
2.020000,-0.001104,0.006676,-0.000960,0.426476,0.004222,238.024393,2.715558,-0.000144,-0.005182
2.025000,-0.001036,0.020535,0.001190,0.425328,0.004755,171.300464,2.515087,-0.002226,-0.003565
2.030000,-0.000902,0.033102,0.003266,0.397454,0.004990,93.831000,2.156586,-0.004168,-0.001724
2.035000,-0.000710,0.043587,0.005136,0.344607,0.004911,10.483587,1.662580,-0.005846,0.000225
2.040000,-0.000472,0.051332,0.006684,0.270107,0.004524,-73.504851,1.064111,-0.007156,0.002159
2.045000,-0.000204,0.055850,0.007811,0.178635,0.003853,-152.857114,0.398782,-0.008015,0.003959
2.050000,0.000079,0.056856,0.008448,0.075938,0.002939,-222.587311,-0.291601,-0.008369,0.005509
2.055000,0.000358,0.054289,0.008554,-0.031530,0.001841,-278.314143,-0.963660,-0.008196,0.006713
2.060000,0.000615,0.048308,0.008122,-0.137017,0.000627,-316.536199,-1.575166,-0.007507,0.007496
2.065000,0.000835,0.039290,0.007181,-0.233894,-0.000627,-334.851963,-2.087695,-0.006345,0.007807
2.070000,0.001004,0.027802,0.005787,-0.316076,-0.001841,-332.110711,-2.469045,-0.004784,0.007628
2.075000,0.001110,0.014566,0.004031,-0.378397,-0.002939,-308.484817,-2.695253,-0.002920,0.006970
2.080000,0.001148,0.000412,0.002021,-0.416942,-0.003853,-265.458918,-2.752105,-0.000873,0.005873
2.085000,0.001115,-0.013769,-0.000116,-0.429289,-0.004524,-205.736631,-2.636030,0.001231,0.004408
2.090000,0.001013,-0.027087,-0.002246,-0.414662,-0.004911,-133.070674,-2.354321,0.003259,0.002666
2.095000,0.000848,-0.038704,-0.004234,-0.373980,-0.004990,-52.027065,-1.924678,0.005083,0.000756
2.100000,0.000631,-0.047891,-0.005957,-0.309800,-0.004755,32.301777,-1.374099,0.006588,-0.001202
2.105000,0.000376,-0.054071,-0.007305,-0.226154,-0.004222,114.617012,-0.737177,0.007681,-0.003084
2.110000,0.000098,-0.056854,-0.008194,-0.128298,-0.003423,189.746322,-0.053934,0.008292,-0.004772
2.115000,-0.000185,-0.056067,-0.008569,-0.022380,-0.002409,252.968911,0.632701,0.008383,-0.006160
2.120000,-0.000456,-0.051759,-0.008405,0.084944,-0.001243,300.312134,1.279582,0.007949,-0.007161
2.125000,-0.000697,-0.044200,-0.007712,0.186931,0.000000,328.801107,1.846065,0.007016,-0.007712
2.130000,-0.000893,-0.033865,-0.006536,0.277172,0.001243,336.645638,2.296555,0.005643,-0.007779
2.135000,-0.001032,-0.021404,-0.004948,0.349998,0.002409,323.352708,2.602745,0.003917,-0.007357
2.140000,-0.001105,-0.007599,-0.003050,0.400832,0.003423,289.757447,2.745397,0.001945,-0.006473
2.145000,-0.001107,0.006681,-0.000960,0.426480,0.004222,237.970665,2.715548,-0.000147,-0.005182
2.150000,-0.001039,0.020540,0.001190,0.425331,0.004755,171.246216,2.515073,-0.002230,-0.003565
2.155000,-0.000905,0.033107,0.003266,0.397457,0.004990,93.776548,2.156568,-0.004171,-0.001724
2.160000,-0.000713,0.043592,0.005136,0.344609,0.004911,10.429275,1.662559,-0.005849,0.000225
2.165000,-0.000475,0.051337,0.006684,0.270108,0.004524,-73.558677,1.064088,-0.007159,0.002160
2.170000,-0.000207,0.055855,0.007811,0.178635,0.003853,-152.910125,0.398759,-0.008018,0.003959
2.175000,0.000076,0.056861,0.008448,0.075938,0.002939,-222.639215,-0.291625,-0.008372,0.005509
2.180000,0.000355,0.054293,0.008554,-0.031531,0.001841,-278.364702,-0.963682,-0.008199,0.006713
2.185000,0.000612,0.048313,0.008122,-0.137019,0.000627,-316.585243,-1.575186,-0.007510,0.007496
2.190000,0.000832,0.039295,0.007181,-0.233897,-0.000627,-334.899400,-2.087712,-0.006349,0.007807
2.195000,0.001001,0.027807,0.005788,-0.316078,-0.001841,-332.156530,-2.469058,-0.004787,0.007628
2.200000,0.001107,0.014570,0.004031,-0.378400,-0.002939,-308.529083,-2.695262,-0.002924,0.006970
2.205000,0.001145,0.000416,0.002021,-0.416945,-0.003853,-265.501771,-2.752111,-0.000876,0.005873
2.210000,0.001112,-0.013765,-0.000116,-0.429291,-0.004524,-205.778272,-2.636032,0.001228,0.004408
2.215000,0.001010,-0.027083,-0.002246,-0.414664,-0.004911,-133.111352,-2.354319,0.003256,0.002666
2.220000,0.000845,-0.038700,-0.004234,-0.373982,-0.004990,-52.067059,-1.924674,0.005080,0.000756
2.225000,0.000629,-0.047887,-0.005957,-0.309801,-0.004755,32.262175,-1.374093,0.006586,-0.001202
2.230000,0.000373,-0.054066,-0.007305,-0.226155,-0.004222,114.577513,-0.737170,0.007678,-0.003084
2.235000,0.000095,-0.056850,-0.008194,-0.128298,-0.003423,189.706663,-0.053926,0.008289,-0.004772
2.240000,-0.000188,-0.056063,-0.008569,-0.022379,-0.002409,252.928867,0.632708,0.008381,-0.006160
2.245000,-0.000459,-0.051754,-0.008405,0.084945,-0.001243,300.271530,1.279588,0.007946,-0.007161
2.250000,-0.000699,-0.044195,-0.007712,0.186933,-0.000000,328.759830,1.846069,0.007013,-0.007712
2.255000,-0.000895,-0.033860,-0.006536,0.277174,0.001243,336.603639,2.296556,0.005640,-0.007779
2.260000,-0.001034,-0.021399,-0.004948,0.350000,0.002409,323.310004,2.602743,0.003914,-0.007357
2.265000,-0.001107,-0.007595,-0.003050,0.400834,0.003423,289.714121,2.745393,0.001943,-0.006473
2.270000,-0.001110,0.006686,-0.000960,0.426482,0.004222,237.926853,2.715540,-0.000150,-0.005182
2.275000,-0.001042,0.020545,0.001190,0.425333,0.004755,171.202102,2.515062,-0.002233,-0.003565
2.280000,-0.000908,0.033112,0.003266,0.397458,0.004990,93.732347,2.156554,-0.004174,-0.001724
2.285000,-0.000716,0.043597,0.005136,0.344610,0.004911,10.385221,1.662544,-0.005852,0.000225
2.290000,-0.000478,0.051341,0.006684,0.270108,0.004524,-73.602348,1.064072,-0.007162,0.002160
2.295000,-0.000209,0.055859,0.007811,0.178635,0.003853,-152.953187,0.398742,-0.008021,0.003959
2.300000,0.000073,0.056865,0.008448,0.075937,0.002939,-222.681468,-0.291641,-0.008375,0.005509
2.305000,0.000352,0.054297,0.008554,-0.031532,0.001841,-278.405984,-0.963698,-0.008202,0.006713
2.310000,0.000610,0.048317,0.008123,-0.137020,0.000627,-316.625440,-1.575200,-0.007513,0.007496
2.315000,0.000830,0.039299,0.007181,-0.233898,-0.000627,-334.938448,-2.087725,-0.006351,0.007807
2.320000,0.000998,0.027810,0.005788,-0.316080,-0.001841,-332.194421,-2.469069,-0.004789,0.007628
2.325000,0.001105,0.014574,0.004031,-0.378401,-0.002939,-308.565864,-2.695270,-0.002926,0.006970
2.330000,0.001143,0.000420,0.002021,-0.416946,-0.003853,-265.537537,-2.752116,-0.000878,0.005873
2.335000,0.001110,-0.013761,-0.000116,-0.429293,-0.004524,-205.813160,-2.636034,0.001226,0.004408
2.340000,0.001008,-0.027079,-0.002246,-0.414666,-0.004911,-133.145533,-2.354319,0.003254,0.002666
2.345000,0.000843,-0.038696,-0.004235,-0.373983,-0.004990,-52.100725,-1.924672,0.005077,0.000756
2.350000,0.000626,-0.047883,-0.005957,-0.309802,-0.004755,32.228823,-1.374089,0.006583,-0.001202
2.355000,0.000371,-0.054063,-0.007305,-0.226155,-0.004222,114.544280,-0.737166,0.007676,-0.003084
2.360000,0.000093,-0.056846,-0.008194,-0.128298,-0.003423,189.673366,-0.053922,0.008287,-0.004772
2.365000,-0.000191,-0.056059,-0.008569,-0.022379,-0.002409,252.895352,0.632712,0.008378,-0.006160
2.370000,-0.000461,-0.051751,-0.008405,0.084946,-0.001243,300.237678,1.279591,0.007944,-0.007161
2.375000,-0.000702,-0.044191,-0.007712,0.186934,-0.000000,328.725562,1.846071,0.007011,-0.007712
2.380000,-0.000898,-0.033857,-0.006536,0.277176,0.001243,336.568923,2.296556,0.005638,-0.007779
2.385000,-0.001037,-0.021396,-0.004948,0.350001,0.002409,323.274851,2.602741,0.003912,-0.007357
2.390000,-0.001110,-0.007591,-0.003050,0.400836,0.003423,289.678586,2.745388,0.001940,-0.006473
2.395000,-0.001112,0.006689,-0.000960,0.426484,0.004222,237.891031,2.715534,-0.000152,-0.005182
2.400000,-0.001044,0.020548,0.001190,0.425334,0.004755,171.166116,2.515054,-0.002235,-0.003565
2.405000,-0.000910,0.033115,0.003266,0.397459,0.004990,93.696345,2.156545,-0.004176,-0.001724
2.410000,-0.000718,0.043600,0.005136,0.344611,0.004911,10.349362,1.662533,-0.005854,0.000225
2.415000,-0.000480,0.051345,0.006684,0.270109,0.004524,-73.637901,1.064060,-0.007164,0.002160
2.420000,-0.000211,0.055862,0.007811,0.178635,0.003853,-152.988281,0.398729,-0.008023,0.003959
2.425000,0.000071,0.056868,0.008448,0.075937,0.002939,-222.715966,-0.291654,-0.008377,0.005509
2.430000,0.000350,0.054300,0.008554,-0.031533,0.001841,-278.439777,-0.963710,-0.008204,0.006713
2.435000,0.000607,0.048320,0.008123,-0.137021,0.000627,-316.658448,-1.575211,-0.007515,0.007496
2.440000,0.000827,0.039302,0.007181,-0.233899,-0.000627,-334.970630,-2.087734,-0.006353,0.007807
2.445000,0.000996,0.027814,0.005788,-0.316081,-0.001841,-332.225770,-2.469076,-0.004792,0.007628
2.450000,0.001103,0.014577,0.004031,-0.378403,-0.002939,-308.596412,-2.695276,-0.002928,0.006970
2.455000,0.001141,0.000423,0.002021,-0.416948,-0.003853,-265.567350,-2.752120,-0.000880,0.005873
2.460000,0.001108,-0.013758,-0.000116,-0.429294,-0.004524,-205.842334,-2.636036,0.001224,0.004408
2.465000,0.001006,-0.027076,-0.002246,-0.414667,-0.004911,-133.174183,-2.354320,0.003251,0.002665
2.470000,0.000841,-0.038693,-0.004235,-0.373984,-0.004990,-52.128983,-1.924672,0.005075,0.000756
2.475000,0.000624,-0.047880,-0.005957,-0.309803,-0.004755,32.200820,-1.374088,0.006581,-0.001202
2.480000,0.000369,-0.054060,-0.007305,-0.226155,-0.004222,114.516396,-0.737164,0.007674,-0.003084
2.485000,0.000091,-0.056843,-0.008194,-0.128298,-0.003423,189.645477,-0.053919,0.008285,-0.004772
2.490000,-0.000193,-0.056056,-0.008569,-0.022378,-0.002409,252.867353,0.632714,0.008376,-0.006160
2.495000,-0.000463,-0.051748,-0.008405,0.084947,-0.001243,300.209486,1.279593,0.007942,-0.007161
2.500000,-0.000704,-0.044188,-0.007712,0.186935,-0.000000,328.697123,1.846071,0.007009,-0.007712
2.505000,-0.000900,-0.033854,-0.006536,0.277177,0.001243,336.540214,2.296555,0.005636,-0.007779
2.510000,-0.001039,-0.021393,-0.004948,0.350003,0.002409,323.245881,2.602739,0.003910,-0.007357
2.515000,-0.001112,-0.007588,-0.003050,0.400837,0.003423,289.649392,2.745385,0.001938,-0.006473
2.520000,-0.001114,0.006692,-0.000960,0.426485,0.004222,237.861675,2.715529,-0.000154,-0.005182
2.525000,-0.001046,0.020551,0.001190,0.425335,0.004755,171.136685,2.515047,-0.002237,-0.003565
2.530000,-0.000912,0.033118,0.003266,0.397460,0.004990,93.666939,2.156537,-0.004178,-0.001724
2.535000,-0.000720,0.043603,0.005136,0.344611,0.004911,10.320090,1.662525,-0.005856,0.000225
2.540000,-0.000482,0.051348,0.006684,0.270109,0.004524,-73.666928,1.064051,-0.007166,0.002160
2.545000,-0.000213,0.055865,0.007811,0.178635,0.003853,-153.016958,0.398720,-0.008025,0.003959
2.550000,0.000069,0.056871,0.008448,0.075937,0.002939,-222.744202,-0.291663,-0.008379,0.005509
2.555000,0.000348,0.054303,0.008554,-0.031533,0.001841,-278.467495,-0.963718,-0.008206,0.006714
2.560000,0.000606,0.048322,0.008123,-0.137021,0.000627,-316.685595,-1.575219,-0.007517,0.007496
2.565000,0.000826,0.039304,0.007181,-0.233900,-0.000627,-334.997176,-2.087741,-0.006355,0.007807
2.570000,0.000994,0.027816,0.005788,-0.316082,-0.001841,-332.251713,-2.469082,-0.004793,0.007628
2.575000,0.001101,0.014579,0.004031,-0.378404,-0.002939,-308.621773,-2.695280,-0.002930,0.006970
2.580000,0.001139,0.000425,0.002021,-0.416949,-0.003853,-265.592174,-2.752123,-0.000882,0.005873
2.585000,0.001106,-0.013756,-0.000116,-0.429295,-0.004524,-205.866687,-2.636039,0.001222,0.004408
2.590000,0.001004,-0.027074,-0.002246,-0.414668,-0.004911,-133.198145,-2.354321,0.003250,0.002665
2.595000,0.000839,-0.038691,-0.004235,-0.373985,-0.004990,-52.152644,-1.924672,0.005074,0.000756
2.600000,0.000622,-0.047878,-0.005957,-0.309803,-0.004755,32.177365,-1.374087,0.006579,-0.001202
2.605000,0.000367,-0.054057,-0.007305,-0.226155,-0.004222,114.493055,-0.737163,0.007672,-0.003084
2.610000,0.000089,-0.056841,-0.008194,-0.128298,-0.003423,189.622166,-0.053918,0.008283,-0.004772
2.615000,-0.000194,-0.056054,-0.008569,-0.022378,-0.002409,252.843997,0.632715,0.008375,-0.006160
2.620000,-0.000465,-0.051745,-0.008405,0.084947,-0.001243,300.186029,1.279593,0.007940,-0.007161
2.625000,-0.000705,-0.044186,-0.007713,0.186935,0.000000,328.673530,1.846071,0.007007,-0.007713
2.630000,-0.000901,-0.033851,-0.006536,0.277177,0.001243,336.516467,2.296554,0.005634,-0.007779
2.635000,-0.001040,-0.021390,-0.004948,0.350003,0.002409,323.221985,2.602737,0.003908,-0.007357
2.640000,-0.001113,-0.007586,-0.003050,0.400837,0.003423,289.625373,2.745382,0.001937,-0.006473
2.645000,-0.001116,0.006695,-0.000960,0.426485,0.004222,237.837577,2.715525,-0.000156,-0.005182
2.650000,-0.001048,0.020554,0.001190,0.425336,0.004755,171.112565,2.515043,-0.002238,-0.003565
2.655000,-0.000914,0.033120,0.003266,0.397461,0.004990,93.642866,2.156532,-0.004179,-0.001724
2.660000,-0.000721,0.043605,0.005136,0.344612,0.004911,10.296139,1.662519,-0.005858,0.000225
2.665000,-0.000484,0.051350,0.006684,0.270109,0.004524,-73.690683,1.064045,-0.007167,0.002160
2.670000,-0.000215,0.055867,0.007811,0.178635,0.003853,-153.040444,0.398714,-0.008026,0.003959
2.675000,0.000068,0.056873,0.008448,0.075937,0.002939,-222.767356,-0.291669,-0.008380,0.005509
2.680000,0.000347,0.054305,0.008554,-0.031533,0.001841,-278.490266,-0.963724,-0.008207,0.006714
2.685000,0.000604,0.048325,0.008123,-0.137022,0.000627,-316.707946,-1.575224,-0.007518,0.007496
2.690000,0.000824,0.039307,0.007181,-0.233901,-0.000627,-335.019088,-2.087746,-0.006356,0.007807
2.695000,0.000993,0.027818,0.005788,-0.316083,-0.001841,-332.273184,-2.469086,-0.004795,0.007628
2.700000,0.001100,0.014581,0.004031,-0.378404,-0.002939,-308.642818,-2.695284,-0.002931,0.006970
2.705000,0.001138,0.000427,0.002021,-0.416949,-0.003853,-265.612825,-2.752126,-0.000883,0.005873
2.710000,0.001104,-0.013754,-0.000116,-0.429296,-0.004524,-205.886987,-2.636041,0.001221,0.004408
2.715000,0.001002,-0.027072,-0.002246,-0.414668,-0.004911,-133.218150,-2.354322,0.003248,0.002665
2.720000,0.000838,-0.038689,-0.004235,-0.373985,-0.004990,-52.172416,-1.924672,0.005072,0.000756
2.725000,0.000621,-0.047876,-0.005957,-0.309803,-0.004755,32.157762,-1.374087,0.006578,-0.001202
2.730000,0.000366,-0.054055,-0.007305,-0.226156,-0.004222,114.473556,-0.737163,0.007671,-0.003084
2.735000,0.000088,-0.056839,-0.008194,-0.128298,-0.003423,189.602713,-0.053918,0.008282,-0.004772
2.740000,-0.000195,-0.056052,-0.008569,-0.022378,-0.002409,252.824541,0.632715,0.008373,-0.006160
2.745000,-0.000466,-0.051743,-0.008405,0.084948,-0.001243,300.166530,1.279593,0.007939,-0.007161
2.750000,-0.000707,-0.044184,-0.007713,0.186936,-0.000000,328.653962,1.846070,0.007006,-0.007713
2.755000,-0.000903,-0.033849,-0.006536,0.277178,0.001243,336.496820,2.296553,0.005633,-0.007779
2.760000,-0.001041,-0.021388,-0.004948,0.350004,0.002409,323.202262,2.602736,0.003907,-0.007357
2.765000,-0.001114,-0.007584,-0.003050,0.400838,0.003423,289.605591,2.745380,0.001935,-0.006473
2.770000,-0.001117,0.006697,-0.000960,0.426486,0.004222,237.817766,2.715522,-0.000157,-0.005182
2.775000,-0.001049,0.020556,0.001190,0.425336,0.004755,171.092764,2.515039,-0.002239,-0.003565
2.780000,-0.000915,0.033122,0.003266,0.397461,0.004990,93.623122,2.156527,-0.004181,-0.001724
2.785000,-0.000723,0.043607,0.005136,0.344612,0.004911,10.276503,1.662514,-0.005859,0.000225
2.790000,-0.000485,0.051352,0.006684,0.270109,0.004524,-73.710160,1.064040,-0.007169,0.002160
2.795000,-0.000216,0.055869,0.007811,0.178635,0.003853,-153.059714,0.398709,-0.008027,0.003959
2.800000,0.000067,0.056875,0.008448,0.075937,0.002939,-222.786374,-0.291674,-0.008382,0.005509
2.805000,0.000346,0.054307,0.008554,-0.031533,0.001841,-278.508998,-0.963729,-0.008209,0.006714
2.810000,0.000603,0.048326,0.008123,-0.137022,0.000627,-316.726368,-1.575229,-0.007520,0.007496
2.815000,0.000823,0.039308,0.007181,-0.233901,-0.000627,-335.037185,-2.087750,-0.006358,0.007807
2.820000,0.000992,0.027820,0.005788,-0.316083,-0.001841,-332.290956,-2.469090,-0.004796,0.007628
2.825000,0.001098,0.014583,0.004031,-0.378405,-0.002939,-308.660275,-2.695287,-0.002932,0.006970
2.830000,0.001136,0.000429,0.002021,-0.416950,-0.003853,-265.629988,-2.752128,-0.000884,0.005873
2.835000,0.001103,-0.013752,-0.000116,-0.429296,-0.004524,-205.903888,-2.636042,0.001220,0.004408
2.840000,0.001001,-0.027070,-0.002246,-0.414668,-0.004911,-133.234826,-2.354324,0.003247,0.002665
2.845000,0.000837,-0.038687,-0.004235,-0.373985,-0.004990,-52.188910,-1.924673,0.005071,0.000756
2.850000,0.000620,-0.047874,-0.005957,-0.309804,-0.004755,32.141405,-1.374088,0.006577,-0.001202
2.855000,0.000365,-0.054054,-0.007305,-0.226156,-0.004222,114.457293,-0.737163,0.007670,-0.003084
2.860000,0.000087,-0.056837,-0.008194,-0.128297,-0.003423,189.586503,-0.053918,0.008281,-0.004772
2.865000,-0.000197,-0.056050,-0.008569,-0.022378,-0.002409,252.808350,0.632715,0.008372,-0.006160
2.870000,-0.000467,-0.051741,-0.008405,0.084948,-0.001243,300.150332,1.279592,0.007938,-0.007161
2.875000,-0.000708,-0.044182,-0.007713,0.186936,-0.000000,328.637739,1.846070,0.007005,-0.007713
2.880000,-0.000904,-0.033847,-0.006536,0.277178,0.001243,336.480563,2.296552,0.005632,-0.007779
2.885000,-0.001042,-0.021386,-0.004948,0.350004,0.002409,323.185975,2.602734,0.003906,-0.007357
2.890000,-0.001115,-0.007582,-0.003050,0.400838,0.003423,289.589284,2.745378,0.001934,-0.006473
2.895000,-0.001118,0.006698,-0.000960,0.426486,0.004222,237.801460,2.715519,-0.000158,-0.005182
2.900000,-0.001050,0.020557,0.001190,0.425336,0.004755,171.076486,2.515036,-0.002241,-0.003565
2.905000,-0.000916,0.033124,0.003266,0.397461,0.004990,93.606903,2.156524,-0.004182,-0.001724
2.910000,-0.000724,0.043609,0.005136,0.344612,0.004911,10.260378,1.662511,-0.005860,0.000225
2.915000,-0.000486,0.051353,0.006684,0.270110,0.004524,-73.726155,1.064036,-0.007170,0.002160
2.920000,-0.000217,0.055871,0.007811,0.178635,0.003853,-153.075547,0.398705,-0.008028,0.003959
2.925000,0.000066,0.056877,0.008448,0.075937,0.002939,-222.802015,-0.291678,-0.008383,0.005509
2.930000,0.000345,0.054309,0.008554,-0.031534,0.001841,-278.524424,-0.963733,-0.008210,0.006714
2.935000,0.000602,0.048328,0.008123,-0.137022,0.000627,-316.741561,-1.575232,-0.007521,0.007496
2.940000,0.000822,0.039310,0.007181,-0.233901,-0.000627,-335.052137,-2.087753,-0.006359,0.007807
2.945000,0.000991,0.027821,0.005788,-0.316084,-0.001841,-332.305665,-2.469093,-0.004797,0.007628
2.950000,0.001097,0.014584,0.004031,-0.378405,-0.002939,-308.674750,-2.695289,-0.002933,0.006970
2.955000,0.001135,0.000431,0.002021,-0.416950,-0.003853,-265.644243,-2.752130,-0.000885,0.005873
2.960000,0.001102,-0.013751,-0.000116,-0.429296,-0.004524,-205.917944,-2.636044,0.001219,0.004408
2.965000,0.001000,-0.027068,-0.002246,-0.414669,-0.004911,-133.248710,-2.354325,0.003246,0.002665
2.970000,0.000836,-0.038686,-0.004235,-0.373986,-0.004990,-52.202651,-1.924674,0.005070,0.000756
2.975000,0.000619,-0.047873,-0.005957,-0.309804,-0.004755,32.127776,-1.374089,0.006576,-0.001202
2.980000,0.000364,-0.054052,-0.007305,-0.226156,-0.004222,114.443747,-0.737163,0.007669,-0.003084
2.985000,0.000086,-0.056836,-0.008194,-0.128297,-0.003423,189.573012,-0.053919,0.008280,-0.004772
2.990000,-0.000197,-0.056049,-0.008569,-0.022378,-0.002409,252.794890,0.632714,0.008371,-0.006160
2.995000,-0.000468,-0.051740,-0.008405,0.084948,-0.001243,300.136885,1.279592,0.007937,-0.007161
3.000000,-0.000709,-0.044181,-0.007713,0.186936,-0.000000,328.624292,1.846069,0.007004,-0.007713
3.005000,-0.000905,-0.033846,-0.006536,0.277178,0.001243,336.467112,2.296551,0.005631,-0.007779
3.010000,-0.001043,-0.021385,-0.004948,0.350004,0.002409,323.172519,2.602733,0.003905,-0.007357
3.015000,-0.001116,-0.007581,-0.003050,0.400838,0.003423,289.575833,2.745376,0.001934,-0.006473
3.020000,-0.001119,0.006700,-0.000960,0.426486,0.004222,237.788026,2.715517,-0.000159,-0.005182
3.025000,-0.001051,0.020559,0.001190,0.425337,0.004755,171.063088,2.515034,-0.002241,-0.003565
3.030000,-0.000917,0.033125,0.003266,0.397461,0.004990,93.593564,2.156522,-0.004183,-0.001724
3.035000,-0.000725,0.043610,0.005136,0.344612,0.004911,10.247119,1.662508,-0.005861,0.000225
3.040000,-0.000487,0.051355,0.006684,0.270110,0.004524,-73.739309,1.064033,-0.007170,0.002160
3.045000,-0.000218,0.055872,0.007811,0.178635,0.003853,-153.088573,0.398702,-0.008029,0.003959
3.050000,0.000065,0.056878,0.008448,0.075936,0.002939,-222.814893,-0.291681,-0.008383,0.005509
3.055000,0.000344,0.054310,0.008554,-0.031534,0.001841,-278.537138,-0.963736,-0.008210,0.006714
3.060000,0.000601,0.048329,0.008123,-0.137022,0.000627,-316.754099,-1.575235,-0.007521,0.007496
3.065000,0.000821,0.039311,0.007181,-0.233902,-0.000627,-335.064494,-2.087756,-0.006359,0.007807
3.070000,0.000990,0.027823,0.005788,-0.316084,-0.001841,-332.317841,-2.469095,-0.004798,0.007628
3.075000,0.001097,0.014586,0.004031,-0.378405,-0.002939,-308.686749,-2.695291,-0.002934,0.006970
3.080000,0.001135,0.000432,0.002021,-0.416950,-0.003853,-265.656076,-2.752132,-0.000886,0.005873
3.085000,0.001102,-0.013750,-0.000116,-0.429297,-0.004524,-205.929625,-2.636045,0.001218,0.004408
3.090000,0.001000,-0.027067,-0.002246,-0.414669,-0.004911,-133.260258,-2.354326,0.003246,0.002665
3.095000,0.000835,-0.038685,-0.004235,-0.373986,-0.004990,-52.214085,-1.924675,0.005070,0.000756
3.100000,0.000618,-0.047872,-0.005957,-0.309804,-0.004755,32.116435,-1.374089,0.006575,-0.001202
3.105000,0.000363,-0.054051,-0.007305,-0.226156,-0.004222,114.432477,-0.737164,0.007668,-0.003084
3.110000,0.000085,-0.056835,-0.008194,-0.128297,-0.003423,189.561795,-0.053919,0.008279,-0.004772
3.115000,-0.000198,-0.056047,-0.008569,-0.022378,-0.002409,252.783709,0.632713,0.008371,-0.006160
3.120000,-0.000469,-0.051739,-0.008405,0.084948,-0.001243,300.125727,1.279591,0.007936,-0.007161
3.125000,-0.000709,-0.044180,-0.007713,0.186936,0.000000,328.613149,1.846068,0.007003,-0.007713
3.130000,-0.000905,-0.033845,-0.006536,0.277178,0.001243,336.455980,2.296550,0.005630,-0.007779
3.135000,-0.001044,-0.021384,-0.004948,0.350005,0.002409,323.161400,2.602731,0.003904,-0.007357
3.140000,-0.001117,-0.007580,-0.003050,0.400839,0.003423,289.564731,2.745374,0.001933,-0.006473
3.145000,-0.001120,0.006701,-0.000960,0.426487,0.004222,237.776950,2.715516,-0.000160,-0.005182
3.150000,-0.001052,0.020560,0.001190,0.425337,0.004755,171.052051,2.515032,-0.002242,-0.003565
3.155000,-0.000917,0.033126,0.003266,0.397461,0.004990,93.582580,2.156520,-0.004183,-0.001724
3.160000,-0.000725,0.043611,0.005136,0.344612,0.004911,10.236205,1.662506,-0.005862,0.000225
3.165000,-0.000487,0.051356,0.006684,0.270110,0.004524,-73.750137,1.064031,-0.007171,0.002160
3.170000,-0.000219,0.055873,0.007811,0.178635,0.003853,-153.099299,0.398700,-0.008030,0.003959
3.175000,0.000064,0.056879,0.008448,0.075936,0.002939,-222.825505,-0.291683,-0.008384,0.005509
3.180000,0.000343,0.054311,0.008554,-0.031534,0.001841,-278.547624,-0.963738,-0.008211,0.006714
3.185000,0.000601,0.048330,0.008123,-0.137023,0.000627,-316.764452,-1.575237,-0.007522,0.007496
3.190000,0.000821,0.039312,0.007181,-0.233902,-0.000627,-335.074710,-2.087758,-0.006360,0.007807
3.195000,0.000989,0.027824,0.005788,-0.316084,-0.001841,-332.327918,-2.469097,-0.004798,0.007628
3.200000,0.001096,0.014587,0.004031,-0.378405,-0.002939,-308.696693,-2.695292,-0.002935,0.006970
3.205000,0.001134,0.000433,0.002021,-0.416950,-0.003853,-265.665893,-2.752133,-0.000887,0.005873
3.210000,0.001101,-0.013749,-0.000116,-0.429297,-0.004524,-205.939325,-2.636046,0.001217,0.004408
3.215000,0.000999,-0.027066,-0.002246,-0.414669,-0.004911,-133.269853,-2.354327,0.003245,0.002665
3.220000,0.000834,-0.038684,-0.004235,-0.373986,-0.004990,-52.223591,-1.924676,0.005069,0.000756
3.225000,0.000618,-0.047871,-0.005957,-0.309804,-0.004755,32.107005,-1.374090,0.006575,-0.001202
3.230000,0.000362,-0.054050,-0.007305,-0.226156,-0.004222,114.423109,-0.737165,0.007667,-0.003084
3.235000,0.000084,-0.056834,-0.008194,-0.128297,-0.003423,189.552476,-0.053920,0.008279,-0.004772
3.240000,-0.000199,-0.056047,-0.008569,-0.022378,-0.002409,252.774427,0.632713,0.008370,-0.006160
3.245000,-0.000469,-0.051738,-0.008405,0.084948,-0.001243,300.116473,1.279590,0.007935,-0.007161
3.250000,-0.000710,-0.044179,-0.007713,0.186936,0.000000,328.603918,1.846067,0.007003,-0.007713
3.255000,-0.000906,-0.033844,-0.006536,0.277178,0.001243,336.446768,2.296549,0.005630,-0.007779
3.260000,-0.001045,-0.021383,-0.004948,0.350005,0.002409,323.152208,2.602730,0.003904,-0.007357
3.265000,-0.001118,-0.007579,-0.003050,0.400839,0.003423,289.555563,2.745373,0.001932,-0.006473
3.270000,-0.001120,0.006702,-0.000960,0.426487,0.004222,237.767812,2.715515,-0.000160,-0.005182
3.275000,-0.001052,0.020561,0.001190,0.425337,0.004755,171.042952,2.515030,-0.002243,-0.003565
3.280000,-0.000918,0.033127,0.003266,0.397462,0.004990,93.573529,2.156518,-0.004184,-0.001724
3.285000,-0.000726,0.043612,0.005136,0.344612,0.004911,10.227213,1.662504,-0.005862,0.000225
3.290000,-0.000488,0.051357,0.006684,0.270110,0.004524,-73.759059,1.064029,-0.007172,0.002160
3.295000,-0.000219,0.055874,0.007811,0.178635,0.003853,-153.108141,0.398698,-0.008031,0.003959
3.300000,0.000064,0.056880,0.008448,0.075936,0.002939,-222.834257,-0.291685,-0.008385,0.005509
3.305000,0.000342,0.054312,0.008554,-0.031534,0.001841,-278.556278,-0.963740,-0.008212,0.006714
3.310000,0.000600,0.048331,0.008123,-0.137023,0.000627,-316.773003,-1.575239,-0.007523,0.007496
3.315000,0.000820,0.039313,0.007181,-0.233902,-0.000627,-335.083156,-2.087759,-0.006361,0.007807
3.320000,0.000989,0.027824,0.005788,-0.316084,-0.001841,-332.336259,-2.469098,-0.004799,0.007628
3.325000,0.001095,0.014587,0.004031,-0.378406,-0.002939,-308.704931,-2.695294,-0.002935,0.006970
3.330000,0.001133,0.000434,0.002021,-0.416950,-0.003853,-265.674033,-2.752134,-0.000887,0.005873
3.335000,0.001100,-0.013748,-0.000116,-0.429297,-0.004524,-205.947375,-2.636047,0.001217,0.004408
3.340000,0.000998,-0.027066,-0.002246,-0.414669,-0.004911,-133.277821,-2.354328,0.003244,0.002665
3.345000,0.000834,-0.038683,-0.004235,-0.373986,-0.004990,-52.231486,-1.924677,0.005068,0.000756
3.350000,0.000617,-0.047870,-0.005957,-0.309804,-0.004755,32.099172,-1.374091,0.006574,-0.001202
3.355000,0.000362,-0.054049,-0.007305,-0.226156,-0.004222,114.415329,-0.737165,0.007667,-0.003084
3.360000,0.000084,-0.056833,-0.008194,-0.128297,-0.003423,189.544738,-0.053921,0.008278,-0.004772
3.365000,-0.000199,-0.056046,-0.008569,-0.022378,-0.002409,252.766725,0.632712,0.008369,-0.006160
3.370000,-0.000470,-0.051737,-0.008405,0.084948,-0.001243,300.108801,1.279590,0.007935,-0.007161
3.375000,-0.000710,-0.044178,-0.007713,0.186936,-0.000000,328.596272,1.846066,0.007002,-0.007713
3.380000,-0.000906,-0.033843,-0.006536,0.277179,0.001243,336.439146,2.296548,0.005629,-0.007779
3.385000,-0.001045,-0.021382,-0.004948,0.350005,0.002409,323.144609,2.602730,0.003903,-0.007357
3.390000,-0.001118,-0.007578,-0.003050,0.400839,0.003423,289.547990,2.745372,0.001932,-0.006473
3.395000,-0.001121,0.006702,-0.000960,0.426487,0.004222,237.760270,2.715513,-0.000161,-0.005182
3.400000,-0.001053,0.020561,0.001190,0.425337,0.004755,171.035445,2.515029,-0.002243,-0.003565
3.405000,-0.000918,0.033128,0.003266,0.397462,0.004990,93.566065,2.156517,-0.004184,-0.001724
3.410000,-0.000726,0.043613,0.005136,0.344612,0.004911,10.219799,1.662503,-0.005863,0.000225
3.415000,-0.000488,0.051357,0.006684,0.270110,0.004524,-73.766415,1.064028,-0.007172,0.002160
3.420000,-0.000220,0.055875,0.007811,0.178635,0.003853,-153.115432,0.398696,-0.008031,0.003959
3.425000,0.000063,0.056881,0.008448,0.075936,0.002939,-222.841477,-0.291686,-0.008385,0.005509
3.430000,0.000342,0.054313,0.008554,-0.031534,0.001841,-278.563423,-0.963741,-0.008212,0.006714
3.435000,0.000600,0.048332,0.008123,-0.137023,0.000627,-316.780069,-1.575240,-0.007523,0.007496
3.440000,0.000820,0.039314,0.007181,-0.233902,-0.000627,-335.090140,-2.087760,-0.006361,0.007807
3.445000,0.000988,0.027825,0.005788,-0.316084,-0.001841,-332.343163,-2.469099,-0.004799,0.007628
3.450000,0.001095,0.014588,0.004031,-0.378406,-0.002939,-308.711755,-2.695295,-0.002936,0.006970
3.455000,0.001133,0.000434,0.002021,-0.416951,-0.003853,-265.680782,-2.752135,-0.000888,0.005873
3.460000,0.001100,-0.013747,-0.000116,-0.429297,-0.004524,-205.954053,-2.636048,0.001216,0.004408
3.465000,0.000998,-0.027065,-0.002246,-0.414669,-0.004911,-133.284434,-2.354328,0.003244,0.002665
3.470000,0.000833,-0.038682,-0.004235,-0.373986,-0.004990,-52.238040,-1.924677,0.005068,0.000756
3.475000,0.000617,-0.047869,-0.005957,-0.309804,-0.004755,32.092669,-1.374091,0.006574,-0.001202
3.480000,0.000361,-0.054049,-0.007305,-0.226156,-0.004222,114.408871,-0.737166,0.007666,-0.003084
3.485000,0.000083,-0.056832,-0.008194,-0.128297,-0.003423,189.538319,-0.053921,0.008278,-0.004772
3.490000,-0.000200,-0.056045,-0.008569,-0.022378,-0.002409,252.760338,0.632712,0.008369,-0.006160
3.495000,-0.000470,-0.051737,-0.008405,0.084948,-0.001243,300.102443,1.279589,0.007934,-0.007161
3.500000,-0.000711,-0.044177,-0.007713,0.186936,-0.000000,328.589939,1.846066,0.007002,-0.007713
3.505000,-0.000907,-0.033843,-0.006536,0.277179,0.001243,336.432837,2.296547,0.005629,-0.007779
3.510000,-0.001046,-0.021382,-0.004948,0.350005,0.002409,323.138325,2.602729,0.003903,-0.007357
3.515000,-0.001119,-0.007577,-0.003050,0.400839,0.003423,289.541732,2.745371,0.001931,-0.006473
3.520000,-0.001121,0.006703,-0.000960,0.426487,0.004222,237.754041,2.715513,-0.000161,-0.005182
3.525000,-0.001053,0.020562,0.001190,0.425337,0.004755,171.029248,2.515028,-0.002244,-0.003565
3.530000,-0.000919,0.033129,0.003266,0.397462,0.004990,93.559906,2.156516,-0.004185,-0.001724
3.535000,-0.000727,0.043614,0.005136,0.344612,0.004911,10.213682,1.662502,-0.005863,0.000225
3.540000,-0.000489,0.051358,0.006684,0.270110,0.004524,-73.772485,1.064027,-0.007173,0.002160
3.545000,-0.000220,0.055875,0.007811,0.178635,0.003853,-153.121450,0.398695,-0.008031,0.003959
3.550000,0.000063,0.056881,0.008448,0.075936,0.002939,-222.847439,-0.291687,-0.008386,0.005509
3.555000,0.000342,0.054313,0.008554,-0.031534,0.001841,-278.569324,-0.963742,-0.008213,0.006714
3.560000,0.000599,0.048332,0.008123,-0.137023,0.000627,-316.785909,-1.575241,-0.007523,0.007496
3.565000,0.000819,0.039314,0.007181,-0.233902,-0.000627,-335.095917,-2.087761,-0.006362,0.007807
3.570000,0.000988,0.027826,0.005788,-0.316084,-0.001841,-332.348876,-2.469100,-0.004800,0.007628
3.575000,0.001095,0.014589,0.004031,-0.378406,-0.002939,-308.717407,-2.695296,-0.002936,0.006970
3.580000,0.001133,0.000435,0.002021,-0.416951,-0.003853,-265.686374,-2.752136,-0.000888,0.005873
3.585000,0.001100,-0.013747,-0.000116,-0.429297,-0.004524,-205.959589,-2.636049,0.001216,0.004408
3.590000,0.000998,-0.027064,-0.002246,-0.414669,-0.004911,-133.289919,-2.354329,0.003244,0.002665
3.595000,0.000833,-0.038682,-0.004235,-0.373986,-0.004990,-52.243478,-1.924678,0.005068,0.000756
3.600000,0.000616,-0.047869,-0.005957,-0.309804,-0.004755,32.087274,-1.374092,0.006573,-0.001202
3.605000,0.000361,-0.054048,-0.007305,-0.226156,-0.004222,114.403513,-0.737166,0.007666,-0.003084
3.610000,0.000083,-0.056832,-0.008194,-0.128297,-0.003423,189.532994,-0.053922,0.008277,-0.004772
3.615000,-0.000200,-0.056045,-0.008569,-0.022378,-0.002409,252.755044,0.632711,0.008369,-0.006160
3.620000,-0.000471,-0.051736,-0.008405,0.084948,-0.001243,300.097175,1.279589,0.007934,-0.007161
3.625000,-0.000711,-0.044177,-0.007713,0.186936,0.000000,328.584695,1.846065,0.007001,-0.007713
3.630000,-0.000907,-0.033842,-0.006536,0.277179,0.001243,336.427617,2.296547,0.005629,-0.007779
3.635000,-0.001046,-0.021381,-0.004948,0.350005,0.002409,323.133129,2.602728,0.003902,-0.007357
3.640000,-0.001119,-0.007577,-0.003050,0.400839,0.003423,289.536560,2.745371,0.001931,-0.006473
3.645000,-0.001122,0.006704,-0.000960,0.426487,0.004222,237.748895,2.715512,-0.000162,-0.005182
3.650000,-0.001054,0.020562,0.001190,0.425337,0.004755,171.024132,2.515027,-0.002244,-0.003565
3.655000,-0.000919,0.033129,0.003266,0.397462,0.004990,93.554821,2.156515,-0.004185,-0.001724
3.660000,-0.000727,0.043614,0.005136,0.344612,0.004911,10.208633,1.662501,-0.005863,0.000225
3.665000,-0.000489,0.051358,0.006684,0.270110,0.004524,-73.777495,1.064026,-0.007173,0.002160
3.670000,-0.000220,0.055876,0.007811,0.178635,0.003853,-153.126418,0.398695,-0.008032,0.003959
3.675000,0.000062,0.056882,0.008448,0.075936,0.002939,-222.852362,-0.291688,-0.008386,0.005509
3.680000,0.000341,0.054314,0.008554,-0.031534,0.001841,-278.574200,-0.963743,-0.008213,0.006714
3.685000,0.000599,0.048333,0.008123,-0.137023,0.000627,-316.790736,-1.575242,-0.007524,0.007496
3.690000,0.000819,0.039315,0.007181,-0.233902,-0.000627,-335.100695,-2.087762,-0.006362,0.007807
3.695000,0.000988,0.027826,0.005788,-0.316084,-0.001841,-332.353605,-2.469101,-0.004800,0.007628
3.700000,0.001094,0.014589,0.004031,-0.378406,-0.002939,-308.722087,-2.695296,-0.002937,0.006970
3.705000,0.001132,0.000435,0.002021,-0.416951,-0.003853,-265.691008,-2.752136,-0.000889,0.005873
3.710000,0.001099,-0.013746,-0.000116,-0.429297,-0.004524,-205.964178,-2.636049,0.001215,0.004408
3.715000,0.000997,-0.027064,-0.002246,-0.414669,-0.004911,-133.294466,-2.354330,0.003243,0.002665
3.720000,0.000833,-0.038681,-0.004235,-0.373986,-0.004990,-52.247987,-1.924678,0.005067,0.000756
3.725000,0.000616,-0.047868,-0.005957,-0.309804,-0.004755,32.082799,-1.374092,0.006573,-0.001202
3.730000,0.000361,-0.054048,-0.007305,-0.226156,-0.004222,114.399070,-0.737167,0.007666,-0.003084
3.735000,0.000083,-0.056831,-0.008194,-0.128297,-0.003423,189.528580,-0.053922,0.008277,-0.004772
3.740000,-0.000200,-0.056044,-0.008569,-0.022378,-0.002409,252.750656,0.632711,0.008368,-0.006160
3.745000,-0.000471,-0.051736,-0.008405,0.084948,-0.001243,300.092811,1.279588,0.007934,-0.007161
3.750000,-0.000712,-0.044176,-0.007713,0.186936,-0.000000,328.580354,1.846065,0.007001,-0.007713
3.755000,-0.000907,-0.033842,-0.006536,0.277179,0.001243,336.423297,2.296546,0.005628,-0.007779
3.760000,-0.001046,-0.021381,-0.004948,0.350005,0.002409,323.128831,2.602728,0.003902,-0.007357
3.765000,-0.001119,-0.007576,-0.003050,0.400839,0.003423,289.532284,2.745370,0.001931,-0.006473
3.770000,-0.001122,0.006704,-0.000960,0.426487,0.004222,237.744643,2.715511,-0.000162,-0.005182
3.775000,-0.001054,0.020563,0.001190,0.425337,0.004755,171.019905,2.515027,-0.002244,-0.003565
3.780000,-0.000919,0.033130,0.003266,0.397462,0.004990,93.550622,2.156514,-0.004185,-0.001724
3.785000,-0.000727,0.043615,0.005136,0.344612,0.004911,10.204464,1.662500,-0.005864,0.000225
3.790000,-0.000489,0.051359,0.006684,0.270110,0.004524,-73.781633,1.064025,-0.007173,0.002160
3.795000,-0.000221,0.055876,0.007811,0.178635,0.003853,-153.130522,0.398694,-0.008032,0.003959
3.800000,0.000062,0.056882,0.008448,0.075936,0.002939,-222.856429,-0.291689,-0.008386,0.005509
3.805000,0.000341,0.054314,0.008554,-0.031534,0.001841,-278.578230,-0.963743,-0.008213,0.006714
3.810000,0.000599,0.048333,0.008123,-0.137023,0.000627,-316.794727,-1.575242,-0.007524,0.007496
3.815000,0.000819,0.039315,0.007181,-0.233902,-0.000627,-335.104647,-2.087763,-0.006362,0.007807
3.820000,0.000987,0.027827,0.005788,-0.316084,-0.001841,-332.357518,-2.469101,-0.004800,0.007628
3.825000,0.001094,0.014590,0.004031,-0.378406,-0.002939,-308.725962,-2.695297,-0.002937,0.006970
3.830000,0.001132,0.000436,0.002021,-0.416951,-0.003853,-265.694846,-2.752137,-0.000889,0.005873
3.835000,0.001099,-0.013746,-0.000116,-0.429297,-0.004524,-205.967981,-2.636050,0.001215,0.004408
3.840000,0.000997,-0.027063,-0.002246,-0.414669,-0.004911,-133.298236,-2.354330,0.003243,0.002665
3.845000,0.000832,-0.038681,-0.004235,-0.373986,-0.004990,-52.251725,-1.924679,0.005067,0.000756
3.850000,0.000616,-0.047868,-0.005957,-0.309804,-0.004755,32.079090,-1.374093,0.006573,-0.001202
3.855000,0.000360,-0.054047,-0.007305,-0.226156,-0.004222,114.395387,-0.737167,0.007666,-0.003084
3.860000,0.000082,-0.056831,-0.008194,-0.128297,-0.003423,189.524922,-0.053923,0.008277,-0.004772
3.865000,-0.000201,-0.056044,-0.008569,-0.022378,-0.002409,252.747020,0.632710,0.008368,-0.006160
3.870000,-0.000471,-0.051735,-0.008405,0.084948,-0.001243,300.089196,1.279588,0.007934,-0.007161
3.875000,-0.000712,-0.044176,-0.007713,0.186936,-0.000000,328.576759,1.846064,0.007001,-0.007713
3.880000,-0.000908,-0.033841,-0.006536,0.277179,0.001243,336.419723,2.296546,0.005628,-0.007779
3.885000,-0.001046,-0.021380,-0.004948,0.350005,0.002409,323.125276,2.602727,0.003902,-0.007357
3.890000,-0.001119,-0.007576,-0.003050,0.400839,0.003423,289.528749,2.745370,0.001930,-0.006473
3.895000,-0.001122,0.006704,-0.000960,0.426487,0.004222,237.741128,2.715511,-0.000162,-0.005182
3.900000,-0.001054,0.020563,0.001190,0.425337,0.004755,171.016412,2.515026,-0.002244,-0.003565
3.905000,-0.000920,0.033130,0.003266,0.397462,0.004990,93.547152,2.156514,-0.004186,-0.001724
3.910000,-0.000728,0.043615,0.005136,0.344612,0.004911,10.201019,1.662500,-0.005864,0.000225
3.915000,-0.000490,0.051359,0.006684,0.270110,0.004524,-73.785051,1.064025,-0.007173,0.002160
3.920000,-0.000221,0.055876,0.007811,0.178635,0.003853,-153.133912,0.398693,-0.008032,0.003959
3.925000,0.000062,0.056883,0.008448,0.075936,0.002939,-222.859791,-0.291689,-0.008386,0.005509
3.930000,0.000341,0.054314,0.008554,-0.031534,0.001841,-278.581561,-0.963744,-0.008213,0.006714
3.935000,0.000598,0.048333,0.008123,-0.137023,0.000627,-316.798028,-1.575243,-0.007524,0.007496
3.940000,0.000818,0.039315,0.007181,-0.233902,-0.000627,-335.107916,-2.087763,-0.006362,0.007807
3.945000,0.000987,0.027827,0.005788,-0.316084,-0.001841,-332.360756,-2.469102,-0.004801,0.007628
3.950000,0.001094,0.014590,0.004031,-0.378406,-0.002939,-308.729170,-2.695297,-0.002937,0.006970
3.955000,0.001132,0.000436,0.002021,-0.416951,-0.003853,-265.698024,-2.752137,-0.000889,0.005873
3.960000,0.001099,-0.013745,-0.000116,-0.429297,-0.004524,-205.971131,-2.636050,0.001215,0.004408
3.965000,0.000997,-0.027063,-0.002246,-0.414669,-0.004911,-133.301359,-2.354330,0.003243,0.002666
3.970000,0.000832,-0.038681,-0.004235,-0.373986,-0.004990,-52.254823,-1.924679,0.005067,0.000756
3.975000,0.000615,-0.047868,-0.005957,-0.309804,-0.004755,32.076016,-1.374093,0.006573,-0.001202
3.980000,0.000360,-0.054047,-0.007305,-0.226156,-0.004222,114.392336,-0.737168,0.007665,-0.003084
3.985000,0.000082,-0.056831,-0.008194,-0.128297,-0.003423,189.521891,-0.053923,0.008277,-0.004772
3.990000,-0.000201,-0.056043,-0.008569,-0.022378,-0.002409,252.744008,0.632710,0.008368,-0.006160
3.995000,-0.000471,-0.051735,-0.008405,0.084948,-0.001243,300.086203,1.279587,0.007933,-0.007161
4.000000,-0.000712,-0.044176,-0.007713,0.186936,-0.000000,328.573784,1.846064,0.007001,-0.007713
4.005000,-0.000908,-0.033841,-0.006536,0.277179,0.001243,336.416764,2.296545,0.005628,-0.007779
4.010000,-0.001047,-0.021380,-0.004948,0.350005,0.002409,323.122335,2.602727,0.003902,-0.007357
4.015000,-0.001120,-0.007576,-0.003050,0.400839,0.003423,289.525826,2.745369,0.001930,-0.006473
4.020000,-0.001122,0.006705,-0.000960,0.426487,0.004222,237.738223,2.715510,-0.000162,-0.005182
4.025000,-0.001054,0.020564,0.001190,0.425337,0.004755,171.013526,2.515026,-0.002245,-0.003565
4.030000,-0.000920,0.033130,0.003266,0.397462,0.004990,93.544286,2.156513,-0.004186,-0.001724
4.035000,-0.000728,0.043615,0.005136,0.344612,0.004911,10.198173,1.662499,-0.005864,0.000225
4.040000,-0.000490,0.051359,0.006684,0.270110,0.004524,-73.787875,1.064024,-0.007174,0.002160
4.045000,-0.000221,0.055877,0.007811,0.178635,0.003853,-153.136714,0.398693,-0.008032,0.003959
4.050000,0.000062,0.056883,0.008448,0.075936,0.002939,-222.862569,-0.291690,-0.008387,0.005509
4.055000,0.000341,0.054315,0.008554,-0.031534,0.001841,-278.584315,-0.963744,-0.008214,0.006714
4.060000,0.000598,0.048334,0.008123,-0.137023,0.000627,-316.800757,-1.575243,-0.007524,0.007496
4.065000,0.000818,0.039316,0.007181,-0.233902,-0.000627,-335.110621,-2.087764,-0.006363,0.007807
4.070000,0.000987,0.027827,0.005788,-0.316084,-0.001841,-332.363436,-2.469102,-0.004801,0.007628
4.075000,0.001094,0.014590,0.004031,-0.378406,-0.002939,-308.731826,-2.695298,-0.002937,0.006970
4.080000,0.001132,0.000436,0.002021,-0.416951,-0.003853,-265.700656,-2.752138,-0.000889,0.005873
4.085000,0.001099,-0.013745,-0.000116,-0.429297,-0.004524,-205.973740,-2.636051,0.001215,0.004408
4.090000,0.000997,-0.027063,-0.002246,-0.414669,-0.004911,-133.303946,-2.354331,0.003243,0.002666
4.095000,0.000832,-0.038680,-0.004235,-0.373986,-0.004990,-52.257390,-1.924679,0.005067,0.000756
4.100000,0.000615,-0.047867,-0.005957,-0.309804,-0.004755,32.073469,-1.374093,0.006572,-0.001202
4.105000,0.000360,-0.054047,-0.007305,-0.226156,-0.004222,114.389807,-0.737168,0.007665,-0.003084
4.110000,0.000082,-0.056830,-0.008194,-0.128297,-0.003423,189.519380,-0.053923,0.008276,-0.004772
4.115000,-0.000201,-0.056043,-0.008569,-0.022378,-0.002409,252.741514,0.632710,0.008368,-0.006160
4.120000,-0.000471,-0.051735,-0.008405,0.084948,-0.001243,300.083725,1.279587,0.007933,-0.007161
4.125000,-0.000712,-0.044175,-0.007713,0.186936,-0.000000,328.571321,1.846063,0.007000,-0.007713
4.130000,-0.000908,-0.033841,-0.006536,0.277179,0.001243,336.414317,2.296545,0.005628,-0.007779
4.135000,-0.001047,-0.021380,-0.004948,0.350005,0.002409,323.119902,2.602726,0.003901,-0.007357
4.140000,-0.001120,-0.007575,-0.003050,0.400839,0.003423,289.523408,2.745369,0.001930,-0.006473
4.145000,-0.001122,0.006705,-0.000960,0.426487,0.004222,237.735821,2.715510,-0.000163,-0.005182
4.150000,-0.001054,0.020564,0.001190,0.425337,0.004755,171.011139,2.515026,-0.002245,-0.003565
4.155000,-0.000920,0.033130,0.003266,0.397462,0.004990,93.541916,2.156513,-0.004186,-0.001724
4.160000,-0.000728,0.043615,0.005136,0.344612,0.004911,10.195820,1.662499,-0.005864,0.000225
4.165000,-0.000490,0.051360,0.006684,0.270110,0.004524,-73.790210,1.064024,-0.007174,0.002160
4.170000,-0.000221,0.055877,0.007811,0.178635,0.003853,-153.139030,0.398693,-0.008033,0.003959
4.175000,0.000062,0.056883,0.008448,0.075936,0.002939,-222.864866,-0.291690,-0.008387,0.005509
4.180000,0.000340,0.054315,0.008554,-0.031534,0.001841,-278.586593,-0.963745,-0.008214,0.006714
4.185000,0.000598,0.048334,0.008123,-0.137023,0.000627,-316.803015,-1.575243,-0.007525,0.007496
4.190000,0.000818,0.039316,0.007181,-0.233902,-0.000627,-335.112859,-2.087764,-0.006363,0.007807
4.195000,0.000987,0.027827,0.005788,-0.316084,-0.001841,-332.365654,-2.469102,-0.004801,0.007628
4.200000,0.001093,0.014590,0.004031,-0.378406,-0.002939,-308.734024,-2.695298,-0.002937,0.006970
4.205000,0.001131,0.000436,0.002021,-0.416951,-0.003853,-265.702836,-2.752138,-0.000889,0.005873
4.210000,0.001098,-0.013745,-0.000116,-0.429297,-0.004524,-205.975901,-2.636051,0.001215,0.004408
4.215000,0.000997,-0.027063,-0.002246,-0.414669,-0.004911,-133.306089,-2.354331,0.003242,0.002666
4.220000,0.000832,-0.038680,-0.004235,-0.373986,-0.004990,-52.259516,-1.924680,0.005066,0.000756
4.225000,0.000615,-0.047867,-0.005957,-0.309804,-0.004755,32.071360,-1.374094,0.006572,-0.001202
4.230000,0.000360,-0.054047,-0.007305,-0.226156,-0.004222,114.387713,-0.737168,0.007665,-0.003084
4.235000,0.000082,-0.056830,-0.008194,-0.128297,-0.003423,189.517301,-0.053924,0.008276,-0.004772
4.240000,-0.000201,-0.056043,-0.008569,-0.022378,-0.002409,252.739449,0.632709,0.008368,-0.006160
4.245000,-0.000472,-0.051734,-0.008405,0.084948,-0.001243,300.081673,1.279587,0.007933,-0.007161
4.250000,-0.000712,-0.044175,-0.007713,0.186936,0.000000,328.569282,1.846063,0.007000,-0.007713
4.255000,-0.000908,-0.033841,-0.006536,0.277179,0.001243,336.412291,2.296545,0.005628,-0.007779
4.260000,-0.001047,-0.021379,-0.004948,0.350005,0.002409,323.117889,2.602726,0.003901,-0.007357
4.265000,-0.001120,-0.007575,-0.003050,0.400839,0.003423,289.521408,2.745369,0.001930,-0.006473
4.270000,-0.001123,0.006705,-0.000960,0.426487,0.004222,237.733834,2.715510,-0.000163,-0.005182
4.275000,-0.001054,0.020564,0.001190,0.425337,0.004755,171.009166,2.515025,-0.002245,-0.003565
4.280000,-0.000920,0.033131,0.003266,0.397462,0.004990,93.539957,2.156513,-0.004186,-0.001724
4.285000,-0.000728,0.043616,0.005136,0.344612,0.004911,10.193876,1.662499,-0.005864,0.000225
4.290000,-0.000490,0.051360,0.006684,0.270110,0.004524,-73.792140,1.064024,-0.007174,0.002160
4.295000,-0.000221,0.055877,0.007811,0.178635,0.003853,-153.140945,0.398692,-0.008033,0.003959
4.300000,0.000061,0.056883,0.008448,0.075936,0.002939,-222.866765,-0.291690,-0.008387,0.005509
4.305000,0.000340,0.054315,0.008554,-0.031534,0.001841,-278.588476,-0.963745,-0.008214,0.006714
4.310000,0.000598,0.048334,0.008123,-0.137023,0.000627,-316.804882,-1.575244,-0.007525,0.007496
4.315000,0.000818,0.039316,0.007181,-0.233902,-0.000627,-335.114710,-2.087764,-0.006363,0.007807
4.320000,0.000987,0.027828,0.005788,-0.316084,-0.001841,-332.367490,-2.469103,-0.004801,0.007628
4.325000,0.001093,0.014591,0.004031,-0.378406,-0.002939,-308.735844,-2.695298,-0.002938,0.006970
4.330000,0.001131,0.000437,0.002021,-0.416951,-0.003853,-265.704640,-2.752138,-0.000889,0.005873
4.335000,0.001098,-0.013745,-0.000116,-0.429297,-0.004524,-205.977690,-2.636051,0.001215,0.004408
4.340000,0.000996,-0.027063,-0.002246,-0.414669,-0.004911,-133.307864,-2.354331,0.003242,0.002666
4.345000,0.000832,-0.038680,-0.004235,-0.373986,-0.004990,-52.261276,-1.924680,0.005066,0.000756
4.350000,0.000615,-0.047867,-0.005957,-0.309804,-0.004755,32.069613,-1.374094,0.006572,-0.001202
4.355000,0.000360,-0.054046,-0.007305,-0.226156,-0.004222,114.385979,-0.737168,0.007665,-0.003084
4.360000,0.000082,-0.056830,-0.008194,-0.128297,-0.003423,189.515579,-0.053924,0.008276,-0.004772
4.365000,-0.000201,-0.056043,-0.008569,-0.022378,-0.002409,252.737739,0.632709,0.008367,-0.006160
4.370000,-0.000472,-0.051734,-0.008405,0.084948,-0.001243,300.079974,1.279587,0.007933,-0.007161
4.375000,-0.000712,-0.044175,-0.007713,0.186936,-0.000000,328.567595,1.846063,0.007000,-0.007713
4.380000,-0.000908,-0.033840,-0.006536,0.277179,0.001243,336.410615,2.296545,0.005627,-0.007779
4.385000,-0.001047,-0.021379,-0.004948,0.350005,0.002409,323.116224,2.602726,0.003901,-0.007357
4.390000,-0.001120,-0.007575,-0.003050,0.400839,0.003423,289.519754,2.745368,0.001930,-0.006473
4.395000,-0.001123,0.006705,-0.000960,0.426487,0.004222,237.732191,2.715509,-0.000163,-0.005182
4.400000,-0.001055,0.020564,0.001190,0.425337,0.004755,171.007535,2.515025,-0.002245,-0.003565
4.405000,-0.000920,0.033131,0.003266,0.397462,0.004990,93.538337,2.156513,-0.004186,-0.001724
4.410000,-0.000728,0.043616,0.005136,0.344612,0.004911,10.192268,1.662498,-0.005864,0.000225
4.415000,-0.000490,0.051360,0.006684,0.270110,0.004524,-73.793736,1.064023,-0.007174,0.002160
4.420000,-0.000221,0.055877,0.007811,0.178635,0.003853,-153.142528,0.398692,-0.008033,0.003959
4.425000,0.000061,0.056883,0.008448,0.075936,0.002939,-222.868336,-0.291691,-0.008387,0.005509
4.430000,0.000340,0.054315,0.008554,-0.031534,0.001841,-278.590034,-0.963745,-0.008214,0.006714
4.435000,0.000598,0.048334,0.008123,-0.137023,0.000627,-316.806427,-1.575244,-0.007525,0.007496
4.440000,0.000818,0.039316,0.007181,-0.233902,-0.000627,-335.116242,-2.087764,-0.006363,0.007807
4.445000,0.000986,0.027828,0.005788,-0.316084,-0.001841,-332.369008,-2.469103,-0.004801,0.007628
4.450000,0.001093,0.014591,0.004031,-0.378406,-0.002939,-308.737350,-2.695298,-0.002938,0.006970
4.455000,0.001131,0.000437,0.002021,-0.416951,-0.003853,-265.706133,-2.752138,-0.000890,0.005873
4.460000,0.001098,-0.013745,-0.000116,-0.429297,-0.004524,-205.979172,-2.636051,0.001214,0.004408
4.465000,0.000996,-0.027062,-0.002246,-0.414669,-0.004911,-133.309333,-2.354331,0.003242,0.002666
4.470000,0.000832,-0.038680,-0.004235,-0.373986,-0.004990,-52.262734,-1.924680,0.005066,0.000756
4.475000,0.000615,-0.047867,-0.005957,-0.309804,-0.004755,32.068166,-1.374094,0.006572,-0.001202
4.480000,0.000360,-0.054046,-0.007305,-0.226156,-0.004222,114.384543,-0.737169,0.007665,-0.003084
4.485000,0.000082,-0.056830,-0.008194,-0.128297,-0.003423,189.514153,-0.053924,0.008276,-0.004772
4.490000,-0.000201,-0.056043,-0.008569,-0.022378,-0.002409,252.736323,0.632709,0.008367,-0.006160
4.495000,-0.000472,-0.051734,-0.008405,0.084948,-0.001243,300.078568,1.279586,0.007933,-0.007161
4.500000,-0.000712,-0.044175,-0.007713,0.186936,-0.000000,328.566199,1.846063,0.007000,-0.007713
4.505000,-0.000908,-0.033840,-0.006536,0.277179,0.001243,336.409228,2.296544,0.005627,-0.007779
4.510000,-0.001047,-0.021379,-0.004948,0.350005,0.002409,323.114846,2.602726,0.003901,-0.007357
4.515000,-0.001120,-0.007575,-0.003050,0.400839,0.003423,289.518386,2.745368,0.001930,-0.006473
4.520000,-0.001123,0.006705,-0.000960,0.426487,0.004222,237.730832,2.715509,-0.000163,-0.005182
4.525000,-0.001055,0.020564,0.001190,0.425337,0.004755,171.006186,2.515025,-0.002245,-0.003565
4.530000,-0.000920,0.033131,0.003266,0.397462,0.004990,93.536997,2.156512,-0.004186,-0.001724
4.535000,-0.000728,0.043616,0.005136,0.344612,0.004911,10.190938,1.662498,-0.005865,0.000225
4.540000,-0.000490,0.051360,0.006684,0.270110,0.004524,-73.795055,1.064023,-0.007174,0.002160
4.545000,-0.000221,0.055877,0.007811,0.178635,0.003853,-153.143837,0.398692,-0.008033,0.003959
4.550000,0.000061,0.056883,0.008448,0.075936,0.002939,-222.869635,-0.291691,-0.008387,0.005509
4.555000,0.000340,0.054315,0.008554,-0.031534,0.001841,-278.591322,-0.963745,-0.008214,0.006714
4.560000,0.000598,0.048334,0.008123,-0.137023,0.000627,-316.807705,-1.575244,-0.007525,0.007496
4.565000,0.000818,0.039316,0.007181,-0.233902,-0.000627,-335.117509,-2.087765,-0.006363,0.007807
4.570000,0.000986,0.027828,0.005788,-0.316084,-0.001841,-332.370265,-2.469103,-0.004801,0.007628
4.575000,0.001093,0.014591,0.004031,-0.378406,-0.002939,-308.738596,-2.695299,-0.002938,0.006970
4.580000,0.001131,0.000437,0.002021,-0.416951,-0.003853,-265.707369,-2.752139,-0.000890,0.005873
4.585000,0.001098,-0.013744,-0.000116,-0.429297,-0.004524,-205.980398,-2.636051,0.001214,0.004408
4.590000,0.000996,-0.027062,-0.002246,-0.414669,-0.004911,-133.310549,-2.354332,0.003242,0.002666
4.595000,0.000832,-0.038680,-0.004235,-0.373986,-0.004990,-52.263941,-1.924680,0.005066,0.000756
4.600000,0.000615,-0.047867,-0.005957,-0.309804,-0.004755,32.066968,-1.374094,0.006572,-0.001202
4.605000,0.000359,-0.054046,-0.007305,-0.226156,-0.004222,114.383354,-0.737169,0.007665,-0.003084
4.610000,0.000082,-0.056830,-0.008194,-0.128297,-0.003423,189.512972,-0.053924,0.008276,-0.004772
4.615000,-0.000202,-0.056043,-0.008569,-0.022378,-0.002409,252.735151,0.632709,0.008367,-0.006160
4.620000,-0.000472,-0.051734,-0.008405,0.084948,-0.001243,300.077405,1.279586,0.007933,-0.007161
4.625000,-0.000713,-0.044175,-0.007713,0.186936,-0.000000,328.565043,1.846063,0.007000,-0.007713
4.630000,-0.000908,-0.033840,-0.006536,0.277179,0.001243,336.408080,2.296544,0.005627,-0.007779
4.635000,-0.001047,-0.021379,-0.004948,0.350005,0.002409,323.113706,2.602726,0.003901,-0.007357
4.640000,-0.001120,-0.007575,-0.003050,0.400839,0.003423,289.517254,2.745368,0.001930,-0.006473
4.645000,-0.001123,0.006705,-0.000960,0.426487,0.004222,237.729708,2.715509,-0.000163,-0.005182
4.650000,-0.001055,0.020564,0.001190,0.425337,0.004755,171.005069,2.515025,-0.002245,-0.003565
4.655000,-0.000920,0.033131,0.003266,0.397462,0.004990,93.535889,2.156512,-0.004186,-0.001724
4.660000,-0.000728,0.043616,0.005136,0.344612,0.004911,10.189838,1.662498,-0.005865,0.000225
4.665000,-0.000490,0.051360,0.006684,0.270110,0.004524,-73.796147,1.064023,-0.007174,0.002160
4.670000,-0.000222,0.055877,0.007811,0.178635,0.003853,-153.144920,0.398692,-0.008033,0.003959
4.675000,0.000061,0.056884,0.008448,0.075936,0.002939,-222.870709,-0.291691,-0.008387,0.005509
4.680000,0.000340,0.054315,0.008554,-0.031534,0.001841,-278.592388,-0.963745,-0.008214,0.006714
4.685000,0.000598,0.048334,0.008123,-0.137023,0.000627,-316.808762,-1.575244,-0.007525,0.007496
4.690000,0.000818,0.039316,0.007181,-0.233902,-0.000627,-335.118557,-2.087765,-0.006363,0.007807
4.695000,0.000986,0.027828,0.005788,-0.316084,-0.001841,-332.371305,-2.469103,-0.004801,0.007628
4.700000,0.001093,0.014591,0.004031,-0.378406,-0.002939,-308.739628,-2.695299,-0.002938,0.006970
4.705000,0.001131,0.000437,0.002021,-0.416951,-0.003853,-265.708393,-2.752139,-0.000890,0.005873
4.710000,0.001098,-0.013744,-0.000116,-0.429297,-0.004524,-205.981413,-2.636052,0.001214,0.004408
4.715000,0.000996,-0.027062,-0.002246,-0.414669,-0.004911,-133.311557,-2.354332,0.003242,0.002666
4.720000,0.000832,-0.038680,-0.004235,-0.373986,-0.004990,-52.264940,-1.924680,0.005066,0.000756
4.725000,0.000615,-0.047867,-0.005957,-0.309804,-0.004755,32.065976,-1.374094,0.006572,-0.001202
4.730000,0.000359,-0.054046,-0.007305,-0.226156,-0.004222,114.382369,-0.737169,0.007665,-0.003084
4.735000,0.000081,-0.056830,-0.008194,-0.128297,-0.003423,189.511995,-0.053924,0.008276,-0.004772
4.740000,-0.000202,-0.056042,-0.008569,-0.022378,-0.002409,252.734181,0.632709,0.008367,-0.006160
4.745000,-0.000472,-0.051734,-0.008405,0.084948,-0.001243,300.076441,1.279586,0.007933,-0.007161
4.750000,-0.000713,-0.044175,-0.007713,0.186936,-0.000000,328.564086,1.846063,0.007000,-0.007713
4.755000,-0.000909,-0.033840,-0.006536,0.277179,0.001243,336.407130,2.296544,0.005627,-0.007779
4.760000,-0.001047,-0.021379,-0.004948,0.350005,0.002409,323.112763,2.602725,0.003901,-0.007357
4.765000,-0.001120,-0.007575,-0.003050,0.400839,0.003423,289.516317,2.745368,0.001930,-0.006473
4.770000,-0.001123,0.006706,-0.000960,0.426487,0.004222,237.728778,2.715509,-0.000163,-0.005182
4.775000,-0.001055,0.020564,0.001190,0.425337,0.004755,171.004146,2.515025,-0.002245,-0.003565
4.780000,-0.000921,0.033131,0.003266,0.397462,0.004990,93.534973,2.156512,-0.004187,-0.001724
4.785000,-0.000728,0.043616,0.005136,0.344612,0.004911,10.188929,1.662498,-0.005865,0.000225
4.790000,-0.000490,0.051360,0.006684,0.270110,0.004524,-73.797050,1.064023,-0.007174,0.002160
4.795000,-0.000222,0.055878,0.007811,0.178635,0.003853,-153.145816,0.398692,-0.008033,0.003959
4.800000,0.000061,0.056884,0.008448,0.075936,0.002939,-222.871598,-0.291691,-0.008387,0.005509
4.805000,0.000340,0.054316,0.008554,-0.031534,0.001841,-278.593270,-0.963746,-0.008214,0.006714
4.810000,0.000598,0.048335,0.008123,-0.137023,0.000627,-316.809637,-1.575244,-0.007525,0.007496
4.815000,0.000818,0.039317,0.007181,-0.233902,-0.000627,-335.119425,-2.087765,-0.006363,0.007807
4.820000,0.000986,0.027828,0.005788,-0.316084,-0.001841,-332.372166,-2.469103,-0.004801,0.007628
4.825000,0.001093,0.014591,0.004031,-0.378406,-0.002939,-308.740482,-2.695299,-0.002938,0.006970
4.830000,0.001131,0.000437,0.002021,-0.416951,-0.003853,-265.709240,-2.752139,-0.000890,0.005873
4.835000,0.001098,-0.013744,-0.000116,-0.429297,-0.004524,-205.982253,-2.636052,0.001214,0.004408
4.840000,0.000996,-0.027062,-0.002246,-0.414669,-0.004911,-133.312390,-2.354332,0.003242,0.002666
4.845000,0.000832,-0.038679,-0.004235,-0.373986,-0.004990,-52.265768,-1.924681,0.005066,0.000756
4.850000,0.000615,-0.047867,-0.005957,-0.309804,-0.004755,32.065155,-1.374094,0.006572,-0.001202
4.855000,0.000359,-0.054046,-0.007305,-0.226156,-0.004222,114.381555,-0.737169,0.007665,-0.003084
4.860000,0.000081,-0.056830,-0.008194,-0.128297,-0.003423,189.511187,-0.053924,0.008276,-0.004772
4.865000,-0.000202,-0.056042,-0.008569,-0.022378,-0.002409,252.733378,0.632709,0.008367,-0.006160
4.870000,-0.000472,-0.051734,-0.008405,0.084948,-0.001243,300.075644,1.279586,0.007933,-0.007161
4.875000,-0.000713,-0.044175,-0.007713,0.186936,-0.000000,328.563295,1.846062,0.007000,-0.007713
4.880000,-0.000909,-0.033840,-0.006536,0.277179,0.001243,336.406344,2.296544,0.005627,-0.007779
4.885000,-0.001047,-0.021379,-0.004948,0.350005,0.002409,323.111983,2.602725,0.003901,-0.007357
4.890000,-0.001120,-0.007575,-0.003050,0.400839,0.003423,289.515542,2.745368,0.001930,-0.006473
4.895000,-0.001123,0.006706,-0.000960,0.426487,0.004222,237.728009,2.715509,-0.000163,-0.005182
4.900000,-0.001055,0.020565,0.001190,0.425337,0.004755,171.003383,2.515025,-0.002245,-0.003565
4.905000,-0.000921,0.033131,0.003266,0.397462,0.004990,93.534215,2.156512,-0.004187,-0.001724
4.910000,-0.000728,0.043616,0.005136,0.344612,0.004911,10.188176,1.662498,-0.005865,0.000225
4.915000,-0.000490,0.051360,0.006684,0.270110,0.004524,-73.797796,1.064023,-0.007174,0.002160
4.920000,-0.000222,0.055878,0.007811,0.178635,0.003853,-153.146557,0.398691,-0.008033,0.003959
4.925000,0.000061,0.056884,0.008448,0.075936,0.002939,-222.872333,-0.291691,-0.008387,0.005509
4.930000,0.000340,0.054316,0.008554,-0.031534,0.001841,-278.593999,-0.963746,-0.008214,0.006714
4.935000,0.000598,0.048335,0.008123,-0.137023,0.000627,-316.810360,-1.575245,-0.007525,0.007496
4.940000,0.000818,0.039317,0.007181,-0.233902,-0.000627,-335.120143,-2.087765,-0.006363,0.007807
4.945000,0.000986,0.027828,0.005788,-0.316084,-0.001841,-332.372878,-2.469103,-0.004801,0.007628
4.950000,0.001093,0.014591,0.004031,-0.378406,-0.002939,-308.741188,-2.695299,-0.002938,0.006970
4.955000,0.001131,0.000437,0.002021,-0.416951,-0.003853,-265.709940,-2.752139,-0.000890,0.005873
4.960000,0.001098,-0.013744,-0.000116,-0.429297,-0.004524,-205.982948,-2.636052,0.001214,0.004408
4.965000,0.000996,-0.027062,-0.002246,-0.414669,-0.004911,-133.313080,-2.354332,0.003242,0.002666
4.970000,0.000831,-0.038679,-0.004235,-0.373986,-0.004990,-52.266452,-1.924681,0.005066,0.000756
4.975000,0.000615,-0.047866,-0.005957,-0.309804,-0.004755,32.064476,-1.374095,0.006572,-0.001202
4.980000,0.000359,-0.054046,-0.007305,-0.226156,-0.004222,114.380880,-0.737169,0.007665,-0.003084
4.985000,0.000081,-0.056829,-0.008194,-0.128297,-0.003423,189.510517,-0.053924,0.008276,-0.004772
4.990000,-0.000202,-0.056042,-0.008569,-0.022378,-0.002409,252.732713,0.632708,0.008367,-0.006160
4.995000,-0.000472,-0.051734,-0.008405,0.084948,-0.001243,300.074984,1.279586,0.007933,-0.007161
