time,x_ref,z,zdot,x_rel,xrel_dot,F_pto,power,fowt_rms_cumul
0.00,0.0000,0.0000,0.0000,0.0000,0.0000,0.00,0.00,0.0000
0.50,2.8052,0.0075,0.0443,0.0830,0.4876,-500000.00,-243784.04,0.0053
1.00,5.0548,0.0575,0.1669,0.9281,2.9747,-500000.00,-1487335.97,0.0335
1.50,6.3032,0.1829,0.3400,3.0915,5.6581,361737.69,2046760.04,0.0959
2.00,6.3032,0.3992,0.5234,5.9844,5.8172,500000.00,2908597.59,0.1981
2.50,5.0548,0.7007,0.6732,8.6930,4.8645,500000.00,2432262.50,0.3384
3.00,2.8052,1.0602,0.7502,10.6762,2.8894,500000.00,1444712.62,0.5087
3.50,0.0000,1.4343,0.7285,11.4045,-0.1374,500000.00,-68717.62,0.6954
4.00,-2.8052,1.7708,0.6003,10.4019,-3.9708,500000.00,-1985396.19,0.8822
4.50,-5.0548,2.0188,0.3781,7.3812,-8.1088,500000.00,-4054388.77,1.0526
5.00,-6.3032,2.1383,0.0924,2.3551,-11.8725,500000.00,-5936235.57,1.1929
5.50,-6.3032,2.1078,-0.2138,-4.3061,-14.5326,-500000.00,7266317.02,1.2941
6.00,-5.0548,1.9289,-0.4935,-11.2762,-13.0602,-500000.00,6530116.01,1.3535
6.50,-2.8052,1.6259,-0.7043,-17.0664,-9.8083,-500000.00,4904156.01,1.3748
7.00,-0.0000,1.2412,-0.8168,-20.8060,-4.9064,-500000.00,2453178.80,1.3663
7.50,2.8052,0.8275,-0.8199,-21.7703,1.1922,-500000.00,-596090.27,1.3390
8.00,5.0548,0.4381,-0.7229,-19.5354,7.7502,-500000.00,-3875078.98,1.3033
8.50,6.3032,0.1168,-0.5533,-14.0963,13.8501,-500000.00,-6925036.35,1.2669
9.00,6.3032,-0.1097,-0.3510,-5.9213,18.5437,-500000.00,-9271867.44,1.2334
9.50,5.0548,-0.2362,-0.1608,4.0747,21.0212,500000.00,10510584.32,1.2033
10.00,2.8052,-0.2792,-0.0226,14.0303,18.3680,500000.00,9184012.13,1.1759
10.50,0.0000,-0.2723,0.0357,22.0220,13.2185,500000.00,6609231.64,1.1503
11.00,-2.8052,-0.2587,0.0043,26.9150,6.0908,500000.00,3045423.95,1.1263
11.50,-5.0548,-0.2814,-0.1067,27.9260,-2.1413,500000.00,-1070662.73,1.1041
12.00,-6.3032,-0.3742,-0.2697,24.7735,-10.3693,500000.00,-5184631.62,1.0844
12.50,-6.3032,-0.5532,-0.4449,17.7543,-17.4195,500000.00,-8709742.96,1.0688
13.00,-5.0548,-0.8137,-0.5883,7.7280,-22.2459,-500000.00,11122947.88,1.0605
13.50,-2.8052,-1.1297,-0.6613,-3.3831,-21.7103,-500000.00,10855129.74,1.0630
14.00,-0.0000,-1.4588,-0.6377,-13.4905,-18.2559,-500000.00,9127935.20,1.0791
14.50,2.8052,-1.7498,-0.5098,-21.2105,-12.2598,-500000.00,6129924.87,1.1080
15.00,5.0548,-1.9531,-0.2902,-25.4553,-4.5151,-500000.00,2257572.19,1.1451
15.50,6.3032,-2.0298,-0.0094,-25.6147,3.8846,-500000.00,-1942289.97,1.1828
16.00,6.3032,-1.9594,0.2900,-21.6657,11.7173,-500000.00,-5858647.85,1.2136
16.50,5.0548,-1.7445,0.5610,-14.1864,17.8324,-500000.00,-8916210.66,1.2325
17.00,2.8052,-1.4102,0.7615,-4.2719,21.3424,500000.00,10671219.02,1.2379
17.50,0.0000,-0.9998,0.8623,6.0275,19.3731,500000.00,9686552.07,1.2319
18.00,-2.8052,-0.5665,0.8526,14.6426,14.6831,500000.00,7341530.50,1.2187
18.50,-5.0548,-0.1641,0.7421,20.3659,7.9493,500000.00,3974654.08,1.2029
19.00,-6.3032,0.1633,0.5585,22.4176,0.1834,500000.00,91691.86,1.1877
19.50,-6.3032,0.3889,0.3423,20.5738,-7.4348,500000.00,-3717400.68,1.1743
20.00,-5.0548,0.5077,0.1383,15.2013,-13.7547,500000.00,-6877350.65,1.1626
20.50,-2.8052,0.5361,-0.0129,7.1940,-17.8488,-500000.00,8924400.47,1.1517
21.00,-0.0000,0.5083,-0.0834,-1.5702,-16.7686,-500000.00,8384300.21,1.1408
21.50,2.8052,0.4681,-0.0629,-9.1505,-13.1730,-500000.00,6586490.70,1.1300
22.00,5.0548,0.4591,0.0388,-14.4138,-7.6244,-500000.00,3812224.79,1.1195
22.50,6.3032,0.5159,0.1941,-16.5962,-1.0170,-500000.00,508482.02,1.1099
23.00,6.3032,0.6556,0.3635,-15.4324,5.5789,-500000.00,-2789426.39,1.1021
23.50,5.0548,0.8744,0.5033,-11.1976,11.1034,-500000.00,-5551711.90,1.0979
24.00,2.8052,1.1474,0.5747,-4.6548,14.6941,500000.00,7347045.74,1.0989
24.50,0.0000,1.4333,0.5518,2.4739,13.4362,500000.00,6718091.95,1.1066
25.00,-2.8052,1.6820,0.4267,8.4122,9.9897,500000.00,4994832.29,1.1207
25.50,-5.0548,1.8449,0.2119,12.1840,4.8869,500000.00,2443434.27,1.1390
26.00,-6.3032,1.8839,-0.0622,13.1605,-1.0353,500000.00,-517632.01,1.1575
26.50,-6.3032,1.7798,-0.3531,11.1777,-6.7832,500000.00,-3391612.48,1.1720
27.00,-5.0548,1.5358,-0.6141,6.5700,-11.3863,500000.00,-5693152.55,1.1796
27.50,-2.8052,1.1778,-0.8033,0.1142,-14.0734,-500000.00,7036705.50,1.1796
28.00,-0.0000,0.7495,-0.8918,-6.4982,-12.0153,-500000.00,6007629.13,1.1734
28.50,2.8052,0.3046,-0.8692,-11.5612,-7.9432,-500000.00,3971585.27,1.1639
29.00,5.0548,-0.1027,-0.7454,-14.1998,-2.4407,-500000.00,1220343.53,1.1541
29.50,6.3032,-0.4285,-0.5485,-13.9059,3.6281,-500000.00,-1814054.58,1.1458
30.00,6.3032,-0.6458,-0.3192,-10.6434,9.2680,-500000.00,-4634023.32,1.1394
30.50,5.0548,-0.7499,-0.1029,-4.8695,13.5311,-500000.00,-6765574.27,1.1341
31.00,2.8052,-0.7577,0.0597,2.5333,15.6901,500000.00,7845044.85,1.1292
31.50,0.0000,-0.7040,0.1404,9.7938,12.9752,500000.00,6487592.74,1.1237
32.00,-2.8052,-0.6329,0.1286,15.1586,8.1867,500000.00,4093364.56,1.1178
32.50,-5.0548,-0.5893,0.0340,17.7409,1.9796,500000.00,989778.83,1.1117
33.00,-6.3032,-0.6083,-0.1162,17.0553,-4.7155,500000.00,-2357769.95,1.1059
33.50,-6.3032,-0.7082,-0.2823,13.1197,-10.8474,500000.00,-5423711.21,1.1011
34.00,-5.0548,-0.8860,-0.4209,6.4690,-15.4277,500000.00,-7713849.73,1.0982
34.50,-2.8052,-1.1179,-0.4932,-1.9206,-17.7073,-500000.00,8853644.03,1.0985
35.00,-0.0000,-1.3637,-0.4731,-10.1782,-14.9146,-500000.00,7457284.50,1.1027
35.50,2.8052,-1.5742,-0.3529,-16.4548,-9.8669,-500000.00,4933471.07,1.1106
36.00,5.0548,-1.7017,-0.1447,-19.7806,-3.2528,-500000.00,1626415.39,1.1208
36.50,6.3032,-1.7092,0.1211,-19.6077,3.9509,-500000.00,-1975460.16,1.1308
37.00,6.3032,-1.5780,0.4023,-15.9160,10.6396,-500000.00,-5319824.83,1.1379
37.50,5.0548,-1.3121,0.6524,-9.2303,15.7695,-500000.00,-7884727.66,1.1404
38.00,2.8052,-0.9378,0.8298,-0.5440,18.5391,500000.00,9269574.24,1.1380
38.50,0.0000,-0.4993,0.9060,8.2313,16.1332,500000.00,8066609.04,1.1321
39.00,-2.8052,-0.0506,0.8707,15.1862,11.3372,500000.00,5668587.95,1.1249
39.50,-5.0548,0.3544,0.7342,19.2784,4.8220,500000.00,2411009.92,1.1186
40.00,-6.3032,0.6714,0.5250,19.8823,-2.4374,500000.00,-1218704.82,1.1142
40.50,-6.3032,0.8741,0.2841,16.9034,-9.3236,500000.00,-4661797.49,1.1115
41.00,-5.0548,0.9579,0.0571,10.8015,-14.7669,500000.00,-7383434.91,1.1098
41.50,-2.8052,0.9404,-0.1151,2.5204,-17.9305,-500000.00,8965230.81,1.1079
42.00,-0.0000,0.8568,-0.2038,-6.0580,-15.9573,-500000.00,7978666.18,1.1053
42.50,2.8052,0.7523,-0.1986,-13.0331,-11.5898,-500000.00,5794888.90,1.1019
43.00,5.0548,0.6725,-0.1087,-17.3501,-5.4581,-500000.00,2729049.58,1.0979
43.50,6.3032,0.6533,0.0386,-18.3520,1.4973,-500000.00,-748639.16,1.0939
44.00,6.3032,0.7141,0.2039,-15.8976,8.1840,-500000.00,-4091995.70,1.0903
44.50,5.0548,0.8530,0.3436,-10.3908,13.5463,-500000.00,-6773158.67,1.0880
45.00,2.8052,1.0469,0.4189,-2.7150,16.7494,500000.00,8374716.02,1.0875
45.50,-0.0000,1.2566,0.4036,5.3063,14.9266,500000.00,7463324.80,1.0895
46.00,-2.8052,1.4340,0.2899,11.8232,10.8005,500000.00,5400254.11,1.0938
46.50,-5.0548,1.5320,0.0898,15.8197,4.9738,500000.00,2486910.48,1.0994
47.00,-6.3032,1.5143,-0.1667,16.6630,-1.6452,500000.00,-822602.16,1.1045
47.50,-6.3032,1.3629,-0.4374,14.2190,-7.9978,500000.00,-3998922.36,1.1075
48.00,-5.0548,1.0822,-0.6762,8.8823,-13.0602,500000.00,-6530079.90,1.1073
48.50,-2.8052,0.6990,-0.8417,1.5123,-16.0243,-500000.00,8012153.04,1.1039
49.00,-0.0000,0.2575,-0.9058,-6.1033,-14.0434,-500000.00,7021717.49,1.0986
49.50,2.8052,-0.1881,-0.8586,-12.1582,-9.8512,-500000.00,4925616.60,1.0933
50.00,5.0548,-0.5841,-0.7105,-15.6833,-4.0523,-500000.00,2026166.42,1.0894
50.50,6.3032,-0.8864,-0.4902,-16.0910,2.4523,-500000.00,-1226143.69,1.0876
51.00,6.3032,-1.0691,-0.2393,-13.2874,8.6191,-500000.00,-4309525.24,1.0874
51.50,5.0548,-1.1282,-0.0033,-7.6976,13.4452,-500000.00,-6722623.35,1.0878
52.00,2.8052,-1.0819,0.1764,-0.1999,16.1480,500000.00,8074012.24,1.0877
52.50,0.0000,-0.9661,0.2711,7.4119,13.9067,500000.00,6953359.48,1.0867
53.00,-2.8052,-0.8269,0.2701,13.3382,9.4798,500000.00,4739917.32,1.0845
53.50,-5.0548,-0.7106,0.1826,16.6283,3.4932,500000.00,1746576.32,1.0817
54.00,-6.3032,-0.6543,0.0359,16.7224,-3.1367,500000.00,-1568354.06,1.0785
54.50,-6.3032,-0.6780,-0.1306,13.5601,-9.3573,500000.00,-4678631.94,1.0755
55.00,-5.0548,-0.7809,-0.2734,7.6030,-14.1642,500000.00,-7082076.72,1.0732
55.50,-2.8052,-0.9408,-0.3534,-0.2350,-16.7799,-500000.00,8389966.51,1.0721
56.00,-0.0000,-1.1193,-0.3446,-8.1289,-14.3955,-500000.00,7197772.13,1.0726
56.50,2.8052,-1.2691,-0.2387,-14.2552,-9.7859,-500000.00,4892943.26,1.0744
57.00,5.0548,-1.3437,-0.0477,-17.6480,-3.5961,-500000.00,1798062.74,1.0771
57.50,6.3032,-1.3074,0.1987,-17.7424,3.2367,-500000.00,-1618371.04,1.0793
58.00,6.3032,-1.1427,0.4586,-14.4830,9.6409,-500000.00,-4820427.57,1.0798
58.50,5.0548,-0.8543,0.6861,-8.3455,14.5953,-500000.00,-7297638.51,1.0781
59.00,2.8052,-0.4690,0.8401,-0.2649,17.3102,500000.00,8655117.95,1.0744
59.50,-0.0000,-0.0312,0.8928,7.9074,14.9696,500000.00,7484781.42,1.0699
60.00,-2.8052,0.4052,0.8345,14.3197,10.3467,500000.00,5173344.14,1.0662
60.50,-5.0548,0.7865,0.6761,17.9784,4.0908,500000.00,2045408.00,1.0642
61.00,-6.3032,1.0693,0.4464,18.2942,-2.8522,500000.00,-1426083.19,1.0642
61.50,-6.3032,1.2279,0.1871,15.1927,-9.3977,500000.00,-4698869.77,1.0656
62.00,-5.0548,1.2591,-0.0558,9.1377,-14.5099,500000.00,-7254966.63,1.0673
62.50,-2.8052,1.1818,-0.2410,1.0599,-17.3831,-500000.00,8691559.06,1.0683
63.00,-0.0000,1.0327,-0.3395,-7.1856,-15.1860,-500000.00,7592998.67,1.0680
63.50,2.8052,0.8587,-0.3406,-13.7365,-10.6790,-500000.00,5339506.11,1.0665
64.00,5.0548,0.7069,-0.2535,-17.5827,-4.5017,-500000.00,2250825.84,1.0642
64.50,6.3032,0.6154,-0.1054,-18.1146,2.4059,-500000.00,-1202934.70,1.0615
65.00,6.3032,0.6052,0.0643,-15.2359,8.9603,-500000.00,-4480158.91,1.0587
65.50,5.0548,0.6760,0.2118,-9.3885,14.1227,-500000.00,-7061357.02,1.0564
66.00,2.8052,0.8067,0.2981,-1.4845,17.0806,500000.00,8540310.30,1.0547
66.50,0.0000,0.9594,0.2969,6.6364,14.9930,500000.00,7496484.59,1.0540
67.00,-2.8052,1.0874,0.1998,13.1212,10.6085,500000.00,5304271.71,1.0543
67.50,-5.0548,1.1450,0.0185,16.9632,4.5545,500000.00,2277246.66,1.0550
68.00,-6.3032,1.0967,-0.2175,17.5502,-2.2408,500000.00,-1120387.56,1.0553
68.50,-6.3032,0.9253,-0.4666,14.7778,-8.7042,500000.00,-4352103.04,1.0544
69.00,-5.0548,0.6356,-0.6831,9.0754,-13.8045,500000.00,-6902236.92,1.0520
69.50,-2.8052,0.2545,-0.8264,1.3391,-16.7337,-500000.00,8366831.75,1.0484
70.00,-0.0000,-0.1738,-0.8687,-6.6084,-14.6518,-500000.00,7325909.51,1.0448
70.50,2.8052,-0.5957,-0.8006,-12.9308,-10.3055,-500000.00,5152743.07,1.0423
71.00,5.0548,-0.9578,-0.6333,-16.6366,-4.3166,-500000.00,2158301.92,1.0418
71.50,6.3032,-1.2172,-0.3959,-17.1253,2.3940,-500000.00,-1196981.84,1.0431
72.00,6.3032,-1.3489,-0.1301,-14.2999,8.7622,-500000.00,-4381099.68,1.0455
72.50,5.0548,-1.3503,0.1179,-8.5926,13.7664,-500000.00,-6883188.69,1.0479
73.00,2.8052,-1.2410,0.3065,-0.8978,16.6078,500000.00,8303900.00,1.0493
73.50,-0.0000,-1.0586,0.4068,6.9681,14.4545,500000.00,7227242.19,1.0494
74.00,-2.8052,-0.8509,0.4080,13.1785,10.0590,500000.00,5029502.40,1.0482
74.50,-5.0548,-0.6657,0.3194,16.7542,4.0469,500000.00,2023451.80,1.0461
75.00,-6.3032,-0.5421,0.1680,17.1078,-2.6600,500000.00,-1330001.33,1.0435
75.50,-6.3032,-0.5016,-0.0064,14.1556,-8.9994,500000.00,-4499678.63,1.0409
76.00,-5.0548,-0.5449,-0.1601,8.3415,-13.9534,500000.00,-6976710.71,1.0384
76.50,-2.8052,-0.6516,-0.2538,0.5691,-16.7293,-500000.00,8364658.55,1.0364
77.00,-0.0000,-0.7842,-0.2610,-7.3393,-14.5021,-500000.00,7251034.40,1.0350
77.50,2.8052,-0.8966,-0.1733,-13.5547,-10.0317,-500000.00,5015859.50,1.0341
78.00,5.0548,-0.9434,-0.0019,-17.0991,-3.9510,-500000.00,1975501.73,1.0336
78.50,6.3032,-0.8894,0.2238,-17.3902,2.8120,-500000.00,-1406007.91,1.0327
79.00,6.3032,-0.7174,0.4625,-14.3515,9.1902,-500000.00,-4595117.33,1.0310
79.50,5.0548,-0.4323,0.6688,-8.4364,14.1630,-500000.00,-7081522.55,1.0284
80.00,2.8052,-0.0609,0.8022,-0.5588,16.9368,500000.00,8468380.22,1.0252
80.50,0.0000,0.3530,0.8353,7.4485,14.6876,500000.00,7343816.90,1.0224
81.00,-2.8052,0.7560,0.7589,13.7477,10.1788,500000.00,5089378.45,1.0210
81.50,-5.0548,1.0954,0.5843,17.3534,4.0474,500000.00,2023677.74,1.0214
82.00,-6.3032,1.3287,0.3409,17.6784,-2.7731,500000.00,-1386538.30,1.0236
82.50,-6.3032,1.4318,0.0706,14.6445,-9.2096,500000.00,-4604813.03,1.0265
83.00,-5.0548,1.4026,-0.1805,8.7060,-14.2361,500000.00,-7118035.72,1.0292
83.50,-2.8052,1.2616,-0.3706,0.7805,-17.0538,-500000.00,8526917.27,1.0307
84.00,-0.0000,1.0471,-0.4708,-7.2937,-14.8354,-500000.00,7417715.42,1.0308
84.50,2.8052,0.8077,-0.4703,-13.6712,-10.3417,-500000.00,5170834.36,1.0297
85.00,5.0548,0.5921,-0.3785,-17.3587,-4.2091,-500000.00,2104546.04,1.0276
85.50,6.3032,0.4400,-0.2225,-17.7611,2.6279,-500000.00,-1313949.34,1.0252
86.00,6.3032,0.3738,-0.0420,-14.7929,9.0941,-500000.00,-4547029.65,1.0226
86.50,5.0548,0.3947,0.1189,-8.9027,14.1597,-500000.00,-7079852.43,1.0201
87.00,2.8052,0.4827,0.2208,-1.0043,17.0220,500000.00,8511023.61,1.0179
87.50,-0.0000,0.6010,0.2370,7.0654,14.8491,500000.00,7424541.80,1.0160
88.00,-2.8052,0.7038,0.1587,13.4605,10.3972,500000.00,5198621.16,1.0145
88.50,-5.0548,0.7457,-0.0028,17.1848,4.2992,500000.00,2149618.39,1.0132
89.00,-6.3032,0.6919,-0.2186,17.6388,-2.5135,500000.00,-1256737.35,1.0117
89.50,-6.3032,0.5249,-0.4476,14.7313,-8.9675,500000.00,-4483731.94,1.0096
90.00,-5.0548,0.2496,-0.6446,8.9048,-14.0336,500000.00,-7016808.71,1.0070
90.50,-2.8052,-0.1075,-0.7693,1.0668,-16.9085,-500000.00,8454240.18,1.0042
91.00,0.0000,-0.5030,-0.7946,-6.9515,-14.7583,-500000.00,7379134.42,1.0022
91.50,2.8052,-0.8839,-0.7115,-13.3084,-10.3367,-500000.00,5168370.08,1.0016
92.00,5.0548,-1.1982,-0.5314,-17.0110,-4.2733,-500000.00,2136672.54,1.0027
92.50,6.3032,-1.4040,-0.2838,-17.4609,2.5040,-500000.00,-1251985.90,1.0053
93.00,6.3032,-1.4777,-0.0107,-14.5666,8.9252,-500000.00,-4462599.80,1.0084
93.50,5.0548,-1.4182,0.2415,-8.7683,13.9642,-500000.00,-6982112.11,1.0111
94.00,2.8052,-1.2467,0.4314,-0.9701,16.8199,500000.00,8409953.02,1.0125
94.50,0.0000,-1.0022,0.5298,7.0010,14.6599,500000.00,7329952.41,1.0124
95.00,-2.8052,-0.7340,0.5261,13.3084,10.2385,500000.00,5119227.23,1.0111
95.50,-5.0548,-0.4917,0.4296,16.9638,4.1845,500000.00,2092258.56,1.0091
96.00,-6.3032,-0.3155,0.2677,17.3734,-2.5753,500000.00,-1287661.49,1.0068
96.50,-6.3032,-0.2283,0.0803,14.4490,-8.9731,500000.00,-4486557.20,1.0043
97.00,-5.0548,-0.2320,-0.0885,8.6334,-13.9853,500000.00,-6992635.58,1.0019
97.50,-2.8052,-0.3070,-0.1990,0.8316,-16.8134,-500000.00,8406692.98,0.9995
98.00,-0.0000,-0.4167,-0.2243,-7.1296,-14.6278,-500000.00,7313892.22,0.9974
98.50,2.8052,-0.5155,-0.1554,-13.4155,-10.1850,-500000.00,5092524.34,0.9956
99.00,5.0548,-0.5582,-0.0033,-17.0402,-4.1160,-500000.00,2057981.22,0.9939
99.50,6.3032,-0.5096,0.2033,-17.4132,2.6517,-500000.00,-1325871.51,0.9921
100.00,6.3032,-0.3526,0.4235,-14.4502,9.0497,-500000.00,-4524860.27,0.9899
100.50,5.0548,-0.0914,0.6123,-8.5978,14.0547,-500000.00,-7027370.42,0.9875
101.00,2.8052,0.2477,0.7298,-0.7644,16.8694,500000.00,8434717.51,0.9852
101.50,-0.0000,0.6218,0.7488,7.2205,14.6657,500000.00,7332858.20,0.9837
102.00,-2.8052,0.9785,0.6606,13.5202,10.2021,500000.00,5101062.83,0.9837
102.50,-5.0548,1.2663,0.4767,17.1480,4.1116,500000.00,2055785.56,0.9853
103.00,-6.3032,1.4440,0.2267,17.5137,-2.6761,500000.00,-1338068.27,0.9880
103.50,-6.3032,1.4889,-0.0474,14.5342,-9.0908,500000.00,-4545406.03,0.9910
104.00,-5.0548,1.4003,-0.2993,8.6581,-14.1078,500000.00,-7053896.58,0.9934
104.50,-2.8052,1.2004,-0.4872,0.7963,-16.9288,-500000.00,8464400.02,0.9945
105.00,-0.0000,0.9287,-0.5824,-7.2186,-14.7254,-500000.00,7362709.40,0.9942
105.50,2.8052,0.6354,-0.5741,-13.5470,-10.2564,-500000.00,5128224.65,0.9928
106.00,5.0548,0.3705,-0.4718,-17.1996,-4.1556,-500000.00,2077796.03,0.9908
106.50,6.3032,0.1748,-0.3032,-17.5839,2.6461,-500000.00,-1323059.24,0.9885
107.00,6.3032,0.0717,-0.1082,-14.6155,9.0770,-500000.00,-4538489.93,0.9862
107.50,5.0548,0.0636,0.0689,-8.7421,14.1107,-500000.00,-7055339.03,0.9839
108.00,2.8052,0.1309,0.1881,-0.8749,16.9473,500000.00,8473655.73,0.9817
108.50,0.0000,0.2374,0.2224,7.1527,14.7570,500000.00,7378513.72,0.9796
109.00,-2.8052,0.3374,0.1624,13.4994,10.2975,500000.00,5148749.43,0.9776
109.50,-5.0548,0.3857,0.0190,17.1740,4.2017,500000.00,2100851.62,0.9757
110.00,-6.3032,0.3472,-0.1793,17.5817,-2.5996,500000.00,-1299797.34,0.9738
110.50,-6.3032,0.2041,-0.3918,14.6357,-9.0345,500000.00,-4517252.56,0.9717
111.00,-5.0548,-0.0395,-0.5738,8.7817,-14.0761,500000.00,-7038054.97,0.9695
111.50,-2.8052,-0.3579,-0.6855,0.9292,-16.9236,-500000.00,8461782.28,0.9677
112.00,-0.0000,-0.7086,-0.6998,-7.0897,-14.7458,-500000.00,7372920.59,0.9667
112.50,2.8052,-1.0399,-0.6081,-13.4340,-10.2993,-500000.00,5149664.34,0.9670
113.00,5.0548,-1.3009,-0.4221,-17.1127,-4.2157,-500000.00,2107869.85,0.9687
113.50,6.3032,-1.4511,-0.1713,-17.5300,2.5753,-500000.00,-1287643.43,0.9714
114.00,6.3032,-1.4683,0.1022,-14.5982,9.0027,-500000.00,-4501373.71,0.9741
114.50,5.0548,-1.3529,0.3520,-8.7612,14.0403,-500000.00,-7020148.76,0.9761
115.00,2.8052,-1.1273,0.5367,-0.9268,16.8873,500000.00,8443657.05,0.9768
115.50,0.0000,-0.8320,0.6274,7.0745,14.7126,500000.00,7356317.41,0.9762
116.00,-2.8052,-0.5175,0.6135,13.4037,10.2722,500000.00,5136094.07,0.9747
116.50,-5.0548,-0.2345,0.5047,17.0707,4.1970,500000.00,2098480.14,0.9727
117.00,-6.3032,-0.0241,0.3287,17.4811,-2.5843,500000.00,-1292160.03,0.9706
117.50,-6.3032,0.0897,0.1258,14.5473,-9.0016,500000.00,-4500823.64,0.9686
118.00,-5.0548,0.1047,-0.0596,8.7132,-14.0297,500000.00,-7014831.60,0.9666
118.50,-2.8052,0.0399,-0.1873,0.8863,-16.8686,-500000.00,8434312.88,0.9645
119.00,0.0000,-0.0684,-0.2301,-7.1041,-14.6881,-500000.00,7344034.68,0.9625
119.50,2.8052,-0.1743,-0.1784,-13.4201,-10.2444,-500000.00,5122188.69,0.9606
120.00,5.0548,-0.2326,-0.0428,-17.0730,-4.1687,-500000.00,2084358.76,0.9587
120.50,6.3032,-0.2078,0.1483,-17.4697,2.6103,-500000.00,-1305138.72,0.9568
121.00,6.3032,-0.0818,0.3544,-14.5240,9.0230,-500000.00,-4511476.31,0.9549
121.50,5.0548,0.1417,0.5310,-8.6808,14.0445,-500000.00,-7022254.68,0.9530
122.00,2.8052,0.4376,0.6384,-0.8484,16.8759,500000.00,8437955.19,0.9514
122.50,0.0000,0.7639,0.6495,7.1437,14.6875,500000.00,7343732.86,0.9507
123.00,-2.8052,1.0695,0.5560,13.4575,10.2363,500000.00,5118163.87,0.9512
123.50,-5.0548,1.3042,0.3694,17.1048,4.1544,500000.00,2077176.75,0.9529
124.00,-6.3032,1.4282,0.1194,17.4931,-2.6293,500000.00,-1314638.32,0.9553
124.50,-6.3032,1.4200,-0.1521,14.5371,-9.0445,500000.00,-4522273.57,0.9576
125.00,-5.0548,1.2803,-0.3987,8.6830,-14.0665,500000.00,-7033255.51,0.9591
125.50,-2.8052,1.0325,-0.5789,0.8398,-16.8962,-500000.00,8448099.44,0.9594
126.00,-0.0000,0.7174,-0.6641,-7.1616,-14.7042,-500000.00,7352093.84,0.9586
126.50,2.8052,0.3861,-0.6439,-13.4825,-10.2481,-500000.00,5124030.34,0.9570
127.00,5.0548,0.0896,-0.5281,-17.1342,-4.1602,-500000.00,2080110.27,0.9551
127.50,6.3032,-0.1306,-0.3445,-17.5239,2.6295,-500000.00,-1314774.78,0.9533
128.00,6.3032,-0.2503,-0.1336,-14.5663,9.0506,-500000.00,-4525317.27,0.9516
128.50,5.0548,-0.2671,0.0599,-8.7079,14.0775,-500000.00,-7038774.12,0.9499
129.00,2.8052,-0.2002,0.1957,-0.8582,16.9109,500000.00,8455445.41,0.9481
129.50,0.0000,-0.0858,0.2463,7.1511,14.7210,500000.00,7360476.75,0.9463
130.00,-2.8052,0.0301,0.2020,13.4806,10.2652,500000.00,5132599.32,0.9445
130.50,-5.0548,0.1019,0.0731,17.1406,4.1761,500000.00,2088038.18,0.9427
131.00,-6.3032,0.0938,-0.1120,17.5376,-2.6164,500000.00,-1308213.54,0.9409
131.50,-6.3032,-0.0128,-0.3131,14.5856,-9.0414,500000.00,-4520682.46,0.9392
132.00,-5.0548,-0.2146,-0.4858,8.7307,-14.0728,500000.00,-7036414.27,0.9375
132.50,-2.8052,-0.4871,-0.5902,0.8822,-16.9109,-500000.00,8455474.88,0.9362
133.00,-0.0000,-0.7889,-0.5998,-7.1283,-14.7256,-500000.00,7362776.21,0.9357
133.50,2.8052,-1.0695,-0.5059,-13.4611,-10.2737,-500000.00,5136838.56,0.9362
134.00,5.0548,-1.2793,-0.3202,-17.1261,-4.1874,-500000.00,2093717.89,0.9377
134.50,6.3032,-1.3792,-0.0722,-17.5292,2.6034,-500000.00,-1301705.84,0.9397
135.00,6.3032,-1.3481,0.1960,-14.5839,9.0280,-500000.00,-4514008.42,0.9416
135.50,5.0548,-1.1876,0.4382,-8.7355,14.0604,-500000.00,-7030219.17,0.9426
136.00,2.8052,-0.9212,0.6132,-0.8927,16.9007,500000.00,8450326.80,0.9425
136.50,0.0000,-0.5905,0.6923,7.1134,14.7182,500000.00,7359115.57,0.9415
137.00,-2.8052,-0.2468,0.6653,13.4434,10.2699,500000.00,5134942.30,0.9399
137.50,-5.0548,0.0586,0.5421,17.1074,4.1874,500000.00,2093681.01,0.9382
138.00,-6.3032,0.2839,0.3509,17.5114,-2.5999,500000.00,-1299970.49,0.9366
138.50,-6.3032,0.4049,0.1323,14.5686,-9.0215,500000.00,-4510752.93,0.9353
139.00,-5.0548,0.4191,-0.0688,8.7240,-14.0517,500000.00,-7025828.47,0.9339
139.50,-2.8052,0.3458,-0.2120,0.8860,-16.8906,-500000.00,8445275.41,0.9325
140.00,-0.0000,0.2215,-0.2695,-7.1149,-14.7078,-500000.00,7353917.97,0.9309
140.50,2.8052,0.0924,-0.2316,-13.4398,-10.2602,-500000.00,5130101.82,0.9293
141.00,5.0548,0.0043,-0.1083,-17.0994,-4.1793,-500000.00,2089642.35,0.9276
141.50,6.3032,-0.0063,0.0722,-17.4999,2.6057,-500000.00,-1302860.86,0.9260
142.00,6.3032,0.0794,0.2697,-14.5549,9.0246,-500000.00,-4512275.07,0.9244
142.50,5.0548,0.2587,0.4397,-8.7095,14.0518,-500000.00,-7025903.78,0.9229
143.00,2.8052,0.5078,0.5428,-0.8721,16.8879,500000.00,8443967.26,0.9218
143.50,0.0000,0.7858,0.5522,7.1269,14.7028,500000.00,7351418.71,0.9213
144.00,-2.8052,1.0428,0.4592,13.4488,10.2534,500000.00,5126708.13,0.9218
144.50,-5.0548,1.2298,0.2756,17.1047,4.1714,500000.00,2085721.84,0.9230
145.00,-6.3032,1.3081,0.0309,17.5012,-2.6138,500000.00,-1306908.22,0.9246
145.50,-6.3032,1.2575,-0.2330,14.5522,-9.0321,500000.00,-4516056.70,0.9260
146.00,-5.0548,1.0796,-0.4701,8.7034,-14.0581,500000.00,-7029071.60,0.9265
146.50,-2.8052,0.7988,-0.6391,0.8632,-16.8925,-500000.00,8446248.79,0.9261
147.00,0.0000,0.4567,-0.7117,-7.1375,-14.7053,-500000.00,7352639.34,0.9250
147.50,2.8052,0.1050,-0.6777,-13.4601,-10.2536,-500000.00,5126803.07,0.9234
148.00,5.0548,-0.2048,-0.5473,-17.1155,-4.1695,-500000.00,2084736.91,0.9219
148.50,6.3032,-0.4308,-0.3488,-17.5106,2.6177,-500000.00,-1308826.32,0.9207
149.00,6.3032,-0.5489,-0.1229,-14.5593,9.0374,-500000.00,-4518679.35,0.9197
149.50,5.0548,-0.5567,0.0852,-8.7076,14.0642,-500000.00,-7032114.07,0.9188
150.00,2.8052,-0.4735,0.2350,-0.8644,16.8988,500000.00,8449400.14,0.9176
150.50,0.0000,-0.3363,0.2984,7.1395,14.7112,500000.00,7355593.41,0.9163
151.00,-2.8052,-0.1913,0.2657,13.4648,10.2586,500000.00,5129287.45,0.9149
151.50,-5.0548,-0.0851,0.1467,17.1224,4.1731,500000.00,2086537.34,0.9134
152.00,-6.3032,-0.0544,-0.0304,17.5189,-2.6157,500000.00,-1307848.39,0.9119
152.50,-6.3032,-0.1186,-0.2256,14.5681,-9.0372,500000.00,-4518577.16,0.9104
153.00,-5.0548,-0.2756,-0.3945,8.7161,-14.0657,500000.00,-7032854.68,0.9091
153.50,-2.8052,-0.5020,-0.4975,0.8717,-16.9017,-500000.00,8450871.74,0.9080
154.00,-0.0000,-0.7575,-0.5080,-7.1339,-14.7152,-500000.00,7357619.87,0.9076
154.50,2.8052,-0.9929,-0.4172,-13.4614,-10.2633,-500000.00,5131648.25,0.9079
155.00,5.0548,-1.1597,-0.2368,-17.1215,-4.1780,-500000.00,2088990.78,0.9088
155.50,6.3032,-1.2196,0.0037,-17.5203,2.6111,-500000.00,-1305541.04,0.9100
156.00,6.3032,-1.1528,0.2626,-14.5717,9.0333,-500000.00,-4516629.06,0.9109
156.50,5.0548,-0.9616,0.4940,-8.7214,14.0629,-500000.00,-7031434.29,0.9110
157.00,2.8052,-0.6703,0.6568,-0.8781,16.9002,500000.00,8450088.93,0.9104
157.50,0.0000,-0.3211,0.7227,7.1270,14.7150,500000.00,7357518.29,0.9091
158.00,-2.8052,0.0344,0.6818,13.4548,10.2644,500000.00,5132204.37,0.9077
158.50,-5.0548,0.3444,0.5444,17.1157,4.1802,500000.00,2090119.45,0.9064
159.00,-6.3032,0.5673,0.3390,17.5159,-2.6080,500000.00,-1303975.50,0.9056
159.50,-6.3032,0.6788,0.1065,14.5690,-9.0296,500000.00,-4514797.42,0.9050
160.00,-5.0548,0.6768,-0.1078,8.7206,-14.0590,500000.00,-7029524.39,0.9043
160.50,-2.8052,0.5809,-0.2632,0.8792,-16.8966,-500000.00,8448286.92,0.9035
161.00,-0.0000,0.4283,-0.3315,-7.1243,-14.7120,-500000.00,7355990.93,0.9024
161.50,2.8052,0.2658,-0.3027,-13.4508,-10.2622,-500000.00,5131084.10,0.9011
162.00,5.0548,0.1403,-0.1868,-17.1107,-4.1790,-500000.00,2089493.35,0.8998
162.50,6.3032,0.0890,-0.0117,-17.5106,2.6081,-500000.00,-1304071.74,0.8984
163.00,6.3032,0.1318,0.1825,-14.5639,9.0288,-500000.00,-4514380.45,0.8971
163.50,5.0548,0.2673,0.3515,-8.7161,14.0573,-500000.00,-7028659.04,0.8958
164.00,2.8052,0.4724,0.4557,-0.8757,16.8942,500000.00,8447077.68,0.8948
164.50,-0.0000,0.7075,0.4683,7.1264,14.7091,500000.00,7354570.01,0.8943
165.00,-2.8052,0.9239,0.3807,13.4514,10.2592,500000.00,5129597.47,0.8944
165.50,-5.0548,1.0733,0.2044,17.1100,4.1762,500000.00,2088086.16,0.8950
166.00,-6.3032,1.1183,-0.0313,17.5085,-2.6105,500000.00,-1305269.04,0.8958
166.50,-6.3032,1.0391,-0.2847,14.5607,-9.0305,500000.00,-4515263.79,0.8962
167.00,-5.0548,0.8383,-0.5100,8.7122,-14.0583,500000.00,-7029159.40,0.8961
167.50,-2.8052,0.5406,-0.6664,0.8716,-16.8943,-500000.00,8447165.96,0.8952
168.00,-0.0000,0.1882,-0.7257,-7.1305,-14.7085,-500000.00,7354257.88,0.8940
168.50,2.8052,-0.1671,-0.6781,-13.4550,-10.2579,-500000.00,5128934.25,0.8927
169.00,5.0548,-0.4737,-0.5342,-17.1127,-4.1743,-500000.00,2087152.28,0.8917
169.50,6.3032,-0.6899,-0.3225,-17.5102,2.6127,-500000.00,-1306371.21,0.8912
170.00,6.3032,-0.7917,-0.0842,-14.5613,9.0328,-500000.00,-4516420.83,0.8909
170.50,5.0548,-0.7773,0.1353,-8.7116,14.0605,-500000.00,-7030258.16,0.8906
171.00,2.8052,-0.6665,0.2951,-0.8700,16.8962,500000.00,8448104.40,0.8900
171.50,0.0000,-0.4969,0.3671,7.1329,14.7099,500000.00,7354954.22,0.8892
172.00,-2.8052,-0.3159,0.3411,13.4579,10.2587,500000.00,5129333.82,0.8880
172.50,-5.0548,-0.1706,0.2270,17.1159,4.1745,500000.00,2087231.41,0.8868
173.00,-6.3032,-0.0990,0.0527,17.5133,-2.6132,500000.00,-1306604.46,0.8855
173.50,-6.3032,-0.1213,-0.1417,14.5641,-9.0339,500000.00,-4516928.95,0.8843
174.00,-5.0548,-0.2366,-0.3119,8.7138,-14.0620,500000.00,-7030979.25,0.8831
174.50,-2.8052,-0.4224,-0.4183,0.8713,-16.8979,-500000.00,8448959.21,0.8821
175.00,0.0000,-0.6396,-0.4341,-7.1324,-14.7117,-500000.00,7355854.64,0.8815
175.50,2.8052,-0.8398,-0.3505,-13.4584,-10.2604,-500000.00,5130191.66,0.8814
176.00,5.0548,-0.9753,-0.1788,-17.1171,-4.1759,-500000.00,2087966.85,0.8817
176.50,6.3032,-1.0087,0.0515,-17.5152,2.6121,-500000.00,-1306055.67,0.8821
177.00,6.3032,-0.9208,0.2992,-14.5664,9.0332,-500000.00,-4516610.09,0.8822
177.50,5.0548,-0.7143,0.5184,-8.7163,14.0618,-500000.00,-7030909.55,0.8818
178.00,2.8052,-0.4141,0.6684,-0.8738,16.8983,500000.00,8449133.18,0.8808
178.50,0.0000,-0.0622,0.7214,7.1303,14.7125,500000.00,7356243.79,0.8796
179.00,-2.8052,0.2894,0.6676,13.4567,10.2615,500000.00,5130748.34,0.8785
179.50,-5.0548,0.5893,0.5178,17.1161,4.1773,500000.00,2088629.75,0.8778
180.00,-6.3032,0.7959,0.3007,17.5148,-2.6107,500000.00,-1305355.02,0.8776
180.50,-6.3032,0.8856,0.0575,14.5667,-9.0319,500000.00,-4515940.42,0.8776
181.00,-5.0548,0.8567,-0.1662,8.7172,-14.0607,500000.00,-7030333.28,0.8776
181.50,-2.8052,0.7296,-0.3294,0.8752,-16.8974,-500000.00,8448700.78,0.8772
182.00,0.0000,0.5422,-0.4039,-7.1285,-14.7120,-500000.00,7355989.51,0.8764
182.50,2.8052,0.3423,-0.3796,-13.4547,-10.2614,-500000.00,5130687.78,0.8754
183.00,5.0548,0.1776,-0.2661,-17.1141,-4.1775,-500000.00,2088759.24,0.8743
183.50,6.3032,0.0865,-0.0915,-17.5131,2.6101,-500000.00,-1305057.10,0.8731
184.00,6.3032,0.0897,0.1042,-14.5653,9.0310,-500000.00,-4515510.74,0.8719
184.50,5.0548,0.1867,0.2766,-8.7164,14.0596,-500000.00,-7029819.28,0.8708
185.00,2.8052,0.3557,0.3862,-0.8749,16.8963,500000.00,8448155.64,0.8698
185.50,0.0000,0.5578,0.4058,7.1282,14.7109,500000.00,7355466.79,0.8691
186.00,-2.8052,0.7449,0.3267,13.4540,10.2605,500000.00,5130236.30,0.8688
186.50,-5.0548,0.8698,0.1602,17.1130,4.1768,500000.00,2088418.61,0.8688
187.00,-6.3032,0.8953,-0.0646,17.5117,-2.6105,500000.00,-1305259.75,0.8689
187.50,-6.3032,0.8024,-0.3063,14.5638,-9.0311,500000.00,-4515562.79,0.8687
188.00,-5.0548,0.5938,-0.5196,8.7149,-14.0594,500000.00,-7029723.11,0.8681
188.50,-2.8052,0.2944,-0.6636,0.8736,-16.8959,-500000.00,8447927.66,0.8671
189.00,-0.0000,-0.0535,-0.7107,-7.1293,-14.7103,-500000.00,7355135.20,0.8660
189.50,2.8052,-0.3984,-0.6514,-13.4547,-10.2597,-500000.00,5129837.79,0.8651
190.00,5.0548,-0.6888,-0.4964,-17.1133,-4.1760,-500000.00,2087994.51,0.8647
190.50,6.3032,-0.8836,-0.2748,-17.5116,2.6113,-500000.00,-1305667.72,0.8647
191.00,6.3032,-0.9593,-0.0277,-14.5633,9.0318,-500000.00,-4515916.47,0.8650
191.50,5.0548,-0.9146,0.1992,-8.7140,14.0600,-500000.00,-7029991.37,0.8651
192.00,2.8052,-0.7704,0.3647,-0.8725,16.8962,500000.00,8448089.06,0.8649
192.50,-0.0000,-0.5650,0.4407,7.1305,14.7104,500000.00,7355179.54,0.8642
193.00,-2.8052,-0.3466,0.4168,13.4558,10.2595,500000.00,5129766.55,0.8633
193.50,-5.0548,-0.1634,0.3029,17.1143,4.1756,500000.00,2087820.12,0.8622
194.00,-6.3032,-0.0541,0.1269,17.5124,-2.6118,500000.00,-1305923.57,0.8611
194.50,-6.3032,-0.0401,-0.0710,14.5638,-9.0325,500000.00,-4516225.39,0.8600
195.00,-5.0548,-0.1213,-0.2465,8.7142,-14.0606,500000.00,-7030321.28,0.8589
195.50,-2.8052,-0.2761,-0.3598,0.8724,-16.8968,-500000.00,8448407.44,0.8579
196.00,-0.0000,-0.4661,-0.3838,-7.1309,-14.7109,-500000.00,7355456.55,0.8572
196.50,2.8052,-0.6434,-0.3097,-13.4565,-10.2600,-500000.00,5129977.77,0.8567
197.00,5.0548,-0.7611,-0.1485,-17.1152,-4.1759,-500000.00,2087948.60,0.8565
197.50,6.3032,-0.7822,0.0707,-17.5133,2.6118,-500000.00,-1305886.08,0.8563
198.00,6.3032,-0.6876,0.3067,-14.5647,9.0326,-500000.00,-4516278.02,0.8559
198.50,5.0548,-0.4803,0.5142,-8.7150,14.0609,-500000.00,-7030454.61,0.8552
199.00,2.8052,-0.1850,0.6527,-0.8730,16.8972,500000.00,8448604.81,0.8542
199.50,0.0000,0.1562,0.6946,7.1305,14.7114,500000.00,7355696.00,0.8531
200.00,-2.8052,0.4918,0.6304,13.4563,10.2605,500000.00,5130234.38,0.8524
200.50,-5.0548,0.7706,0.4712,17.1152,4.1764,500000.00,2088197.03,0.8522
201.00,-6.3032,0.9519,0.2459,17.5136,-2.6113,500000.00,-1305669.14,0.8525
201.50,-6.3032,1.0124,-0.0041,14.5652,-9.0322,500000.00,-4516111.74,0.8529
202.00,-5.0548,0.9513,-0.2330,8.7157,-14.0607,500000.00,-7030352.41,0.8532
202.50,-2.8052,0.7899,-0.3998,0.8737,-16.8971,-500000.00,8448573.31,0.8530
203.00,0.0000,0.5668,-0.4761,-7.1297,-14.7115,-500000.00,7355734.76,0.8524
203.50,2.8052,0.3307,-0.4516,-13.4557,-10.2607,-500000.00,5130336.28,0.8515
204.00,5.0548,0.1304,-0.3364,-17.1147,-4.1767,-500000.00,2088349.26,0.8505
204.50,6.3032,0.0049,-0.1582,-17.5133,2.6110,-500000.00,-1305483.57,0.8495
205.00,6.3032,-0.0239,0.0427,-14.5651,9.0318,-500000.00,-4515912.17,0.8485
205.50,5.0548,0.0440,0.2219,-8.7157,14.0603,-500000.00,-7030158.57,0.8474
206.00,2.8052,0.1876,0.3394,-0.8740,16.8968,500000.00,8448403.43,0.8465
206.50,0.0000,0.3685,0.3682,7.1294,14.7112,500000.00,7355603.89,0.8456
207.00,-2.8052,0.5393,0.2992,13.4552,10.2605,500000.00,5130255.01,0.8450
207.50,-5.0548,0.6531,0.1434,17.1142,4.1766,500000.00,2088322.93,0.8446
208.00,-6.3032,0.6730,-0.0703,17.5127,-2.6109,500000.00,-1305455.12,0.8442
208.50,-6.3032,0.5800,-0.3009,14.5646,-9.0317,500000.00,-4515834.33,0.8437
209.00,-5.0548,0.3768,-0.5032,8.7153,-14.0601,500000.00,-7030041.19,0.8429
209.50,-2.8052,0.0883,-0.6368,0.8737,-16.8965,-500000.00,8448259.63,0.8419
210.00,-0.0000,-0.2438,-0.6741,-7.1295,-14.7109,-500000.00,7355448.70,0.8410
210.50,2.8052,-0.5681,-0.6060,-13.4552,-10.2602,-500000.00,5130103.80,0.8404
211.00,5.0548,-0.8338,-0.4434,-17.1140,-4.1764,-500000.00,2088189.93,0.8404
211.50,6.3032,-1.0004,-0.2154,-17.5124,2.6111,-500000.00,-1305558.09,0.8408
212.00,6.3032,-1.0452,0.0364,-14.5642,9.0318,-500000.00,-4515898.91,0.8414
212.50,5.0548,-0.9677,0.2664,-8.7149,14.0601,-500000.00,-7030063.08,0.8417
213.00,2.8052,-0.7894,0.4334,-0.8733,16.8965,500000.00,8448238.83,0.8416
213.50,0.0000,-0.5496,0.5091,7.1299,14.7108,500000.00,7355389.27,0.8410
214.00,-2.8052,-0.2974,0.4833,13.4555,10.2600,500000.00,5130013.30,0.8402
214.50,-5.0548,-0.0818,0.3658,17.1142,4.1762,500000.00,2088078.52,0.8392
215.00,-6.3032,0.0577,0.1847,17.5125,-2.6114,500000.00,-1305678.76,0.8382
215.50,-6.3032,0.0990,-0.0198,14.5642,-9.0320,500000.00,-4516016.87,0.8373
216.00,-5.0548,0.0415,-0.2031,8.7148,-14.0603,500000.00,-7030167.20,0.8363
216.50,-2.8052,-0.0938,-0.3252,0.8731,-16.8966,-500000.00,8448319.84,0.8354
217.00,-0.0000,-0.2688,-0.3589,-7.1302,-14.7109,-500000.00,7355440.56,0.8345
217.50,2.8052,-0.4363,-0.2950,-13.4558,-10.2601,-500000.00,5130031.43,0.8338
218.00,5.0548,-0.5493,-0.1444,-17.1145,-4.1761,-500000.00,2088063.37,0.8333
218.50,6.3032,-0.5709,0.0642,-17.5128,2.6114,-500000.00,-1305724.12,0.8327
219.00,6.3032,-0.4822,0.2898,-14.5644,9.0322,-500000.00,-4516086.63,0.8321
219.50,5.0548,-0.2858,0.4875,-8.7149,14.0605,-500000.00,-7030253.51,0.8313
220.00,2.8052,-0.0062,0.6168,-0.8731,16.8968,500000.00,8448413.66,0.8303
220.50,-0.0000,0.3149,0.6504,7.1302,14.7111,500000.00,7355532.57,0.8295
221.00,-2.8052,0.6265,0.5791,13.4559,10.2602,500000.00,5130112.92,0.8291
221.50,-5.0548,0.8782,0.4141,17.1147,4.1763,500000.00,2088127.09,0.8292
222.00,-6.3032,1.0297,0.1844,17.5131,-2.6114,500000.00,-1305683.39,0.8298
222.50,-6.3032,1.0588,-0.0683,14.5647,-9.0321,500000.00,-4516071.67,0.8303
223.00,-5.0548,0.9652,-0.2984,8.7152,-14.0605,500000.00,-7030264.48,0.8307
223.50,-2.8052,0.7711,-0.4648,0.8734,-16.8969,-500000.00,8448448.25,0.8305
224.00,-0.0000,0.5159,-0.5390,-7.1300,-14.7112,-500000.00,7355586.33,0.8300
224.50,2.8052,0.2493,-0.5110,-13.4558,-10.2604,-500000.00,5130179.78,0.8291
225.00,5.0548,0.0205,-0.3906,-17.1147,-4.1764,-500000.00,2088200.03,0.8282
225.50,6.3032,-0.1305,-0.2060,-17.5131,2.6112,-500000.00,-1305611.64,0.8273
226.00,6.3032,-0.1815,0.0025,-14.5648,9.0320,-500000.00,-4516007.89,0.8264
226.50,5.0548,-0.1316,0.1901,-8.7153,14.0604,-500000.00,-7030214.37,0.8256
227.00,2.8052,-0.0016,0.3170,-0.8736,16.8968,500000.00,8448415.94,0.8246
227.50,0.0000,0.1705,0.3556,7.1298,14.7111,500000.00,7355574.02,0.8238
228.00,-2.8052,0.3376,0.2966,13.4556,10.2604,500000.00,5130187.68,0.8230
228.50,-5.0548,0.4525,0.1509,17.1145,4.1765,500000.00,2088226.40,0.8224
229.00,-6.3032,0.4786,-0.0531,17.5129,-2.6111,500000.00,-1305570.22,0.8218
229.50,-6.3032,0.3966,-0.2743,14.5647,-9.0319,500000.00,-4515956.10,0.8211
230.00,-5.0548,0.2090,-0.4679,8.7153,-14.0603,500000.00,-7030157.68,0.8203
230.50,-2.8052,-0.0600,-0.5938,0.8736,-16.8967,-500000.00,8448359.98,0.8194
231.00,-0.0000,-0.3688,-0.6245,-7.1297,-14.7110,-500000.00,7355524.11,0.8187
231.50,2.8052,-0.6669,-0.5510,-13.4555,-10.2603,-500000.00,5130148.29,0.8184
232.00,5.0548,-0.9042,-0.3845,-17.1143,-4.1764,-500000.00,2088200.76,0.8186
232.50,6.3032,-1.0406,-0.1540,-17.5128,2.6112,-500000.00,-1305580.31,0.8191
233.00,6.3032,-1.0544,0.0987,-14.5645,9.0319,-500000.00,-4515950.45,0.8197
233.50,5.0548,-0.9458,0.3281,-8.7151,14.0603,-500000.00,-7030137.59,0.8200
234.00,2.8052,-0.7372,0.4930,-0.8734,16.8967,500000.00,8448328.08,0.8198
234.50,0.0000,-0.4685,0.5650,7.1298,14.7110,500000.00,7355484.01,0.8193
235.00,-2.8052,-0.1895,0.5342,13.4555,10.2602,500000.00,5130104.22,0.8184
235.50,-5.0548,0.0501,0.4105,17.1143,4.1763,500000.00,2088157.13,0.8176
236.00,-6.3032,0.2101,0.2220,17.5127,-2.6112,500000.00,-1305619.36,0.8168
236.50,-6.3032,0.2680,0.0093,14.5644,-9.0320,500000.00,-4515981.42,0.8160
237.00,-5.0548,0.2228,-0.1829,8.7150,-14.0603,500000.00,-7030157.91,0.8152
237.50,-2.8052,0.0953,-0.3144,0.8733,-16.8967,-500000.00,8448336.33,0.8143
238.00,0.0000,-0.0767,-0.3577,-7.1299,-14.7110,-500000.00,7355480.00,0.8135
238.50,2.8052,-0.2459,-0.3033,-13.4556,-10.2602,-500000.00,5130088.93,0.8127
239.00,5.0548,-0.3654,-0.1620,-17.1144,-4.1763,-500000.00,2088132.56,0.8121
239.50,6.3032,-0.3981,0.0378,-17.5128,2.6113,-500000.00,-1305650.41,0.8114
240.00,6.3032,-0.3246,0.2553,-14.5645,9.0320,-500000.00,-4516015.67,0.8107
240.50,5.0548,-0.1474,0.4457,-8.7150,14.0604,-500000.00,-7030191.93,0.8099
241.00,2.8052,0.1097,0.5688,-0.8733,16.8967,500000.00,8448366.88,0.8091
241.50,0.0000,0.4056,0.5975,7.1300,14.7110,500000.00,7355504.34,0.8084
242.00,-2.8052,0.6898,0.5227,13.4557,10.2602,500000.00,5130105.03,0.8082
242.50,-5.0548,0.9127,0.3555,17.1145,4.1763,500000.00,2088139.30,0.8084
243.00,-6.3032,1.0347,0.1252,17.5129,-2.6113,500000.00,-1305653.23,0.8090
243.50,-6.3032,1.0342,-0.1268,14.5645,-9.0321,500000.00,-4516027.31,0.8095
244.00,-5.0548,0.9119,-0.3547,8.7151,-14.0604,500000.00,-7030210.85,0.8097
244.50,-2.8052,0.6905,-0.5174,0.8733,-16.8968,-500000.00,8448390.92,0.8095
245.00,-0.0000,0.4102,-0.5867,-7.1300,-14.7111,-500000.00,7355530.95,0.8089
245.50,2.8052,0.1211,-0.5526,-13.4557,-10.2603,-500000.00,5130131.55,0.8081
246.00,5.0548,-0.1267,-0.4252,-17.1145,-4.1763,-500000.00,2088163.20,0.8073
246.50,6.3032,-0.2931,-0.2327,-17.5129,2.6113,-500000.00,-1305634.10,0.8066
247.00,6.3032,-0.3552,-0.0156,-14.5646,9.0320,-500000.00,-4516014.55,0.8059
247.50,5.0548,-0.3121,0.1810,-8.7152,14.0604,-500000.00,-7030205.36,0.8052
248.00,2.8052,-0.1845,0.3169,-0.8734,16.8968,500000.00,8448392.88,0.8044
248.50,-0.0000,-0.0101,0.3646,7.1299,14.7111,500000.00,7355539.80,0.8036
249.00,-2.8052,0.1637,0.3145,13.4557,10.2603,500000.00,5130146.11,0.8029
249.50,-5.0548,0.2897,0.1771,17.1145,4.1764,500000.00,2088181.80,0.8022
250.00,-6.3032,0.3309,-0.0192,17.5129,-2.6112,500000.00,-1305613.43,0.8015
250.50,-6.3032,0.2674,-0.2337,14.5646,-9.0320,500000.00,-4515993.88,0.8008
251.00,-5.0548,0.1016,-0.4217,8.7152,-14.0604,500000.00,-7030186.67,0.8000
251.50,-2.8052,-0.1430,-0.5430,0.8734,-16.8968,-500000.00,8448377.85,0.7992
252.00,-0.0000,-0.4256,-0.5704,-7.1298,-14.7111,-500000.00,7355529.70,0.7987
252.50,2.8052,-0.6962,-0.4951,-13.4556,-10.2603,-500000.00,5130141.66,0.7985
253.00,5.0548,-0.9053,-0.3281,-17.1144,-4.1764,-500000.00,2088183.14,0.7987
253.50,6.3032,-1.0137,-0.0986,-17.5129,2.6112,-500000.00,-1305606.70,0.7992
254.00,6.3032,-1.0003,0.1519,-14.5646,9.0320,-500000.00,-4515982.67,0.7996
254.50,5.0548,-0.8660,0.3777,-8.7152,14.0603,-500000.00,-7030172.27,0.7998
255.00,2.8052,-0.6337,0.5377,-0.8734,16.8967,500000.00,8448361.79,0.7995
255.50,0.0000,-0.3441,0.6038,7.1298,14.7110,500000.00,7355513.59,0.7988
256.00,-2.8052,-0.0473,0.5661,13.4556,10.2603,500000.00,5130127.04,0.7981
256.50,-5.0548,0.2063,0.4348,17.1144,4.1763,500000.00,2088171.34,0.7973
257.00,-6.3032,0.3765,0.2382,17.5128,-2.6112,500000.00,-1305614.70,0.7967
257.50,-6.3032,0.4403,0.0169,14.5645,-9.0320,500000.00,-4515986.28,0.7962
258.00,-5.0548,0.3968,-0.1840,8.7151,-14.0603,500000.00,-7030171.37,0.7956
258.50,-2.8052,0.2666,-0.3241,0.8734,-16.8967,-500000.00,8448356.68,0.7949
259.00,-0.0000,0.0876,-0.3757,-7.1299,-14.7110,-500000.00,7355504.96,0.7942
259.50,2.8052,-0.0926,-0.3292,-13.4556,-10.2602,-500000.00,5130115.89,0.7934
260.00,5.0548,-0.2269,-0.1951,-17.1144,-4.1763,-500000.00,2088158.86,0.7927
260.50,6.3032,-0.2777,-0.0016,-17.5128,2.6113,-500000.00,-1305627.26,0.7921
261.00,6.3032,-0.2253,0.2106,-14.5645,9.0320,-500000.00,-4515997.71,0.7914
261.50,5.0548,-0.0715,0.3969,-8.7151,14.0604,-500000.00,-7030180.64,0.7906
262.00,2.8052,0.1604,0.5171,-0.8734,16.8967,500000.00,8448363.01,0.7899
262.50,0.0000,0.4300,0.5442,7.1299,14.7110,500000.00,7355507.89,0.7894
263.00,-2.8052,0.6874,0.4690,13.4556,10.2602,500000.00,5130115.31,0.7892
263.50,-5.0548,0.8837,0.3029,17.1145,4.1763,500000.00,2088154.99,0.7894
264.00,-6.3032,0.9799,0.0749,17.5128,-2.6113,500000.00,-1305633.89,0.7898
264.50,-6.3032,0.9552,-0.1735,14.5645,-9.0320,500000.00,-4516006.34,0.7901
265.00,-5.0548,0.8107,-0.3966,8.7151,-14.0604,500000.00,-7030190.33,0.7902
265.50,-2.8052,0.5697,-0.5535,0.8734,-16.8967,-500000.00,8448372.80,0.7898
266.00,-0.0000,0.2730,-0.6162,-7.1299,-14.7110,-500000.00,7355516.83,0.7892
266.50,2.8052,-0.0290,-0.5748,-13.4557,-10.2602,-500000.00,5130122.58,0.7884
267.00,5.0548,-0.2860,-0.4395,-17.1145,-4.1763,-500000.00,2088159.99,0.7878
267.50,6.3032,-0.4575,-0.2388,-17.5129,2.6113,-500000.00,-1305631.52,0.7873
268.00,6.3032,-0.5207,-0.0135,-14.5646,9.0320,-500000.00,-4516006.71,0.7869
268.50,5.0548,-0.4745,0.1913,-8.7151,14.0604,-500000.00,-7030193.27,0.7864
269.00,2.8052,-0.3397,0.3351,-0.8734,16.8968,500000.00,8448377.90,0.7858
269.50,0.0000,-0.1543,0.3902,7.1299,14.7110,500000.00,7355523.50,0.7851
270.00,-2.8052,0.0339,0.3468,13.4556,10.2603,500000.00,5130130.11,0.7844
270.50,-5.0548,0.1776,0.2152,17.1145,4.1763,500000.00,2088167.62,0.7837
271.00,-6.3032,0.2391,0.0238,17.5129,-2.6112,500000.00,-1305624.53,0.7831
271.50,-6.3032,0.1982,-0.1869,14.5646,-9.0320,500000.00,-4516000.99,0.7824
272.00,-5.0548,0.0565,-0.3722,8.7152,-14.0604,500000.00,-7030189.31,0.7817
272.50,-2.8052,-0.1630,-0.4921,0.8734,-16.8968,-500000.00,8448375.98,0.7810
273.00,-0.0000,-0.4201,-0.5195,-7.1299,-14.7110,-500000.00,7355523.72,0.7805
273.50,2.8052,-0.6654,-0.4453,-13.4556,-10.2603,-500000.00,5130132.34,0.7803
274.00,5.0548,-0.8501,-0.2807,-17.1145,-4.1763,-500000.00,2088171.54,0.7804
274.50,6.3032,-0.9357,-0.0547,-17.5129,2.6112,-500000.00,-1305619.38,0.7807
275.00,6.3032,-0.9015,0.1911,-14.5646,9.0320,-500000.00,-4515995.15,0.7810
275.50,5.0548,-0.7489,0.4113,-8.7152,14.0604,-500000.00,-7030183.37,0.7809
276.00,2.8052,-0.5014,0.5649,-0.8734,16.8967,500000.00,8448370.52,0.7805
276.50,-0.0000,-0.1999,0.6240,7.1299,14.7110,500000.00,7355519.23,0.7798
277.00,-2.8052,0.1051,0.5788,13.4556,10.2603,500000.00,5130129.21,0.7791
277.50,-5.0548,0.3631,0.4397,17.1145,4.1763,500000.00,2088170.00,0.7786
278.00,-6.3032,0.5337,0.2352,17.5128,-2.6112,500000.00,-1305619.26,0.7782
278.50,-6.3032,0.5941,0.0061,14.5645,-9.0320,500000.00,-4515993.46,0.7779
279.00,-5.0548,0.5433,-0.2022,8.7151,-14.0604,500000.00,-7030180.36,0.7776
279.50,-2.8052,0.4022,-0.3493,0.8734,-16.8967,-500000.00,8448366.53,0.7771
280.00,-0.0000,0.2091,-0.4072,-7.1299,-14.7110,-500000.00,7355514.69,0.7764
280.50,2.8052,0.0117,-0.3662,-13.4556,-10.2602,-500000.00,5130124.58,0.7757
281.00,5.0548,-0.1422,-0.2366,-17.1144,-4.1763,-500000.00,2088165.73,0.7751
281.50,6.3032,-0.2147,-0.0466,-17.5128,2.6112,-500000.00,-1305622.78,0.7744
282.00,6.3032,-0.1854,0.1633,-14.5645,9.0320,-500000.00,-4515995.94,0.7738
282.50,5.0548,-0.0556,0.3484,-8.7151,14.0604,-500000.00,-7030181.60,0.7731
283.00,2.8052,0.1521,0.4687,-0.8734,16.8967,500000.00,8448366.48,0.7724
283.50,0.0000,0.3976,0.4970,7.1299,14.7110,500000.00,7355513.42,0.7719
284.00,-2.8052,0.6321,0.4243,13.4556,10.2602,500000.00,5130122.27,0.7717
284.50,-5.0548,0.8068,0.2617,17.1145,4.1763,500000.00,2088162.64,0.7718
285.00,-6.3032,0.8835,0.0383,17.5128,-2.6113,500000.00,-1305626.30,0.7720
285.50,-6.3032,0.8418,-0.2047,14.5645,-9.0320,500000.00,-4515999.54,0.7721
286.00,-5.0548,0.6832,-0.4217,8.7151,-14.0604,500000.00,-7030184.94,0.7720
286.50,-2.8052,0.4313,-0.5718,0.8734,-16.8967,-500000.00,8448369.24,0.7715
287.00,-0.0000,0.1273,-0.6273,-7.1299,-14.7110,-500000.00,7355515.37,0.7709
287.50,2.8052,-0.1784,-0.5784,-13.4556,-10.2602,-500000.00,5130123.26,0.7702
288.00,5.0548,-0.4354,-0.4357,-17.1145,-4.1763,-500000.00,2088162.64,0.7698
288.50,6.3032,-0.6032,-0.2277,-17.5129,2.6113,-500000.00,-1305627.26,0.7695
289.00,6.3032,-0.6590,0.0047,-14.5645,9.0320,-500000.00,-4516001.32,0.7693
289.50,5.0548,-0.6020,0.2160,-8.7151,14.0604,-500000.00,-7030187.32,0.7691
290.00,2.8052,-0.4533,0.3658,-0.8734,16.8967,500000.00,8448371.98,0.7686
290.50,-0.0000,-0.2513,0.4259,7.1299,14.7110,500000.00,7355518.18,0.7681
291.00,-2.8052,-0.0441,0.3867,13.4556,10.2603,500000.00,5130125.87,0.7674
291.50,-5.0548,0.1204,0.2584,17.1145,4.1763,500000.00,2088164.80,0.7668
292.00,-6.3032,0.2040,0.0691,17.5129,-2.6113,500000.00,-1305625.72,0.7662
292.50,-6.3032,0.1860,-0.1407,14.5646,-9.0320,500000.00,-4516000.52,0.7655
293.00,-5.0548,0.0674,-0.3262,8.7151,-14.0604,500000.00,-7030187.30,0.7649
293.50,-2.8052,-0.1294,-0.4475,0.8734,-16.8967,-500000.00,8448372.71,0.7643
294.00,0.0000,-0.3647,-0.4773,-7.1299,-14.7110,-500000.00,7355519.55,0.7638
294.50,2.8052,-0.5897,-0.4066,-13.4556,-10.2603,-500000.00,5130127.71,0.7635
295.00,5.0548,-0.7562,-0.2464,-17.1145,-4.1763,-500000.00,2088166.93,0.7635
295.50,6.3032,-0.8259,-0.0257,-17.5129,2.6112,-500000.00,-1305623.53,0.7636
296.00,6.3032,-0.7786,0.2142,-14.5646,9.0320,-500000.00,-4515998.48,0.7636
296.50,5.0548,-0.6161,0.4278,-8.7151,14.0604,-500000.00,-7030185.60,0.7634
297.00,2.8052,-0.3620,0.5746,-0.8734,16.8967,500000.00,8448371.49,0.7629
297.50,0.0000,-0.0575,0.6266,7.1299,14.7110,500000.00,7355518.90,0.7623
298.00,-2.8052,0.2470,0.5742,13.4556,10.2603,500000.00,5130127.68,0.7617
298.50,-5.0548,0.5010,0.4282,17.1145,4.1763,500000.00,2088167.47,0.7613
299.00,-6.3032,0.6642,0.2170,17.5129,-2.6112,500000.00,-1305622.49,0.7612
299.50,-6.3032,0.7139,-0.0182,14.5646,-9.0320,500000.00,-4515997.05,0.7611
