time,omega_ref,omega_b,phi,omega_t,error,iae_cumulative
0.000,0.0000,0.0000,0.0000,0.0000,0.0000,0.0000
0.100,0.0000,0.0000,0.0000,0.0000,0.0000,0.0000
0.200,0.0000,0.0000,0.0000,0.0000,0.0000,0.0000
0.300,0.0000,0.0000,0.0000,0.0000,0.0000,0.0000
0.400,0.0000,0.0000,0.0000,0.0000,0.0000,0.0000
0.500,0.0000,0.0000,0.0000,0.0000,0.0000,0.0000
0.600,0.0000,0.0000,0.0000,0.0000,0.0000,0.0000
0.700,0.0000,0.0000,0.0000,0.0000,0.0000,0.0000
0.800,0.0000,0.0000,0.0000,0.0000,0.0000,0.0000
0.900,0.0000,0.0000,0.0000,0.0000,0.0000,0.0000
1.000,0.0000,0.0000,0.0000,0.0000,0.0000,0.0000
1.100,0.0000,0.0000,0.0000,0.0000,0.0000,0.0000
1.200,0.0000,0.0000,0.0000,0.0000,0.0000,0.0000
1.300,0.0000,0.0000,0.0000,0.0000,0.0000,0.0000
1.400,0.0000,0.0000,0.0000,0.0000,0.0000,0.0000
1.500,0.0000,0.0000,0.0000,0.0000,0.0000,0.0000
1.600,0.0000,0.0000,0.0000,0.0000,0.0000,0.0000
1.700,0.0000,0.0000,0.0000,0.0000,0.0000,0.0000
1.800,0.0000,0.0000,0.0000,0.0000,0.0000,0.0000
1.900,0.0000,0.0000,0.0000,0.0000,0.0000,0.0000
2.000,0.0000,0.0000,0.0000,0.0000,0.0000,0.0000
2.100,0.0000,0.0000,0.0000,0.0000,0.0000,0.0000
2.200,0.0000,0.0000,0.0000,0.0000,0.0000,0.0000
2.300,0.0000,0.0000,0.0000,0.0000,0.0000,0.0000
2.400,0.0000,0.0000,0.0000,0.0000,0.0000,0.0000
2.500,0.0000,0.0000,0.0000,0.0000,0.0000,0.0000
2.600,0.0000,0.0000,0.0000,0.0000,0.0000,0.0000
2.700,0.0000,0.0000,0.0000,0.0000,0.0000,0.0000
2.800,0.0000,0.0000,0.0000,0.0000,0.0000,0.0000
2.900,0.0000,0.0000,0.0000,0.0000,0.0000,0.0000
3.000,0.0000,0.0000,0.0000,0.0000,0.0000,0.0000
3.100,0.0000,0.0000,0.0000,0.0000,0.0000,0.0000
3.200,0.0000,0.0000,0.0000,0.0000,0.0000,0.0000
3.300,0.0000,0.0000,0.0000,0.0000,0.0000,0.0000
3.400,0.0000,0.0000,0.0000,0.0000,0.0000,0.0000
3.500,0.0000,0.0000,0.0000,0.0000,0.0000,0.0000
3.600,0.0000,0.0000,0.0000,0.0000,0.0000,0.0000
3.700,0.0000,0.0000,0.0000,0.0000,0.0000,0.0000
3.800,0.0000,0.0000,0.0000,0.0000,0.0000,0.0000
3.900,0.0000,0.0000,0.0000,0.0000,0.0000,0.0000
4.000,0.0000,0.0000,0.0000,0.0000,0.0000,0.0000
4.100,0.0000,0.0000,0.0000,0.0000,0.0000,0.0000
4.200,0.0000,0.0000,0.0000,0.0000,0.0000,0.0000
4.300,0.0000,0.0000,0.0000,0.0000,0.0000,0.0000
4.400,0.0000,0.0000,0.0000,0.0000,0.0000,0.0000
4.500,0.0000,0.0000,0.0000,0.0000,0.0000,0.0000
4.600,0.0000,0.0000,0.0000,0.0000,0.0000,0.0000
4.700,0.0000,0.0000,0.0000,0.0000,0.0000,0.0000
4.800,0.0000,0.0000,0.0000,0.0000,0.0000,0.0000
4.900,0.0000,0.0000,0.0000,0.0000,0.0000,0.0000
5.000,4.0000,0.0000,0.0000,15.8764,4.0000,0.4000
5.100,4.0000,0.0557,1.5701,12.6453,3.9443,0.7944
5.200,4.0000,0.9578,2.8270,9.9490,3.0422,1.0987
5.300,4.0000,1.0344,3.7272,10.6264,2.9656,1.3952
5.400,4.0000,0.3671,4.7644,12.9146,3.6329,1.7585
5.500,4.0000,2.2055,5.9782,7.1346,1.7945,1.9380
5.600,4.0000,1.5758,6.5027,10.5821,2.4242,2.1804
5.700,4.0000,1.0809,7.4287,11.8102,2.9191,2.4723
5.800,4.0000,0.6816,8.5221,12.7268,3.3184,2.8041
5.900,4.0000,0.3664,9.7429,13.4912,3.6336,3.1675
6.000,4.0000,0.1523,11.0671,14.0508,3.8477,3.5523
6.100,4.0000,0.2443,12.4556,13.8050,3.7557,3.9278
6.200,4.0000,0.8411,13.7880,12.3156,3.1589,4.2437
6.300,4.0000,2.1025,14.8773,9.2586,1.8975,4.4335
6.400,4.0000,3.6797,15.5159,5.7774,0.3203,4.4655
6.500,4.0000,5.2701,15.6462,2.4769,-1.2701,4.5925
6.600,4.0000,6.7175,15.2936,-0.4550,-2.7175,4.8643
6.700,4.0000,7.9226,14.5143,-2.8687,-3.9226,5.2565
6.800,4.0000,8.8155,13.3882,-4.6387,-4.8155,5.7381
6.900,4.0000,9.3535,12.0131,-5.6854,-5.3535,6.2734
7.000,4.0000,9.5206,10.4979,-5.9819,-5.5206,6.8255
7.100,4.0000,9.3274,8.9544,-5.5540,-5.3274,7.3582
7.200,4.0000,8.8083,7.4896,-4.4751,-4.8083,7.8390
7.300,4.0000,8.0177,6.1984,-2.8584,-4.0177,8.2408
7.400,4.0000,7.0253,5.1587,-0.8463,-3.0253,8.5433
7.500,4.0000,5.9094,4.4261,1.4019,-1.9094,8.7343
7.600,4.0000,4.7504,4.0328,3.7261,-0.7504,8.8093
7.700,4.0000,3.6205,3.9868,5.9869,0.3795,8.8473
7.800,4.0000,2.5703,4.2763,8.0985,1.4297,8.9902
7.900,4.0000,1.6077,4.8773,10.0808,2.3923,9.2295
8.000,4.0000,0.6499,5.7713,5.0000,3.3501,9.5645
8.100,4.0000,0.3865,6.2641,10.0000,3.6135,9.9258
8.200,4.0000,1.6261,7.1694,5.0000,2.3739,10.1632
8.300,4.0000,1.0807,7.5335,4.9545,2.9193,10.4551
8.400,4.0000,0.3715,7.9538,2.4067,3.6285,10.8180
8.500,4.0000,1.5872,8.0949,-0.6391,2.4128,11.0593
8.600,4.0000,1.0294,7.8983,0.4678,2.9706,11.3563
8.700,4.0000,0.1631,7.8808,2.1096,3.8369,11.7400
8.800,4.0000,2.2633,8.0211,-0.8676,1.7367,11.9137
8.900,4.0000,1.8213,7.7291,2.0556,2.1787,12.1316
9.000,4.0000,1.3498,7.7753,2.0748,2.6502,12.3966
9.100,4.0000,0.7315,7.8768,1.9583,3.2685,12.7234
9.200,4.0000,0.7004,8.0471,0.6192,3.2996,13.0534
9.300,4.0000,0.6171,8.0886,-0.0010,3.3829,13.3917
9.400,4.0000,-0.1436,8.0635,0.8189,4.1436,13.8060
9.500,4.0000,2.1283,8.0030,-0.9734,1.8717,13.9932
9.600,4.0000,1.6586,7.7151,2.4721,2.3414,14.2273
9.700,4.0000,1.1584,7.8205,2.0200,2.8416,14.5115
9.800,4.0000,0.4438,7.9396,1.7677,3.5562,14.8671
9.900,4.0000,1.0697,8.0387,0.2362,2.9303,15.1601
10.000,4.0000,0.2694,7.9913,1.0199,3.7306,15.5332
10.100,4.0000,2.1297,8.0088,-0.9463,1.8703,15.7202
10.200,4.0000,1.6628,7.7234,2.3121,2.3372,15.9539
10.300,4.0000,1.1591,7.8126,2.0470,2.8409,16.2380
10.400,4.0000,0.4438,7.9343,1.8155,3.5562,16.5937
10.500,4.0000,1.0693,8.0382,0.2511,2.9307,16.8867
10.600,4.0000,0.2692,7.9923,1.0186,3.7308,17.2598
10.700,4.0000,2.1295,8.0098,-0.9537,1.8705,17.4469
10.800,4.0000,1.6625,7.7236,2.3380,2.3375,17.6806
10.900,4.0000,1.1598,7.8154,2.0299,2.8402,17.9646
11.000,4.0000,0.4450,7.9352,1.8027,3.5550,18.3201
11.100,4.0000,1.0419,8.0393,0.2701,2.9581,18.6159
11.200,4.0000,0.2215,7.9988,1.0315,3.7785,18.9938
11.300,4.0000,2.2997,8.0240,-1.2537,1.7003,19.1638
11.400,4.0000,1.8472,7.6901,3.7463,2.1528,19.3791
11.500,4.0000,1.4433,7.8999,1.3578,2.5567,19.6348
11.600,4.0000,0.8685,7.9185,1.2955,3.1315,19.9479
11.700,4.0000,0.9428,8.0035,0.5183,3.0572,20.2536
11.800,4.0000,0.1762,8.0010,1.1581,3.8238,20.6360
11.900,4.0000,2.2733,8.0447,-1.3487,1.7267,20.8087
12.000,4.0000,1.8189,7.7040,3.6513,2.1811,21.0268
12.100,4.0000,1.4082,7.9075,1.3159,2.5918,21.2860
12.200,4.0000,0.8188,7.9259,1.2791,3.1812,21.6041
12.300,4.0000,0.8684,8.0163,0.4954,3.1316,21.9173
12.400,4.0000,0.9422,8.0216,0.1128,3.0578,22.2230
12.500,4.0000,0.2668,7.9792,1.0625,3.7332,22.5964
12.600,4.0000,2.1575,8.0015,-0.9061,1.8425,22.7806
12.700,4.0000,1.6947,7.7172,2.2246,2.3053,23.0111
12.800,4.0000,1.1946,7.7942,2.1338,2.8054,23.2917
12.900,4.0000,0.5006,7.9202,1.8832,3.4994,23.6416
13.000,4.0000,0.5333,8.1026,0.3486,3.4667,23.9883
13.100,4.0000,1.1789,8.0568,-0.5097,2.8211,24.2704
13.200,4.0000,0.4238,7.9222,1.0488,3.5762,24.6280
13.300,4.0000,1.4648,7.9305,0.4321,2.5352,24.8815
13.400,4.0000,0.8650,7.8553,1.4960,3.1350,25.1950
13.500,4.0000,0.9393,7.9614,0.9187,3.0607,25.5011
13.600,4.0000,0.1724,7.9991,1.3022,3.8276,25.8839
13.700,4.0000,2.2729,8.0575,-1.4047,1.7271,26.0566
13.800,4.0000,1.8192,7.7113,3.5953,2.1808,26.2747
13.900,4.0000,1.4081,7.9091,1.2912,2.5919,26.5339
14.000,4.0000,0.8179,7.9251,1.2791,3.1821,26.8521
14.100,4.0000,0.8664,8.0156,0.5034,3.1336,27.1654
14.200,4.0000,0.9410,8.0220,0.1151,3.0590,27.4713
14.300,4.0000,0.2818,7.9800,1.0402,3.7182,27.8431
14.400,4.0000,2.0388,7.9980,-0.7515,1.9612,28.0393
14.500,4.0000,1.5622,7.7416,1.4048,2.4378,28.2830
14.600,4.0000,0.9908,7.7530,2.4843,3.0092,28.5840
14.700,4.0000,0.1518,7.9400,2.1886,3.8482,28.9688
14.800,4.0000,2.2649,8.0888,-1.3873,1.7351,29.1423
14.900,4.0000,1.8187,7.7447,3.6127,2.1813,29.3604
15.000,4.0000,1.4168,7.9439,1.0099,2.5832,29.6187
15.100,4.0000,0.8273,7.9308,1.1353,3.1727,29.9360
15.200,4.0000,0.8799,8.0058,0.5208,3.1201,30.2480
15.300,4.0000,0.9387,8.0121,0.2036,3.0613,30.5541
15.400,4.0000,0.3024,7.9793,1.0621,3.6976,30.9239
15.500,4.0000,1.8326,7.9966,-0.5016,2.1674,31.1406
15.600,4.0000,1.3240,7.7873,1.0714,2.6760,31.4082
15.700,4.0000,0.6489,7.7934,2.4447,3.3511,31.7433
15.800,4.0000,0.5564,8.0235,1.0729,3.4436,32.0877
15.900,4.0000,1.1694,8.0495,-0.1711,2.8306,32.3708
16.000,4.0000,0.4228,7.9493,0.9899,3.5772,32.7285
16.100,4.0000,1.4613,7.9519,0.2479,2.5387,32.9824
16.200,4.0000,0.8575,7.8588,1.3933,3.1425,33.2966
16.300,4.0000,0.9270,7.9558,0.9444,3.0730,33.6039
16.400,4.0000,0.3135,7.9979,1.1615,3.6865,33.9726
16.500,4.0000,1.6826,8.0232,-0.5124,2.3174,34.2043
16.600,4.0000,1.1410,7.8292,0.9473,2.8590,34.4902
16.700,4.0000,0.3630,7.8452,2.3171,3.6370,34.8539
16.800,4.0000,1.5667,7.9794,0.2777,2.4333,35.0972
16.900,4.0000,1.0115,7.8766,1.0860,2.9885,35.3961
17.000,4.0000,0.1561,7.9223,1.9818,3.8439,35.7805
17.100,4.0000,2.2590,8.0504,-1.1229,1.7410,35.9546
17.200,4.0000,1.8133,7.7334,2.9697,2.1867,36.1732
17.300,4.0000,1.3800,7.8702,1.4919,2.6200,36.4352
17.400,4.0000,0.7757,7.9097,1.5110,3.2243,36.7577
17.500,4.0000,0.7836,8.0293,0.5606,3.2164,37.0793
17.600,4.0000,0.7892,8.0529,0.0701,3.2108,37.4004
17.700,4.0000,0.7816,8.0274,0.0608,3.2184,37.7222
17.800,4.0000,0.7556,8.0025,0.2849,3.2444,38.0467
17.900,4.0000,0.7028,8.0037,0.4384,3.2972,38.3764
18.000,4.0000,0.5970,8.0278,0.4400,3.4030,38.7167
18.100,4.0000,0.4362,8.0239,0.6582,3.5638,39.0731
18.200,4.0000,1.2762,8.0019,-0.0457,2.7238,39.3455
18.300,4.0000,0.5854,7.9014,1.2379,3.4146,39.6869
18.400,4.0000,0.8022,7.9607,0.9979,3.1978,40.0067
18.500,4.0000,0.8297,8.0254,0.3789,3.1703,40.3237
18.600,4.0000,0.8756,8.0247,0.1131,3.1244,40.6362
18.700,4.0000,0.9409,7.9915,0.1806,3.0591,40.9421
18.800,4.0000,0.3341,7.9563,1.1970,3.6659,41.3087
18.900,4.0000,1.6240,7.9829,-0.1161,2.3760,41.5463
19.000,4.0000,1.0711,7.8349,1.1693,2.9289,41.8391
19.100,4.0000,0.2547,7.8815,2.2200,3.7453,42.2137
19.200,4.0000,2.0783,8.0203,-0.6324,1.9217,42.4058
19.300,4.0000,1.6190,7.7711,0.7920,2.3810,42.6439
19.400,4.0000,1.0476,7.7154,2.5264,2.9524,42.9392
19.500,4.0000,0.2450,7.8997,2.4143,3.7550,43.3147
19.600,4.0000,2.0612,8.0586,-0.8739,1.9388,43.5086
19.700,4.0000,1.5987,7.7870,1.5436,2.4013,43.7487
19.800,4.0000,1.0582,7.8073,2.0213,2.9418,44.0429
19.900,4.0000,0.2675,7.9394,1.9641,3.7325,44.4161
20.000,4.0000,1.9235,8.0505,-0.7570,2.0765,44.6238
20.100,4.0000,1.4380,7.8055,0.8945,2.5620,44.8800
20.200,4.0000,0.8132,7.7804,2.3075,3.1868,45.1986
20.300,4.0000,0.8634,7.9743,1.0927,3.1366,45.5123
20.400,4.0000,0.9433,8.0394,0.1698,3.0567,45.8180
20.500,4.0000,0.2022,8.0022,0.9812,3.7978,46.1978
20.600,4.0000,2.2964,8.0250,-1.2741,1.7036,46.3681
20.700,4.0000,1.8430,7.6895,3.7259,2.1570,46.5838
20.800,4.0000,1.4371,7.8978,1.3771,2.5629,46.8401
20.900,4.0000,0.8600,7.9190,1.3070,3.1400,47.1541
21.000,4.0000,0.9402,8.0063,0.5026,3.0598,47.4601
21.100,4.0000,0.1979,8.0026,1.1162,3.8021,47.8403
21.200,4.0000,2.2949,8.0392,-1.3429,1.7051,48.0108
21.300,4.0000,1.8420,7.6970,3.6571,2.1580,48.2266
21.400,4.0000,1.4349,7.8985,1.3588,2.5651,48.4831
21.500,4.0000,0.8563,7.9181,1.3122,3.1437,48.7975
21.600,4.0000,0.9364,8.0065,0.5070,3.0636,49.1038
21.700,4.0000,0.2353,8.0037,1.0665,3.7647,49.4803
21.800,4.0000,2.2760,8.0304,-1.2670,1.7240,49.6527
21.900,4.0000,1.8217,7.6977,3.7330,2.1783,49.8705
22.000,4.0000,1.4134,7.9089,1.3170,2.5866,50.1292
22.100,4.0000,0.8268,7.9268,1.2636,3.1732,50.4465
22.200,4.0000,0.8845,8.0145,0.4869,3.1155,50.7581
22.300,4.0000,0.9277,8.0167,0.1645,3.0723,51.0653
22.400,4.0000,0.5030,7.9815,0.7931,3.4970,51.4150
22.500,4.0000,0.5564,8.0534,0.4006,3.4436,51.7594
22.600,4.0000,1.2632,8.0074,-0.1907,2.7368,52.0330
22.700,4.0000,0.5598,7.8942,1.2597,3.4402,52.3771
22.800,4.0000,1.2338,7.9355,0.7184,2.7662,52.6537
22.900,4.0000,0.5364,7.9160,1.4887,3.4636,53.0000
23.000,4.0000,1.0686,7.9899,0.5449,2.9314,53.2932
23.100,4.0000,0.2677,7.9735,1.2812,3.7323,53.6664
23.200,4.0000,2.0951,8.0172,-0.8918,1.9049,53.8569
23.300,4.0000,1.6270,7.7407,1.9647,2.3730,54.0942
23.400,4.0000,1.1018,7.7996,2.1362,2.8982,54.3840
23.500,4.0000,0.3475,7.9375,1.9159,3.6525,54.7493
23.600,4.0000,1.5632,8.0331,-0.2319,2.4368,54.9930
23.700,4.0000,0.9986,7.8801,0.8422,3.0014,55.2931
23.800,4.0000,0.1240,7.9035,2.0905,3.8760,55.6807
23.900,4.0000,2.2169,8.0463,-1.0195,1.7831,55.8590
24.000,4.0000,1.7689,7.7439,2.4858,2.2311,56.0821
24.100,4.0000,1.3069,7.8380,1.7209,2.6931,56.3514
24.200,4.0000,0.6688,7.9092,1.6938,3.3312,56.6846
24.300,4.0000,0.5677,8.0622,0.5882,3.4323,57.0278
24.400,4.0000,1.0693,8.0441,-0.1717,2.9307,57.3208
24.500,4.0000,0.2489,7.9567,1.1336,3.7511,57.6960
24.600,4.0000,2.2627,7.9887,-0.9005,1.7373,57.8697
24.700,4.0000,1.8113,7.6939,2.4320,2.1887,58.0886
24.800,4.0000,1.3443,7.7786,2.1380,2.6557,58.3541
24.900,4.0000,0.7273,7.8869,1.8972,3.2727,58.6814
25.000,4.0000,0.6914,8.0517,0.5797,3.3086,59.0123
25.100,4.0000,0.5976,8.0905,-0.0068,3.4024,59.3525
25.200,4.0000,0.4332,8.0421,0.3151,3.5668,59.7092
25.300,4.0000,1.3416,7.9826,-0.1239,2.6584,59.9750
25.400,4.0000,0.6756,7.8668,1.3732,3.3244,60.3075
25.500,4.0000,0.5517,7.9880,1.1052,3.4483,60.6523
25.600,4.0000,1.2317,8.0144,0.0467,2.7683,60.9291
25.700,4.0000,0.5240,7.9283,1.1378,3.4760,61.2767
25.800,4.0000,0.0807,8.0141,1.3554,3.9193,61.6686
25.900,4.0000,2.1974,8.0847,-1.5191,1.8026,61.8489
26.000,4.0000,1.7358,7.7349,3.4809,2.2642,62.0753
26.100,4.0000,1.3058,7.9305,1.2095,2.6942,62.3447
26.200,4.0000,0.6699,7.9504,1.2194,3.3301,62.6778
26.300,4.0000,0.5596,8.0562,0.5077,3.4404,63.0218
26.400,4.0000,1.2155,8.0231,-0.2121,2.7845,63.3002
26.500,4.0000,0.4879,7.9135,1.1799,3.5121,63.6515
26.600,4.0000,0.9605,8.0066,0.4378,3.0395,63.9554
26.700,4.0000,0.1109,7.9937,1.2639,3.8891,64.3443
26.800,4.0000,2.1906,8.0553,-1.3071,1.8094,64.5253
26.900,4.0000,1.7295,7.7274,3.6577,2.2705,64.7523
27.000,4.0000,1.3035,7.9411,1.1668,2.6965,65.0220
27.100,4.0000,0.6675,7.9570,1.1565,3.3325,65.3552
27.200,4.0000,0.5556,8.0568,0.4877,3.4444,65.6996
27.300,4.0000,1.2523,8.0201,-0.2400,2.7477,65.9744
27.400,4.0000,0.5441,7.9033,1.1832,3.4559,66.3200
27.500,4.0000,1.1858,7.9402,0.7110,2.8142,66.6014
27.600,4.0000,0.4603,7.9259,1.4936,3.5397,66.9554
27.700,4.0000,0.9292,8.0148,0.5057,3.0708,67.2625
27.800,4.0000,0.3129,8.0128,0.9069,3.6871,67.6312
27.900,4.0000,1.7301,8.0130,-0.5648,2.2699,67.8582
28.000,4.0000,1.1970,7.8087,1.0201,2.8030,68.1385
28.100,4.0000,0.4536,7.8250,2.3977,3.5464,68.4931
28.200,4.0000,0.9236,7.9949,0.8833,3.0764,68.8008
28.300,4.0000,0.2906,8.0308,0.9069,3.7094,69.1717
28.400,4.0000,1.8879,8.0339,-0.9077,2.1121,69.3829
28.500,4.0000,1.3842,7.7781,1.6300,2.6158,69.6445
28.600,4.0000,0.7619,7.8319,2.1825,3.2381,69.9683
28.700,4.0000,0.7641,8.0203,0.8109,3.2359,70.2919
28.800,4.0000,0.7580,8.0714,0.0367,3.2420,70.6161
28.900,4.0000,0.7185,8.0469,-0.0362,3.2815,70.9442
29.000,4.0000,0.6192,8.0216,0.2476,3.3808,71.2823
29.100,4.0000,-0.1203,8.0205,1.2462,4.1203,71.6944
29.200,4.0000,2.1653,7.9998,-0.8441,1.8347,71.8778
29.300,4.0000,1.7057,7.7208,1.9728,2.2943,72.1073
29.400,4.0000,1.1988,7.7718,2.2510,2.8012,72.3874
29.500,4.0000,0.5063,7.9091,1.9908,3.4937,72.7368
29.600,4.0000,0.4817,8.1044,0.4145,3.5183,73.0886
29.700,4.0000,0.8947,8.1241,-0.6837,3.1053,73.3991
29.800,4.0000,0.9358,8.0089,-0.3227,3.0642,73.7055
29.900,4.0000,0.6330,7.9249,0.8703,3.3670,74.0422
30.000,4.0000,0.6784,7.9943,0.7560,3.3216,74.3744
30.100,4.0000,0.5638,8.0530,0.3838,3.4362,74.7180
30.200,4.0000,1.1992,8.0081,-0.1296,2.8008,74.9981
30.300,4.0000,0.4610,7.9088,1.2864,3.5390,75.3520
30.400,4.0000,0.9232,7.9731,0.7781,3.0768,75.6597
30.500,4.0000,0.4058,7.9992,0.9953,3.5942,76.0191
30.600,4.0000,1.5317,7.9998,-0.2087,2.4683,76.2659
30.700,4.0000,0.9477,7.8530,1.1270,3.0523,76.5712
30.800,4.0000,0.2101,7.9116,2.0186,3.7899,76.9502
30.900,4.0000,2.2875,8.0363,-1.0348,1.7125,77.1214
31.000,4.0000,1.8455,7.7251,2.7183,2.1545,77.3368
31.100,4.0000,1.4067,7.8338,1.6952,2.5933,77.5962
31.200,4.0000,0.8133,7.8906,1.6758,3.1867,77.9148
31.300,4.0000,0.8669,8.0210,0.5797,3.1331,78.2282
31.400,4.0000,0.9430,8.0347,0.0458,3.0570,78.5339
31.500,4.0000,0.2520,7.9855,0.9994,3.7480,78.9087
31.600,4.0000,2.2455,8.0036,-1.0410,1.7545,79.0841
31.700,4.0000,1.7899,7.6966,2.9244,2.2101,79.3051
31.800,4.0000,1.3395,7.8320,1.8293,2.6605,79.5712
31.900,4.0000,0.7211,7.9099,1.6542,3.2789,79.8991
32.000,4.0000,0.6719,8.0515,0.5491,3.3281,80.2319
32.100,4.0000,0.5606,8.0900,0.0293,3.4394,80.5758
32.200,4.0000,1.2604,8.0067,-0.3507,2.7396,80.8498
32.300,4.0000,0.5474,7.8782,1.3287,3.4526,81.1950
32.400,4.0000,1.2120,7.9282,0.8223,2.7880,81.4738
32.500,4.0000,0.5046,7.9217,1.5120,3.4954,81.8234
32.600,4.0000,0.5151,8.0675,0.5602,3.4849,82.1719
32.700,4.0000,-0.2009,8.1064,0.7602,4.2009,82.5919
32.800,4.0000,2.0547,8.0469,-1.2633,1.9453,82.7865
32.900,4.0000,1.5720,7.7379,3.3406,2.4280,83.0293
33.000,4.0000,1.0890,7.9381,1.3575,2.9110,83.3204
33.100,4.0000,0.3294,7.9994,1.2604,3.6706,83.6874
33.200,4.0000,1.5966,8.0323,-0.4567,2.4034,83.9278
33.300,4.0000,1.0331,7.8533,0.9078,2.9669,84.2245
33.400,4.0000,0.1782,7.8791,2.2441,3.8218,84.6066
33.500,4.0000,2.2839,8.0306,-0.9358,1.7161,84.7782
33.600,4.0000,1.8441,7.7296,2.3166,2.1559,84.9938
33.700,4.0000,1.3890,7.7989,1.9023,2.6110,85.2549
33.800,4.0000,0.7876,7.8785,1.8451,3.2124,85.5762
33.900,4.0000,0.8173,8.0295,0.6052,3.1827,85.8944
34.000,4.0000,0.8639,8.0526,0.0023,3.1361,86.2080
34.100,4.0000,0.9293,8.0097,-0.0017,3.0707,86.5151
34.200,4.0000,0.5841,7.9581,0.8090,3.4159,86.8567
34.300,4.0000,0.8648,7.9713,0.7088,3.1352,87.1702
34.400,4.0000,0.9376,7.9987,0.3786,3.0624,87.4765
34.500,4.0000,0.2818,7.9833,1.1334,3.7182,87.8483
34.600,4.0000,1.9978,8.0104,-0.7750,2.0022,88.0485
34.700,4.0000,1.5160,7.7560,1.3632,2.4840,88.2969
34.800,4.0000,0.9300,7.7684,2.4171,3.0700,88.6039
34.900,4.0000,0.1772,7.9569,2.0123,3.8228,88.9862
35.000,4.0000,2.2871,8.0848,-1.4197,1.7129,89.1575
35.100,4.0000,1.8414,7.7353,3.5803,2.1586,89.3733
35.200,4.0000,1.4407,7.9289,1.0946,2.5593,89.6293
35.300,4.0000,0.8609,7.9216,1.1972,3.1391,89.9432
35.400,4.0000,0.9386,7.9980,0.5360,3.0614,90.2493
35.500,4.0000,0.2181,7.9978,1.1413,3.7819,90.6275
35.600,4.0000,2.2978,8.0343,-1.2991,1.7022,90.7977
35.700,4.0000,1.8458,7.6961,3.7009,2.1542,91.0131
35.800,4.0000,1.4412,7.9015,1.3378,2.5588,91.2690
35.900,4.0000,0.8650,7.9183,1.2945,3.1350,91.5825
36.000,4.0000,0.9428,8.0037,0.5164,3.0572,91.8882
36.100,4.0000,0.1765,8.0010,1.1570,3.8235,92.2706
36.200,4.0000,2.2736,8.0446,-1.3484,1.7264,92.4432
36.300,4.0000,1.8192,7.7039,3.6516,2.1808,92.6613
36.400,4.0000,1.4085,7.9074,1.3166,2.5915,92.9205
36.500,4.0000,0.8193,7.9258,1.2795,3.1807,93.2385
36.600,4.0000,0.8695,8.0162,0.4954,3.1305,93.5516
36.700,4.0000,0.9427,8.0213,0.1145,3.0573,93.8573
36.800,4.0000,0.2606,7.9790,1.0720,3.7394,94.2313
36.900,4.0000,2.1961,8.0031,-0.9593,1.8039,94.4117
37.000,4.0000,1.7370,7.7094,2.5000,2.2630,94.6380
37.100,4.0000,1.2584,7.8089,2.0081,2.7416,94.9121
37.200,4.0000,0.5998,7.9145,1.7913,3.4002,95.2521
37.300,4.0000,0.0645,8.0620,1.1672,3.9355,95.6457
37.400,4.0000,2.2360,8.1110,-1.8298,1.7640,95.8221
37.500,4.0000,1.7735,7.7263,3.1702,2.2265,96.0447
37.600,4.0000,1.3374,7.8872,1.4482,2.6626,96.3110
37.700,4.0000,0.7159,7.9274,1.4248,3.2841,96.6394
37.800,4.0000,0.6537,8.0471,0.5386,3.3463,96.9740
37.900,4.0000,0.5462,8.0863,0.0715,3.4538,97.3194
38.000,4.0000,1.2996,8.0061,-0.3721,2.7004,97.5895
38.100,4.0000,0.6070,7.8707,1.3091,3.3930,97.9288
38.200,4.0000,0.2035,7.9638,1.6693,3.7965,98.3084
38.300,4.0000,2.2940,8.0545,-1.2898,1.7060,98.4790
38.400,4.0000,1.8469,7.7173,3.7102,2.1531,98.6943
38.500,4.0000,1.4483,7.9233,1.1594,2.5517,98.9495
38.600,4.0000,0.8730,7.9215,1.2045,3.1270,99.2622
38.700,4.0000,0.9413,7.9969,0.5437,3.0587,99.5681
38.800,4.0000,0.1918,7.9972,1.1786,3.8082,99.9489
38.900,4.0000,2.2904,8.0409,-1.3313,1.7096,100.1198
39.000,4.0000,1.8378,7.7002,3.6687,2.1622,100.3361
39.100,4.0000,1.4311,7.9033,1.3276,2.5689,100.5930
39.200,4.0000,0.8508,7.9202,1.2918,3.1492,100.9079
39.300,4.0000,0.9287,8.0074,0.5024,3.0713,101.2150
39.400,4.0000,0.3429,8.0052,0.9325,3.6571,101.5807
39.500,4.0000,1.5946,8.0040,-0.3327,2.4054,101.8213
39.600,4.0000,1.0283,7.8378,1.0957,2.9717,102.1184
39.700,4.0000,0.1743,7.8828,2.2777,3.8257,102.5010
39.800,4.0000,2.2815,8.0381,-0.9850,1.7185,102.6729
39.900,4.0000,1.8412,7.7324,2.4776,2.1588,102.8887
40.000,4.0000,1.3930,7.8178,1.7836,2.6070,103.1494
40.100,4.0000,0.7933,7.8851,1.7608,3.2067,103.4701
40.200,4.0000,0.8271,8.0268,0.5965,3.1729,103.7874
40.300,4.0000,0.8828,8.0477,0.0166,3.1172,104.0991
40.400,4.0000,0.9424,8.0038,0.0372,3.0576,104.4049
40.500,4.0000,0.3404,7.9542,1.1413,3.6596,104.7709
40.600,4.0000,1.6120,7.9745,-0.0535,2.3880,105.0096
40.700,4.0000,1.0558,7.8341,1.2217,2.9442,105.3041
40.800,4.0000,0.2297,7.8879,2.2142,3.7703,105.6811
40.900,4.0000,2.2322,8.0294,-0.8759,1.7678,105.8579
41.000,4.0000,1.7880,7.7398,1.9916,2.2120,106.0791
41.100,4.0000,1.3084,7.7833,2.0436,2.6916,106.3482
41.200,4.0000,0.6706,7.8866,1.9417,3.3294,106.6812
41.300,4.0000,0.5754,8.0640,0.6200,3.4246,107.0236
41.400,4.0000,0.8843,8.0579,-0.0579,3.1157,107.3352
41.500,4.0000,0.9416,8.0062,-0.0152,3.0584,107.6411
41.600,4.0000,0.3705,7.9516,1.1032,3.6295,108.0040
41.700,4.0000,1.5693,7.9645,0.0622,2.4307,108.2471
41.800,4.0000,1.0013,7.8405,1.2876,2.9987,108.5469
41.900,4.0000,0.1373,7.9077,2.1814,3.8627,108.9332
42.000,4.0000,2.2387,8.0579,-1.1157,1.7613,109.1093
42.100,4.0000,1.7925,7.7437,2.8572,2.2075,109.3301
42.200,4.0000,1.3522,7.8716,1.4870,2.6478,109.5949
42.300,4.0000,0.7351,7.9139,1.5219,3.2649,109.9214
42.400,4.0000,0.6967,8.0404,0.5730,3.3033,110.2517
42.500,4.0000,0.6045,8.0780,0.0826,3.3955,110.5912
42.600,4.0000,0.2095,8.0481,0.5679,3.7905,110.9703
42.700,4.0000,2.3004,8.0288,-1.4934,1.6996,111.1402
42.800,4.0000,1.8395,7.6713,3.5066,2.1605,111.3563
42.900,4.0000,1.4189,7.8587,1.6583,2.5811,111.6144
43.000,4.0000,0.8361,7.9101,1.4880,3.1639,111.9308
43.100,4.0000,0.9094,8.0186,0.4959,3.0906,112.2399
43.200,4.0000,0.6710,8.0183,0.4552,3.3290,112.5728
43.300,4.0000,0.5468,8.0481,0.3445,3.4532,112.9181
43.400,4.0000,1.2864,7.9958,-0.1513,2.7136,113.1894
43.500,4.0000,0.5944,7.8838,1.3200,3.4056,113.5300
43.600,4.0000,0.5535,7.9628,1.2867,3.4465,113.8746
43.700,4.0000,1.2135,8.0082,0.1735,2.7865,114.1533
43.800,4.0000,0.4992,7.9368,1.1565,3.5008,114.5034
43.900,4.0000,0.6357,8.0417,0.5173,3.3643,114.8398
44.000,4.0000,0.6002,8.0782,0.0682,3.3998,115.1798
44.100,4.0000,0.3531,8.0408,0.4521,3.6469,115.5445
44.200,4.0000,1.5973,7.9907,-0.4242,2.4027,115.7848
44.300,4.0000,1.0241,7.8155,1.2351,2.9759,116.0823
44.400,4.0000,0.1669,7.8749,2.3918,3.8331,116.4657
44.500,4.0000,2.2756,8.0425,-0.9883,1.7244,116.6381
44.600,4.0000,1.8355,7.7371,2.4528,2.1645,116.8545
44.700,4.0000,1.3863,7.8206,1.7636,2.6137,117.1159
44.800,4.0000,0.7833,7.8867,1.7548,3.2167,117.4376
44.900,4.0000,0.8058,8.0293,0.5994,3.1942,117.7570
45.000,4.0000,0.8391,8.0535,0.0212,3.1609,118.0731
45.100,4.0000,0.8847,8.0160,0.0090,3.1153,118.3846
45.200,4.0000,0.9428,7.9715,0.2899,3.0572,118.6903
45.300,4.0000,0.3095,7.9471,1.3488,3.6905,119.0594
45.400,4.0000,1.7412,7.9920,-0.2725,2.2588,119.2853
45.500,4.0000,1.2182,7.8153,1.0806,2.7818,119.5635
45.600,4.0000,0.4929,7.8349,2.2939,3.5071,119.9142
45.700,4.0000,0.7385,8.0495,0.6328,3.2615,120.2403
45.800,4.0000,0.7020,8.0865,-0.0758,3.2980,120.5701
45.900,4.0000,0.5957,8.0591,-0.0414,3.4043,120.9105
46.000,4.0000,0.6139,7.9988,0.4330,3.3861,121.2492
46.100,4.0000,0.0098,8.0117,1.2339,3.9902,121.6482
46.200,4.0000,1.4964,8.0473,-0.4714,2.5036,121.8985
46.300,4.0000,0.9004,7.8783,0.8579,3.0996,122.2085
46.400,4.0000,0.9155,7.9167,1.1005,3.0845,122.5169
46.500,4.0000,0.5671,7.9761,1.0973,3.4329,122.8602
46.600,4.0000,1.0872,8.0081,0.2571,2.9128,123.1515
46.700,4.0000,0.2915,7.9609,1.2451,3.7085,123.5224
46.800,4.0000,1.9104,7.9979,-0.5425,2.0896,123.7313
46.900,4.0000,1.4178,7.7760,1.0317,2.5822,123.9895
47.000,4.0000,0.7821,7.7671,2.4901,3.2179,124.3113
47.100,4.0000,0.8025,7.9836,1.1263,3.1975,124.6311
47.200,4.0000,0.8459,8.0605,0.1224,3.1541,124.9465
47.300,4.0000,0.9061,8.0319,-0.0960,3.0939,125.2559
47.400,4.0000,0.8858,7.9739,0.2897,3.1142,125.5673
47.500,4.0000,0.9426,7.9573,0.5305,3.0574,125.8730
47.600,4.0000,0.2533,7.9566,1.4267,3.7467,126.2477
47.700,4.0000,2.1877,8.0168,-0.9474,1.8123,126.4289
47.800,4.0000,1.7314,7.7250,2.3387,2.2686,126.6558
47.900,4.0000,1.2484,7.8090,1.9824,2.7516,126.9310
48.000,4.0000,0.5830,7.9133,1.8132,3.4170,127.2727
48.100,4.0000,0.5686,8.0416,0.7764,3.4314,127.6158
48.200,4.0000,1.0339,8.0441,-0.0683,2.9661,127.9124
48.300,4.0000,0.1905,7.9714,1.1313,3.8095,128.2934
48.400,4.0000,2.2841,8.0110,-1.1020,1.7159,128.4650
48.500,4.0000,1.8327,7.6938,3.1924,2.1673,128.6817
48.600,4.0000,1.4030,7.8508,1.6689,2.5970,128.9414
48.700,4.0000,0.8117,7.9052,1.5557,3.1883,129.2602
48.800,4.0000,0.8618,8.0240,0.5283,3.1382,129.5740
48.900,4.0000,0.9388,8.0333,0.0385,3.0612,129.8802
49.000,4.0000,0.3155,7.9840,0.9344,3.6845,130.2486
49.100,4.0000,1.7531,7.9869,-0.3755,2.2469,130.4733
49.200,4.0000,1.2276,7.7989,1.1515,2.7724,130.7505
49.300,4.0000,0.5065,7.8245,2.3834,3.4935,131.0999
49.400,4.0000,0.5006,8.0581,0.8464,3.4994,131.4498
49.500,4.0000,0.5007,8.1381,-0.1917,3.4993,131.7998
49.600,4.0000,0.5269,8.1128,-0.4405,3.4731,132.1471
49.700,4.0000,0.5831,8.0178,0.1345,3.4169,132.4888
49.800,4.0000,1.0043,7.9566,0.3935,2.9957,132.7883
49.900,4.0000,0.1341,7.9343,1.6951,3.8659,133.1749
50.000,4.0000,2.2202,8.0368,-1.0585,1.7798,133.3529
50.100,4.0000,1.7687,7.7304,2.7307,2.2313,133.5760
50.200,4.0000,1.3136,7.8487,1.6830,2.6864,133.8447
50.300,4.0000,0.6804,7.9152,1.6254,3.3196,134.1766
50.400,4.0000,0.5859,8.0599,0.5716,3.4141,134.5180
50.500,4.0000,0.6183,8.0612,0.1994,3.3817,134.8562
50.600,4.0000,-0.1783,8.0574,0.9988,4.1783,135.2740
50.700,4.0000,2.0854,8.0189,-0.9829,1.9146,135.4655
50.800,4.0000,1.6124,7.7346,2.3418,2.3876,135.7043
50.900,4.0000,1.0975,7.8322,1.9663,2.9025,135.9945
51.000,4.0000,0.3416,7.9535,1.7581,3.6584,136.3603
51.100,4.0000,1.5651,8.0342,-0.2810,2.4349,136.6038
51.200,4.0000,0.9993,7.8761,0.8498,3.0007,136.9039
51.300,4.0000,0.1243,7.9003,2.1185,3.8757,137.2915
51.400,4.0000,2.2175,8.0458,-1.0101,1.7825,137.4697
51.500,4.0000,1.7699,7.7443,2.4486,2.2301,137.6927
51.600,4.0000,1.3066,7.8346,1.7400,2.6934,137.9621
51.700,4.0000,0.6684,7.9077,1.7101,3.3316,138.2952
51.800,4.0000,0.5674,8.0624,0.5905,3.4326,138.6385
51.900,4.0000,1.0747,8.0443,-0.1785,2.9253,138.9310
52.000,4.0000,0.2583,7.9555,1.1290,3.7417,139.3052
52.100,4.0000,2.2263,7.9858,-0.8380,1.7737,139.4826
52.200,4.0000,1.7720,7.7010,2.1280,2.2280,139.7054
52.300,4.0000,1.2843,7.7601,2.2834,2.7157,139.9769
52.400,4.0000,0.6385,7.8902,2.0013,3.3615,140.3131
52.500,4.0000,0.5691,8.0761,0.5447,3.4309,140.6562
52.600,4.0000,1.0291,8.0555,-0.2356,2.9709,140.9533
52.700,4.0000,0.1767,7.9669,1.1071,3.8233,141.3356
52.800,4.0000,2.2645,8.0060,-1.0482,1.7355,141.5091
52.900,4.0000,1.8116,7.6963,2.9638,2.1884,141.7280
53.000,4.0000,1.3680,7.8331,1.7971,2.6320,141.9912
53.100,4.0000,0.7618,7.9045,1.6447,3.2382,142.3150
53.200,4.0000,0.7592,8.0392,0.5479,3.2408,142.6391
53.300,4.0000,0.7390,8.0650,0.0263,3.2610,142.9652
53.400,4.0000,0.6740,8.0425,0.0462,3.3260,143.2978
53.500,4.0000,0.5401,8.0314,0.2990,3.4599,143.6438
53.600,4.0000,1.2076,7.9789,0.0539,2.7924,143.9230
53.700,4.0000,0.4748,7.8970,1.4475,3.5252,144.2755
53.800,4.0000,1.3427,7.9994,0.1477,2.6573,144.5413
53.900,4.0000,0.6950,7.9099,1.1308,3.3050,144.8718
54.000,4.0000,0.5867,8.0042,0.8617,3.4133,145.2131
54.100,4.0000,0.6294,8.0341,0.4928,3.3706,145.5502
54.200,4.0000,0.6654,8.0664,0.0780,3.3346,145.8836
54.300,4.0000,0.5393,8.0591,0.0947,3.4607,146.2297
54.400,4.0000,1.2128,7.9859,-0.1000,2.7872,146.5084
54.500,4.0000,0.4778,7.8881,1.4449,3.5222,146.8606
54.600,4.0000,1.2747,7.9937,0.2692,2.7253,147.1331
54.700,4.0000,0.5960,7.9243,1.1865,3.4040,147.4736
54.800,4.0000,0.4360,7.9954,1.1188,3.5640,147.8299
54.900,4.0000,1.2520,8.0207,-0.0212,2.7480,148.1047
55.000,4.0000,0.5545,7.9253,1.0953,3.4455,148.4493
55.100,4.0000,1.2555,7.9494,0.5327,2.7445,148.7237
55.200,4.0000,0.5656,7.9088,1.4548,3.4344,149.0672
55.300,4.0000,1.1227,7.9750,0.5917,2.8773,149.3549
55.400,4.0000,0.3597,7.9564,1.3277,3.6403,149.7189
55.500,4.0000,1.5686,7.9925,-0.0893,2.4314,149.9621
55.600,4.0000,1.0012,7.8534,1.1162,2.9988,150.2620
55.700,4.0000,0.1328,7.9037,2.1647,3.8672,150.6487
55.800,4.0000,2.2311,8.0528,-1.0707,1.7689,150.8256
55.900,4.0000,1.7845,7.7439,2.6843,2.2155,151.0471
56.000,4.0000,1.3349,7.8557,1.5938,2.6651,151.3136
56.100,4.0000,0.7099,7.9108,1.6077,3.2901,151.6426
56.200,4.0000,0.6450,8.0495,0.5844,3.3550,151.9781
56.300,4.0000,0.5565,8.0936,0.0167,3.4435,152.3225
56.400,4.0000,1.2882,8.0078,-0.3977,2.7118,152.5937
56.500,4.0000,0.5887,7.8713,1.3134,3.4113,152.9348
56.600,4.0000,0.7649,7.9397,1.2294,3.2351,153.2583
56.700,4.0000,0.7548,8.0329,0.4764,3.2452,153.5828
56.800,4.0000,0.7230,8.0524,0.1144,3.2770,153.9105
56.900,4.0000,0.6394,8.0411,0.1377,3.3606,154.2466
57.000,4.0000,0.6090,8.0391,0.1990,3.3910,154.5857
57.100,4.0000,0.1357,8.0238,0.9000,3.8643,154.9721
57.200,4.0000,2.2114,8.0469,-1.3829,1.7886,155.1510
57.300,4.0000,1.7479,7.7095,3.6171,2.2521,155.3762
57.400,4.0000,1.3202,7.9174,1.3273,2.6798,155.6442
57.500,4.0000,0.6933,7.9473,1.2545,3.3067,155.9748
57.600,4.0000,0.6026,8.0534,0.4927,3.3974,156.3146
57.700,4.0000,0.1506,8.0672,0.6542,3.8494,156.6995
57.800,4.0000,2.2336,8.0639,-1.6552,1.7664,156.8762
57.900,4.0000,1.7663,7.6971,3.3448,2.2337,157.0995
58.000,4.0000,1.3282,7.8764,1.5827,2.6718,157.3667
58.100,4.0000,0.7055,7.9309,1.4503,3.2945,157.6962
58.200,4.0000,0.6337,8.0546,0.5092,3.3663,158.0328
58.300,4.0000,0.6063,8.0902,-0.0358,3.3937,158.3722
58.400,4.0000,0.1714,8.0500,0.5437,3.8286,158.7550
58.500,4.0000,2.2551,8.0334,-1.4879,1.7449,158.9295
58.600,4.0000,1.7899,7.6812,3.5121,2.2101,159.1505
58.700,4.0000,1.3606,7.8744,1.5995,2.6394,159.4144
58.800,4.0000,0.7536,7.9267,1.4344,3.2464,159.7391
58.900,4.0000,0.7370,8.0418,0.4898,3.2630,160.0654
59.000,4.0000,0.6878,8.0652,0.0601,3.3122,160.3966
59.100,4.0000,0.5679,8.0534,0.0980,3.4321,160.7398
59.200,4.0000,1.2129,7.9790,-0.0439,2.7871,161.0185
59.300,4.0000,0.4786,7.8868,1.4798,3.5214,161.3707
59.400,4.0000,1.2416,7.9974,0.2878,2.7584,161.6465
59.500,4.0000,0.5463,7.9339,1.1768,3.4537,161.9919
59.600,4.0000,1.2298,7.9679,0.4403,2.7702,162.2689
59.700,4.0000,0.5262,7.9212,1.3705,3.4738,162.6163
59.800,4.0000,0.4474,8.0140,1.0156,3.5526,162.9715
59.900,4.0000,1.0060,8.0414,0.0594,2.9940,163.2709
60.000,4.0000,0.1462,7.9849,1.1334,3.8538,163.6563
60.100,4.0000,2.2259,8.0302,-1.1887,1.7741,163.8337
60.200,4.0000,1.7682,7.7105,3.3604,2.2318,164.0569
60.300,4.0000,1.3348,7.8909,1.4637,2.6652,164.3234
60.400,4.0000,0.7139,7.9328,1.3886,3.2861,164.6520
60.500,4.0000,0.6492,8.0492,0.5154,3.3508,164.9871
60.600,4.0000,0.5498,8.0863,0.0601,3.4502,165.3321
60.700,4.0000,1.3062,8.0044,-0.3717,2.6938,165.6015
60.800,4.0000,0.6166,7.8683,1.3171,3.3834,165.9399
60.900,4.0000,-0.0702,7.9726,1.9097,4.0702,166.3469
61.000,4.0000,2.2007,8.0162,-0.8068,1.7993,166.5268
61.100,4.0000,1.7517,7.7369,1.7378,2.2483,166.7516
61.200,4.0000,1.2513,7.7595,2.2385,2.7487,167.0265
61.300,4.0000,0.5853,7.8892,2.0578,3.4147,167.3680
61.400,4.0000,0.4558,8.0472,0.9107,3.5442,167.7224
61.500,4.0000,0.9271,8.0781,-0.1755,3.0729,168.0297
61.600,4.0000,0.4945,8.0087,0.4321,3.5055,168.3802
61.700,4.0000,0.7521,8.0360,0.1913,3.2479,168.7050
61.800,4.0000,0.7017,8.0280,0.2036,3.2983,169.0349
61.900,4.0000,0.5904,8.0289,0.3318,3.4096,169.3758
62.000,4.0000,0.6950,8.0023,0.4795,3.3050,169.7063
62.100,4.0000,0.5830,8.0316,0.4447,3.4170,170.0480
62.200,4.0000,0.8480,8.0092,0.2981,3.1520,170.3632
62.300,4.0000,0.9025,7.9982,0.2555,3.0975,170.6730
62.400,4.0000,0.8833,7.9756,0.4384,3.1167,170.9846
62.500,4.0000,0.9422,7.9738,0.4666,3.0578,171.2904
62.600,4.0000,0.2463,7.9668,1.3341,3.7537,171.6658
62.700,4.0000,2.2316,8.0187,-1.0409,1.7684,171.8426
62.800,4.0000,1.7779,7.7130,2.7971,2.2221,172.0648
62.900,4.0000,1.3234,7.8370,1.7788,2.6766,172.3325
63.000,4.0000,0.6962,7.9119,1.6547,3.3038,172.6629
63.100,4.0000,0.6184,8.0573,0.5629,3.3816,173.0010
63.200,4.0000,-0.2386,8.0933,0.9067,4.2386,173.4249
63.300,4.0000,2.0022,8.0533,-1.1906,1.9978,173.6247
63.400,4.0000,1.5147,7.7571,2.9010,2.4853,173.8732
63.500,4.0000,0.9977,7.9205,1.5007,3.0023,174.1734
63.600,4.0000,0.1671,8.0080,1.4172,3.8329,174.5567
63.700,4.0000,2.2719,8.0782,-1.5321,1.7281,174.7295
63.800,4.0000,1.8180,7.7193,3.4679,2.1820,174.9477
63.900,4.0000,1.4033,7.9047,1.3031,2.5967,175.2074
64.000,4.0000,0.8104,7.9225,1.3119,3.1896,175.5264
64.100,4.0000,0.8514,8.0173,0.5168,3.1486,175.8412
64.200,4.0000,0.9223,8.0271,0.1022,3.0777,176.1490
64.300,4.0000,0.6073,7.9863,0.6050,3.3927,176.4883
64.400,4.0000,0.1646,8.0105,1.1226,3.8354,176.8718
64.500,4.0000,2.2587,8.0521,-1.4024,1.7413,177.0459
64.600,4.0000,1.8021,7.7077,3.5976,2.1979,177.2657
64.700,4.0000,1.3861,7.9076,1.3271,2.6139,177.5271
64.800,4.0000,0.7876,7.9298,1.2870,3.2124,177.8484
64.900,4.0000,0.8038,8.0254,0.4986,3.1962,178.1680
65.000,4.0000,0.8277,8.0401,0.1008,3.1723,178.4852
65.100,4.0000,0.8611,8.0122,0.1030,3.1389,178.7991
65.200,4.0000,0.9178,7.9802,0.2921,3.0822,179.1073
65.300,4.0000,0.7328,7.9593,0.7594,3.2672,179.4340
65.400,4.0000,0.6644,8.0110,0.6047,3.3356,179.7676
65.500,4.0000,0.5446,8.0563,0.3323,3.4554,180.1131
65.600,4.0000,1.2784,8.0033,-0.2069,2.7216,180.3853
65.700,4.0000,0.5814,7.8867,1.2867,3.4186,180.7272
65.800,4.0000,0.9243,7.9450,0.9999,3.0757,181.0347
65.900,4.0000,0.3629,7.9930,1.1617,3.6371,181.3984
66.000,4.0000,1.5670,8.0120,-0.2935,2.4330,181.6417
66.100,4.0000,0.9951,7.8527,1.0344,3.0049,181.9422
66.200,4.0000,0.1200,7.8959,2.2158,3.8800,182.3302
66.300,4.0000,2.2159,8.0514,-1.0313,1.7841,182.5086
66.400,4.0000,1.7685,7.7479,2.5001,2.2315,182.7318
66.500,4.0000,1.3081,7.8434,1.6800,2.6919,183.0010
66.600,4.0000,0.6703,7.9103,1.6740,3.3297,183.3339
66.700,4.0000,0.5694,8.0612,0.5898,3.4306,183.6770
66.800,4.0000,1.0390,8.0447,-0.1404,2.9610,183.9731
66.900,4.0000,0.1961,7.9643,1.1489,3.8039,184.3535
67.000,4.0000,2.2895,8.0049,-1.0543,1.7105,184.5245
67.100,4.0000,1.8392,7.6919,3.0322,2.1608,184.7406
67.200,4.0000,1.4037,7.8325,1.7778,2.5963,185.0002
67.300,4.0000,0.8125,7.8977,1.6380,3.1875,185.3190
67.400,4.0000,0.8656,8.0245,0.5452,3.1344,185.6324
67.500,4.0000,0.9423,8.0350,0.0289,3.0577,185.9382
67.600,4.0000,0.2665,7.9842,0.9853,3.7335,186.3115
67.700,4.0000,2.1722,7.9989,-0.9259,1.8278,186.4943
67.800,4.0000,1.7100,7.7111,2.3505,2.2900,186.7233
67.900,4.0000,1.2181,7.7988,2.0992,2.7819,187.0015
68.000,4.0000,0.5379,7.9184,1.8483,3.4621,187.3477
68.100,4.0000,1.1323,8.0251,0.2928,2.8677,187.6345
68.200,4.0000,0.3765,7.9753,1.0474,3.6235,187.9969
68.300,4.0000,1.5661,7.9819,-0.0894,2.4339,188.2402
68.400,4.0000,0.9949,7.8431,1.2050,3.0051,188.5408
68.500,4.0000,0.1243,7.9031,2.2069,3.8757,188.9283
68.600,4.0000,2.2223,8.0573,-1.0868,1.7777,189.1061
68.700,4.0000,1.7750,7.7476,2.7124,2.2250,189.3286
68.800,4.0000,1.3252,7.8632,1.5513,2.6748,189.5961
68.900,4.0000,0.6957,7.9152,1.5764,3.3043,189.9265
69.000,4.0000,0.6142,8.0529,0.5843,3.3858,190.2651
69.100,4.0000,-0.1961,8.0884,0.9051,4.1961,190.6847
69.200,4.0000,2.0634,8.0426,-1.1752,1.9366,190.8784
69.300,4.0000,1.5847,7.7415,2.9930,2.4153,191.1199
69.400,4.0000,1.0915,7.9061,1.5317,2.9085,191.4107
69.500,4.0000,0.3325,7.9846,1.4269,3.6675,191.7775
69.600,4.0000,1.5824,8.0335,-0.3987,2.4176,192.0192
69.700,4.0000,1.0170,7.8619,0.8860,2.9830,192.3175
69.800,4.0000,0.1511,7.8875,2.2010,3.8489,192.7024
69.900,4.0000,2.2524,8.0382,-0.9706,1.7476,192.8772
70.000,4.0000,1.8091,7.7370,2.3746,2.1909,193.0963
70.100,4.0000,1.3504,7.8158,1.8243,2.6496,193.3612
70.200,4.0000,0.7322,7.8921,1.7814,3.2678,193.6880
70.300,4.0000,0.6974,8.0448,0.6022,3.3026,194.0183
70.400,4.0000,0.6090,8.0850,0.0309,3.3910,194.3574
70.500,4.0000,0.0755,8.0553,0.6433,3.9245,194.7498
70.600,4.0000,2.1821,8.0551,-1.5300,1.8179,194.9316
70.700,4.0000,1.7105,7.7062,3.4700,2.2895,195.1606
70.800,4.0000,1.2659,7.9038,1.4620,2.7341,195.4340
70.900,4.0000,0.6133,7.9537,1.3358,3.3867,195.7727
71.000,4.0000,-0.2050,8.0648,1.3368,4.2050,196.1932
71.100,4.0000,2.0630,8.0629,-1.2003,1.9370,196.3869
71.200,4.0000,1.5882,7.7590,2.9588,2.4118,196.6280
71.300,4.0000,1.0994,7.9196,1.4080,2.9006,196.9181
71.400,4.0000,0.3441,7.9848,1.3753,3.6559,197.2837
71.500,4.0000,1.5706,8.0272,-0.3513,2.4294,197.5266
71.600,4.0000,1.0016,7.8616,0.9286,2.9984,197.8264
71.700,4.0000,0.1274,7.8934,2.1938,3.8726,198.2137
71.800,4.0000,2.2228,8.0461,-1.0018,1.7772,198.3914
71.900,4.0000,1.7762,7.7449,2.4168,2.2238,198.6138
72.000,4.0000,1.3133,7.8313,1.7513,2.6867,198.8825
72.100,4.0000,0.6781,7.9048,1.7249,3.3219,199.2147
72.200,4.0000,0.5834,8.0597,0.5974,3.4166,199.5563
72.300,4.0000,0.6814,8.0608,0.1402,3.3186,199.8882
72.400,4.0000,0.5593,8.0578,0.1095,3.4407,200.2323
72.500,4.0000,1.2846,7.9814,-0.1413,2.7154,200.5038
72.600,4.0000,0.5877,7.8708,1.4356,3.4123,200.8450
72.700,4.0000,0.7386,7.9528,1.1935,3.2614,201.1712
72.800,4.0000,0.6997,8.0461,0.4220,3.3003,201.5012
72.900,4.0000,0.6043,8.0684,0.1010,3.3957,201.8408
73.000,4.0000,0.2362,8.0392,0.6159,3.7638,202.2171
73.100,4.0000,2.2947,8.0211,-1.4035,1.7053,202.3877
73.200,4.0000,1.8348,7.6731,3.5965,2.1652,202.6042
73.300,4.0000,1.4174,7.8698,1.5918,2.5826,202.8624
73.400,4.0000,0.8341,7.9147,1.4370,3.1659,203.1790
73.500,4.0000,0.9045,8.0185,0.4868,3.0955,203.4886
73.600,4.0000,0.7558,8.0179,0.3553,3.2442,203.8130
73.700,4.0000,0.7128,8.0258,0.2834,3.2872,204.1417
73.800,4.0000,0.6173,8.0328,0.3055,3.3827,204.4800
73.900,4.0000,-0.1241,8.0378,1.1381,4.1241,204.8924
74.000,4.0000,2.1606,8.0067,-0.9267,1.8394,205.0763
74.100,4.0000,1.6986,7.7199,2.2831,2.3014,205.3065
74.200,4.0000,1.2030,7.8022,2.0743,2.7970,205.5862
74.300,4.0000,0.5136,7.9212,1.8478,3.4864,205.9348
74.400,4.0000,0.6687,8.0956,0.2461,3.3313,206.2680
74.500,4.0000,0.5549,8.1042,-0.2062,3.4451,206.6125
74.600,4.0000,1.3154,7.9948,-0.4295,2.6846,206.8809
74.700,4.0000,0.6250,7.8521,1.4088,3.3750,207.2184
74.800,4.0000,-0.2594,7.9719,2.1541,4.2594,207.6444
74.900,4.0000,1.9940,8.0584,-0.8555,2.0060,207.8450
75.000,4.0000,1.5202,7.7959,1.3715,2.4798,208.0929
75.100,4.0000,0.9471,7.8082,2.0855,3.0529,208.3982
75.200,4.0000,0.1126,7.9613,1.9761,3.8874,208.7870
75.300,4.0000,2.2161,8.0930,-1.4140,1.7839,208.9654
75.400,4.0000,1.7634,7.7515,3.5860,2.2366,209.1890
75.500,4.0000,1.3492,7.9540,0.9982,2.6508,209.4541
75.600,4.0000,0.7315,7.9477,1.1052,3.2685,209.7810
75.700,4.0000,0.6770,8.0336,0.5196,3.3230,210.1133
75.800,4.0000,0.5620,8.0687,0.1871,3.4380,210.4570
75.900,4.0000,1.2404,8.0021,-0.2197,2.7596,210.7330
76.000,4.0000,0.5210,7.8890,1.3330,3.4790,211.0809
76.100,4.0000,0.6671,8.0112,0.7790,3.3329,211.4142
76.200,4.0000,0.5534,8.0734,0.2412,3.4466,211.7589
76.300,4.0000,1.2865,8.0104,-0.3141,2.7135,212.0302
76.400,4.0000,0.5909,7.8822,1.2628,3.4091,212.3711
76.500,4.0000,0.6924,7.9490,1.2219,3.3076,212.7019
76.600,4.0000,0.5996,8.0520,0.4969,3.4004,213.0419
76.700,4.0000,0.2467,8.0623,0.5862,3.7533,213.4172
76.800,4.0000,2.2586,8.0395,-1.5212,1.7414,213.5914
76.900,4.0000,1.7939,7.6836,3.4788,2.2061,213.8120
77.000,4.0000,1.3648,7.8731,1.5982,2.6352,214.0755
77.100,4.0000,0.7593,7.9248,1.4433,3.2407,214.3996
77.200,4.0000,0.7494,8.0399,0.4938,3.2506,214.7246
77.300,4.0000,0.7146,8.0618,0.0573,3.2854,215.0532
77.400,4.0000,0.6213,8.0460,0.0936,3.3787,215.3910
77.500,4.0000,-0.1766,8.0313,1.1558,4.1766,215.8087
77.600,4.0000,2.0878,8.0084,-0.8532,1.9122,215.9999
77.700,4.0000,1.6179,7.7366,1.8466,2.3821,216.2381
77.800,4.0000,1.0835,7.7850,2.2459,2.9165,216.5298
77.900,4.0000,0.3167,7.9362,1.9844,3.6833,216.8981
78.000,4.0000,1.5906,8.0426,-0.3223,2.4094,217.1390
78.100,4.0000,1.0339,7.8774,0.7790,2.9661,217.4357
78.200,4.0000,0.1807,7.8901,2.1136,3.8193,217.8176
78.300,4.0000,2.2850,8.0284,-0.9479,1.7150,217.9891
78.400,4.0000,1.8443,7.7261,2.3880,2.1557,218.2047
78.500,4.0000,1.3914,7.8024,1.8877,2.6086,218.4655
78.600,4.0000,0.7913,7.8803,1.8239,3.2087,218.7864
78.700,4.0000,0.8247,8.0286,0.5993,3.1753,219.1039
78.800,4.0000,0.8786,8.0501,0.0037,3.1214,219.4161
78.900,4.0000,0.9430,8.0054,0.0178,3.0570,219.7218
79.000,4.0000,0.3341,7.9538,1.1430,3.6659,220.0884
79.100,4.0000,1.6351,7.9751,-0.0839,2.3649,220.3248
79.200,4.0000,1.0851,7.8291,1.2136,2.9149,220.6163
79.300,4.0000,0.2800,7.8784,2.2305,3.7200,220.9883
79.400,4.0000,1.8389,8.0147,-0.3216,2.1611,221.2044
79.500,4.0000,1.3442,7.8221,0.8559,2.6558,221.4700
79.600,4.0000,0.6792,7.8042,2.2574,3.3208,221.8021
79.700,4.0000,0.5806,8.0125,1.0913,3.4194,222.1440
79.800,4.0000,0.6781,8.0634,0.2775,3.3219,222.4762
79.900,4.0000,0.5611,8.0743,0.0387,3.4389,222.8201
