t,F_ref,F,x_p,v_p,P_A_bar,P_B_bar,u_v,phase_error_deg,iae_cumulative
0.00000,0.00,0.00,0.0000,0.0000,30.000,50.000,-0.00000,0.000,0.00
0.00050,0.00,4.88,0.0000,0.0114,30.014,49.983,-0.00000,0.000,0.00
0.00100,0.00,9.67,0.0000,0.0426,30.028,49.965,-0.00000,0.000,0.01
0.00150,0.00,14.28,0.0000,0.0891,30.041,49.949,-0.00000,0.000,0.01
0.00200,0.00,18.68,0.0001,0.1469,30.053,49.932,-0.00000,0.000,0.02
0.00250,0.00,22.82,0.0002,0.2124,30.064,49.917,-0.00000,0.000,0.04
0.00300,0.00,26.68,0.0003,0.2827,30.075,49.902,-0.00000,0.000,0.05
0.00350,0.00,30.24,0.0005,0.3550,30.084,49.888,-0.00000,0.000,0.06
0.00400,0.00,33.50,0.0007,0.4272,30.092,49.875,-0.00000,0.000,0.08
0.00450,0.00,36.47,0.0009,0.4975,30.100,49.863,-0.00000,0.000,0.10
0.00500,0.00,39.15,0.0012,0.5645,30.106,49.851,-0.00000,0.000,0.12
0.00550,0.00,41.56,0.0015,0.6270,30.112,49.840,-0.00000,0.000,0.14
0.00600,0.00,43.73,0.0018,0.6844,30.116,49.829,-0.00000,0.000,0.16
0.00650,0.00,45.67,0.0022,0.7362,30.120,49.820,-0.00000,0.000,0.18
0.00700,0.00,47.41,0.0025,0.7820,30.123,49.810,-0.00000,0.000,0.21
0.00750,0.00,48.98,0.0029,0.8217,30.126,49.802,-0.00000,0.000,0.23
0.00800,0.00,50.39,0.0034,0.8556,30.128,49.793,-0.00000,0.000,0.26
0.00850,0.00,51.67,0.0038,0.8836,30.129,49.785,-0.00000,0.000,0.28
0.00900,0.00,52.85,0.0042,0.9063,30.131,49.777,-0.00000,0.000,0.31
0.00950,0.00,53.95,0.0047,0.9239,30.132,49.770,-0.00000,0.000,0.34
0.01000,0.00,54.98,0.0052,0.9370,30.132,49.762,-0.00000,0.000,0.36
0.01050,0.00,55.97,0.0056,0.9459,30.133,49.755,-0.00000,0.000,0.39
0.01100,0.00,56.92,0.0061,0.9511,30.133,49.748,-0.00000,0.000,0.42
0.01150,0.00,57.86,0.0066,0.9533,30.134,49.741,-0.00000,0.000,0.45
0.01200,0.00,58.79,0.0071,0.9528,30.134,49.734,-0.00000,0.000,0.48
0.01250,0.00,59.73,0.0075,0.9502,30.134,49.726,-0.00000,0.000,0.51
0.01300,0.00,60.68,0.0080,0.9458,30.135,49.719,-0.00000,0.000,0.54
0.01350,0.00,61.64,0.0085,0.9402,30.135,49.712,-0.00000,0.000,0.57
0.01400,0.00,62.64,0.0089,0.9335,30.136,49.705,-0.00000,0.000,0.60
0.01450,0.00,63.65,0.0094,0.9263,30.137,49.697,-0.00000,0.000,0.63
0.01500,0.00,64.70,0.0099,0.9187,30.137,49.690,-0.00000,0.000,0.67
0.01550,0.00,65.78,0.0103,0.9110,30.138,49.682,-0.00000,0.000,0.70
0.01600,0.00,66.88,0.0108,0.9034,30.139,49.675,-0.00000,0.000,0.73
0.01650,0.00,68.01,0.0112,0.8961,30.140,49.667,-0.00000,0.000,0.77
0.01700,0.00,69.17,0.0117,0.8892,30.142,49.660,-0.00000,0.000,0.80
0.01750,0.00,70.35,0.0121,0.8828,30.143,49.652,-0.00000,0.000,0.84
0.01800,0.00,71.56,0.0126,0.8769,30.144,49.644,-0.00000,0.000,0.87
0.01850,0.00,72.79,0.0130,0.8717,30.146,49.636,-0.00000,0.000,0.91
0.01900,0.00,74.03,0.0134,0.8670,30.147,49.628,-0.00000,0.000,0.94
0.01950,0.00,75.29,0.0139,0.8630,30.149,49.620,-0.00000,0.000,0.98
0.02000,0.00,76.57,0.0143,0.8595,30.150,49.612,-0.00000,0.000,1.02
0.02050,0.00,77.85,0.0147,0.8566,30.152,49.604,-0.00000,0.000,1.06
0.02100,0.00,79.14,0.0152,0.8543,30.153,49.596,-0.00000,0.000,1.10
0.02150,0.00,80.44,0.0156,0.8524,30.155,49.588,-0.00000,0.000,1.14
0.02200,0.00,81.74,0.0160,0.8509,30.157,49.580,-0.00000,0.000,1.18
0.02250,0.00,83.05,0.0164,0.8499,30.158,49.572,-0.00000,0.000,1.22
0.02300,0.00,84.35,0.0169,0.8491,30.160,49.564,-0.00000,0.000,1.26
0.02350,0.00,85.66,0.0173,0.8487,30.162,49.556,-0.00001,0.000,1.31
0.02400,0.00,86.96,0.0177,0.8485,30.163,49.548,-0.00001,0.000,1.35
0.02450,0.00,88.27,0.0181,0.8484,30.165,49.540,-0.00001,0.000,1.39
0.02500,0.00,89.57,0.0186,0.8485,30.167,49.532,-0.00001,0.000,1.44
0.02550,0.00,90.87,0.0190,0.8487,30.169,49.524,-0.00001,0.000,1.48
0.02600,0.00,92.16,0.0194,0.8490,30.170,49.516,-0.00001,0.000,1.53
0.02650,0.00,93.45,0.0198,0.8493,30.172,49.508,-0.00001,0.000,1.58
0.02700,0.00,94.74,0.0203,0.8496,30.173,49.500,-0.00001,0.000,1.62
0.02750,0.00,96.02,0.0207,0.8499,30.175,49.492,-0.00001,0.000,1.67
0.02800,0.00,97.30,0.0211,0.8502,30.177,49.484,-0.00001,0.000,1.72
0.02850,0.00,98.58,0.0215,0.8505,30.178,49.476,-0.00001,0.000,1.77
0.02900,0.00,99.85,0.0220,0.8507,30.180,49.468,-0.00001,0.000,1.82
0.02950,0.00,101.12,0.0224,0.8508,30.182,49.460,-0.00001,0.000,1.87
0.03000,0.00,102.39,0.0228,0.8509,30.183,49.452,-0.00001,0.000,1.92
0.03050,0.00,103.65,0.0232,0.8509,30.185,49.444,-0.00001,0.000,1.97
0.03100,0.00,104.92,0.0237,0.8509,30.186,49.436,-0.00001,0.000,2.03
0.03150,0.00,106.18,0.0241,0.8508,30.188,49.428,-0.00001,0.000,2.08
0.03200,0.00,107.44,0.0245,0.8507,30.189,49.420,-0.00001,0.000,2.13
0.03250,0.00,108.69,0.0249,0.8504,30.191,49.412,-0.00001,0.000,2.19
0.03300,0.00,109.95,0.0254,0.8502,30.192,49.404,-0.00001,0.000,2.24
0.03350,0.00,111.20,0.0258,0.8499,30.194,49.397,-0.00001,0.000,2.30
0.03400,0.00,112.46,0.0262,0.8495,30.196,49.389,-0.00001,0.000,2.35
0.03450,0.00,113.71,0.0266,0.8492,30.197,49.381,-0.00001,0.000,2.41
0.03500,0.00,114.96,0.0271,0.8487,30.199,49.373,-0.00001,0.000,2.47
0.03550,0.00,116.21,0.0275,0.8483,30.200,49.365,-0.00001,0.000,2.53
0.03600,0.00,117.46,0.0279,0.8479,30.202,49.357,-0.00001,0.000,2.59
0.03650,0.00,118.72,0.0283,0.8474,30.203,49.349,-0.00001,0.000,2.64
0.03700,0.00,119.97,0.0288,0.8469,30.205,49.342,-0.00001,0.000,2.70
0.03750,0.00,121.22,0.0292,0.8464,30.206,49.334,-0.00001,0.000,2.77
0.03800,0.00,122.47,0.0296,0.8459,30.208,49.326,-0.00001,0.000,2.83
0.03850,0.00,123.71,0.0300,0.8455,30.209,49.318,-0.00001,0.000,2.89
0.03900,0.00,124.96,0.0304,0.8450,30.211,49.310,-0.00001,0.000,2.95
0.03950,0.00,126.21,0.0309,0.8445,30.212,49.302,-0.00001,0.000,3.01
0.04000,0.00,127.46,0.0313,0.8440,30.214,49.294,-0.00001,0.000,3.08
0.04050,0.00,128.71,0.0317,0.8435,30.216,49.287,-0.00001,0.000,3.14
0.04100,0.00,129.96,0.0321,0.8430,30.217,49.279,-0.00001,0.000,3.21
0.04150,0.00,131.20,0.0326,0.8426,30.219,49.271,-0.00001,0.000,3.27
0.04200,0.00,132.45,0.0330,0.8421,30.220,49.263,-0.00001,0.000,3.34
0.04250,0.00,133.70,0.0334,0.8417,30.222,49.255,-0.00002,0.000,3.41
0.04300,0.00,134.94,0.0338,0.8412,30.223,49.248,-0.00002,0.000,3.47
0.04350,0.00,136.19,0.0342,0.8408,30.225,49.240,-0.00002,0.000,3.54
0.04400,0.00,137.43,0.0347,0.8403,30.226,49.232,-0.00002,0.000,3.61
0.04450,0.00,138.68,0.0351,0.8399,30.228,49.224,-0.00002,0.000,3.68
0.04500,0.00,139.92,0.0355,0.8395,30.229,49.216,-0.00002,0.000,3.75
0.04550,0.00,141.16,0.0359,0.8391,30.231,49.209,-0.00002,0.000,3.82
0.04600,0.00,142.41,0.0363,0.8386,30.232,49.201,-0.00002,0.000,3.89
0.04650,0.00,143.65,0.0368,0.8382,30.234,49.193,-0.00002,0.000,3.96
0.04700,0.00,144.89,0.0372,0.8378,30.236,49.185,-0.00002,0.000,4.04
0.04750,0.00,146.13,0.0376,0.8374,30.237,49.177,-0.00002,0.000,4.11
0.04800,0.00,147.37,0.0380,0.8370,30.239,49.170,-0.00002,0.000,4.18
0.04850,0.00,148.61,0.0384,0.8366,30.240,49.162,-0.00002,0.000,4.26
0.04900,0.00,149.85,0.0388,0.8362,30.242,49.154,-0.00002,0.000,4.33
0.04950,0.00,151.09,0.0393,0.8358,30.243,49.146,-0.00002,0.000,4.41
0.05000,8000.00,152.32,0.0397,0.8354,30.245,49.139,1.00000,0.000,8.33
0.05050,8000.00,258.85,0.0401,0.9971,30.621,48.879,1.00000,0.000,12.20
0.05100,8000.00,556.25,0.0408,2.0827,31.680,48.164,1.00000,0.000,15.92
0.05150,8000.00,982.77,0.0425,4.6974,33.202,47.147,1.00000,0.000,19.43
0.05200,8000.00,1489.66,0.0459,9.3209,35.017,45.948,1.00000,0.000,22.69
0.05250,8000.00,2038.04,0.0522,16.3970,36.989,44.665,1.00000,0.000,25.67
0.05300,8000.00,2596.32,0.0627,26.0981,39.008,43.377,1.00000,0.000,28.37
0.05350,8000.00,3139.10,0.0787,38.3467,40.983,42.146,1.00000,0.000,30.80
0.05400,8000.00,3646.21,0.1014,52.9182,42.844,41.022,1.00000,0.000,32.98
0.05450,8000.00,4101.90,0.1320,69.4809,44.536,40.044,1.00000,0.000,34.93
0.05500,8000.00,4494.36,0.1712,87.6199,46.015,39.239,1.00000,0.000,36.68
0.05550,8000.00,4815.29,0.2198,106.8593,47.253,38.627,1.00000,0.000,38.27
0.05600,8000.00,5059.65,0.2781,126.6822,48.229,38.218,1.00000,0.000,39.74
0.05650,8000.00,5225.34,0.3465,146.5505,48.936,38.015,1.00000,0.000,41.13
0.05700,8000.00,5313.08,0.4246,165.9233,49.373,38.013,1.00000,0.000,42.47
0.05750,8000.00,5326.10,0.5122,184.2739,49.552,38.203,1.00000,0.000,43.81
0.05800,8000.00,5269.91,0.6086,201.1063,49.490,38.567,1.00000,0.000,45.17
0.05850,8000.00,5152.07,0.7130,215.9693,49.212,39.086,1.00000,0.000,46.60
0.05900,8000.00,4981.83,0.8242,228.4690,48.749,39.733,1.00000,0.000,48.11
0.05950,8000.00,4769.90,0.9410,238.2799,48.137,40.480,1.00000,0.000,49.72
0.06000,8000.00,4528.01,1.0620,245.1535,47.417,41.295,1.00000,0.000,51.46
0.06050,8000.00,4268.62,1.1856,248.9238,46.631,42.147,1.00000,0.000,53.32
0.06100,8000.00,4004.56,1.3104,249.5119,45.824,43.002,1.00000,0.000,55.32
0.06150,8000.00,3748.63,1.4346,246.9270,45.039,43.827,1.00000,0.000,57.45
0.06200,8000.00,3513.27,1.5568,241.2649,44.321,44.591,1.00000,0.000,59.69
0.06250,8000.00,3310.19,1.6754,232.7051,43.709,45.263,1.00000,0.000,62.04
0.06300,8000.00,3150.10,1.7891,221.5043,43.242,45.819,1.00000,0.000,64.46
0.06350,8000.00,3042.40,1.8965,207.9892,42.952,46.233,1.00000,0.000,66.94
0.06400,8000.00,2994.91,1.9967,192.5463,42.867,46.488,1.00000,0.000,69.44
0.06450,8000.00,3013.72,2.0888,175.6107,43.010,46.569,1.00000,0.000,71.94
0.06500,8000.00,3103.00,2.1722,157.6538,43.395,46.467,1.00000,0.000,74.38
0.06550,8000.00,3264.91,2.2464,139.1697,44.031,46.177,1.00000,0.000,76.75
0.06600,8000.00,3499.57,2.3113,120.6615,44.919,45.701,1.00000,0.000,79.00
0.06650,8000.00,3805.07,2.3671,102.6270,46.053,45.046,1.00000,0.000,81.10
0.06700,8000.00,4177.54,2.4141,85.5457,47.422,44.223,1.00000,0.000,83.01
0.06750,8000.00,4611.29,2.4529,69.8647,49.005,43.248,1.00000,0.000,84.70
0.06800,8000.00,5098.95,2.4843,55.9878,50.779,42.141,1.00000,0.000,86.16
0.06850,8000.00,5631.73,2.5093,44.2638,52.715,40.927,1.00000,0.000,87.34
0.06900,8000.00,6199.68,2.5290,34.9784,54.777,39.631,1.00000,0.000,88.24
0.06950,8000.00,6791.93,2.5447,28.3461,56.930,38.284,1.00000,0.000,88.84
0.07000,8000.00,7397.08,2.5578,24.5057,59.134,36.914,1.00000,0.000,89.14
0.07050,8000.00,8003.45,2.5697,23.5171,61.349,35.552,1.00000,0.000,89.15
0.07100,8000.00,8599.46,2.5818,25.3604,63.535,34.229,1.00000,0.000,89.45
0.07150,8000.00,9173.96,2.5955,29.9376,65.653,32.972,1.00000,0.000,90.03
0.07200,8000.00,9716.49,2.6121,37.0766,67.668,31.809,1.00000,0.000,90.89
0.07250,8000.00,10217.62,2.6329,46.5364,69.545,30.762,1.00000,0.000,92.00
0.07300,8000.00,10669.16,2.6590,58.0150,71.257,29.852,1.00000,0.000,93.33
0.07350,8000.00,11064.42,2.6912,71.1584,72.779,29.094,1.00000,0.000,94.87
0.07400,8000.00,11398.31,2.7304,85.5712,74.092,28.501,1.00000,0.000,96.57
0.07450,8000.00,11667.54,2.7769,100.8282,75.184,28.077,1.00000,0.000,98.40
0.07500,8000.00,11870.60,2.8313,116.4864,76.049,27.827,1.00000,0.000,100.34
0.07550,8000.00,12007.83,2.8934,132.0978,76.686,27.745,1.00000,0.000,102.34
0.07600,8000.00,12081.37,2.9633,147.2212,77.103,27.826,1.00000,0.000,104.38
0.07650,8000.00,12095.05,3.0405,161.4352,77.310,28.058,1.00000,0.000,106.43
0.07700,8000.00,12054.30,3.1245,174.3485,77.326,28.424,1.00000,0.000,108.45
0.07750,8000.00,11965.92,3.2146,185.6112,77.173,28.907,1.00000,0.000,110.44
0.07800,8000.00,11837.91,3.3098,194.9230,76.879,29.483,1.00000,0.000,112.36
0.07850,8000.00,11679.24,3.4091,202.0414,76.474,30.130,1.00000,0.000,114.20
0.07900,8000.00,11499.58,3.5114,206.7870,75.991,30.821,1.00000,0.000,115.95
0.07950,8000.00,11309.01,3.6155,209.0481,75.464,31.532,1.00000,0.000,117.60
0.08000,8000.00,11117.78,3.7201,208.7827,74.929,32.234,1.00000,0.000,119.16
0.08050,8000.00,10936.01,3.8239,206.0187,74.422,32.903,1.00000,0.000,120.63
0.08100,8000.00,10773.40,3.9257,200.8521,73.976,33.515,1.00000,0.000,122.01
0.08150,8000.00,10639.02,4.0243,193.4439,73.622,34.045,1.00000,0.000,123.33
0.08200,8000.00,10541.00,4.1188,184.0147,73.390,34.476,1.00000,0.000,124.60
0.08250,8000.00,10486.39,4.2081,172.8376,73.305,34.788,1.00000,0.000,125.85
0.08300,8000.00,10480.93,4.2914,160.2308,73.387,34.970,1.00000,0.000,127.09
0.08350,8000.00,10528.92,4.3681,146.5475,73.651,35.011,1.00000,0.000,128.35
0.08400,8000.00,10633.13,4.4378,132.1663,74.109,34.905,1.00000,0.000,129.67
0.08450,8000.00,10794.74,4.5002,117.4803,74.764,34.651,1.00000,0.000,131.07
0.08500,8000.00,11013.28,4.5553,102.8860,75.617,34.251,1.00000,0.000,132.57
0.08550,8000.00,11286.72,4.6032,88.7725,76.661,33.713,1.00000,0.000,134.22
0.08600,8000.00,11611.53,4.6442,75.5107,77.885,33.046,1.00000,0.000,136.02
0.08650,8000.00,11982.74,4.6789,63.4432,79.272,32.265,1.00000,0.000,138.01
0.08700,8000.00,12394.17,4.7079,52.8754,80.802,31.386,1.00000,0.000,140.21
0.08750,8000.00,12838.57,4.7321,44.0672,82.451,30.430,1.00000,0.000,142.63
0.08800,8000.00,13307.83,4.7523,37.2268,84.190,29.418,1.00000,0.000,145.28
0.08850,8000.00,13793.26,4.7697,32.5049,85.991,28.374,1.00000,0.000,148.18
0.08900,8000.00,14285.79,4.7852,29.9920,87.821,27.321,1.00000,0.000,151.32
0.08950,8000.00,14776.25,4.8000,29.7162,89.651,26.283,1.00000,0.000,154.71
0.09000,8000.00,15255.66,4.8153,31.6433,91.448,25.283,1.00000,0.000,158.34
0.09050,8000.00,15715.43,4.8320,35.6786,93.183,24.343,1.00000,0.000,162.20
0.09100,8000.00,16147.62,4.8513,41.6705,94.828,23.483,1.00000,0.000,166.27
0.09150,8000.00,16545.17,4.8740,49.4156,96.358,22.720,1.00000,0.000,170.54
0.09200,8000.00,16902.06,4.9009,58.6648,97.752,22.069,1.00000,0.000,174.99
0.09250,8000.00,17213.50,4.9328,69.1309,98.991,21.540,1.00000,0.000,179.60
0.09300,8000.00,17475.97,4.9702,80.4975,100.064,21.141,1.00000,0.000,184.34
0.09350,8000.00,17687.40,5.0134,92.4279,100.962,20.876,1.00000,0.000,189.18
0.09400,8000.00,17847.12,5.0627,104.5746,101.682,20.744,1.00000,0.000,194.11
0.09450,8000.00,17955.89,5.1180,116.5896,102.224,20.741,1.00000,0.000,199.08
0.09500,8000.00,18015.84,5.1792,128.1334,102.596,20.862,1.00000,0.000,204.09
0.09550,8000.00,18030.38,5.2460,138.8845,102.808,21.094,1.00000,0.000,209.11
0.09600,8000.00,18004.13,5.3179,148.5478,102.876,21.426,1.00000,0.000,214.11
0.09650,8000.00,17942.70,5.3943,156.8626,102.818,21.840,1.00000,0.000,219.08
0.09700,8000.00,17852.57,5.4745,163.6088,102.655,22.321,1.00000,0.000,224.01
0.09750,8000.00,17740.90,5.5576,168.6127,102.413,22.848,1.00000,0.000,228.88
0.09800,8000.00,17615.32,5.6428,171.7506,102.118,23.402,1.00000,0.000,233.69
0.09850,8000.00,17483.68,5.7291,172.9520,101.796,23.962,1.00000,0.000,238.43
0.09900,8000.00,17353.90,5.8154,172.2004,101.475,24.509,1.00000,0.000,243.10
0.09950,8000.00,17233.72,5.9009,169.5329,101.182,25.022,1.00000,0.000,247.72
0.10000,8000.00,17130.47,5.9847,165.0389,100.942,25.483,1.00000,0.000,252.29
0.10050,8000.00,17050.93,6.0657,158.8566,100.781,25.877,1.00000,0.000,256.81
0.10100,8000.00,17001.10,6.1433,151.1685,100.718,26.187,1.00000,0.000,261.31
0.10150,8000.00,16986.10,6.2167,142.1959,100.772,26.403,1.00000,0.000,265.81
0.10200,8000.00,17009.98,6.2853,132.1926,100.958,26.514,1.00000,0.000,270.31
0.10250,8000.00,17075.66,6.3487,121.4368,101.287,26.515,1.00000,0.000,274.85
0.10300,8000.00,17184.88,6.4066,110.2238,101.766,26.402,1.00000,0.000,279.44
0.10350,8000.00,17338.10,6.4589,98.8573,102.396,26.175,1.00000,0.000,284.11
0.10400,8000.00,17534.59,6.5055,87.6412,103.176,25.838,1.00000,0.000,288.88
0.10450,8000.00,17772.36,6.5466,76.8707,104.100,25.397,1.00000,0.000,293.76
0.10500,8000.00,18048.35,6.5825,66.8247,105.158,24.861,1.00000,0.000,298.79
0.10550,8000.00,18358.41,6.6136,57.7584,106.337,24.241,1.00000,0.000,303.97
0.10600,8000.00,18697.51,6.6405,49.8960,107.619,23.552,1.00000,0.000,309.31
0.10650,8000.00,19059.87,6.6637,43.4256,108.985,22.810,1.00000,0.000,314.84
0.10700,8000.00,19439.11,6.6842,38.4938,110.414,22.031,1.00000,0.000,320.56
0.10750,8000.00,19828.46,6.7025,35.2027,111.882,21.233,1.00000,0.000,326.48
0.10800,8000.00,20220.94,6.7196,33.6078,113.366,20.436,1.00000,0.000,332.59
0.10850,8000.00,20609.58,6.7364,33.7165,114.841,19.656,1.00000,0.000,338.89
0.10900,8000.00,20987.60,6.7536,35.4893,116.285,18.911,1.00000,0.000,345.39
0.10950,8000.00,21348.60,6.7722,38.8412,117.674,18.218,1.00000,0.000,352.06
0.11000,8000.00,21686.74,6.7927,43.6449,118.988,17.591,1.00000,0.000,358.91
0.11050,8000.00,21996.91,6.8160,49.7350,120.209,17.041,1.00000,0.000,365.90
0.11100,8000.00,22274.83,6.8426,56.9132,121.322,16.580,1.00000,0.000,373.04
0.11150,8000.00,22517.18,6.8731,64.9545,122.314,16.214,1.00000,0.000,380.30
0.11200,8000.00,22721.69,6.9077,73.6135,123.177,15.947,1.00000,0.000,387.66
0.11250,8000.00,22887.12,6.9467,82.6320,123.904,15.781,1.00000,0.000,395.10
0.11300,8000.00,23013.35,6.9903,91.7461,124.496,15.716,1.00000,0.000,402.61
0.11350,8000.00,23101.32,7.0385,100.6935,124.955,15.747,1.00000,0.000,410.16
0.11400,8000.00,23152.97,7.0910,109.2208,125.285,15.867,1.00000,0.000,417.74
0.11450,8000.00,23171.22,7.1476,117.0905,125.497,16.068,1.00000,0.000,425.32
0.11500,8000.00,23159.81,7.2079,124.0868,125.603,16.340,1.00000,0.000,432.90
0.11550,8000.00,23123.22,7.2715,130.0213,125.617,16.669,1.00000,0.000,440.47
0.11600,8000.00,23066.51,7.3377,134.7379,125.558,17.042,1.00000,0.000,448.00
0.11650,8000.00,22995.21,7.4060,138.1164,125.443,17.444,1.00000,0.000,455.50
0.11700,8000.00,22915.12,7.4756,140.0749,125.292,17.861,1.00000,0.000,462.95
0.11750,8000.00,22832.19,7.5458,140.5719,125.127,18.277,1.00000,0.000,470.37
0.11800,8000.00,22752.33,7.6159,139.6065,124.968,18.677,1.00000,0.000,477.75
0.11850,8000.00,22681.25,7.6852,137.2178,124.834,19.046,1.00000,0.000,485.09
0.11900,8000.00,22624.34,7.7529,133.4833,124.745,19.372,1.00000,0.000,492.40
0.11950,8000.00,22586.47,7.8185,128.5161,124.718,19.643,1.00000,0.000,499.69
0.12000,8000.00,22571.93,7.8813,122.4613,124.769,19.848,1.00000,0.000,506.98
0.12050,8000.00,22584.30,7.9408,115.4917,124.909,19.980,1.00000,0.000,514.27
0.12100,8000.00,22626.33,7.9966,107.8024,125.150,20.031,1.00000,0.000,521.58
0.12150,8000.00,22699.91,8.0485,99.6052,125.499,19.999,1.00000,0.000,528.93
0.12200,8000.00,22806.03,8.0962,91.1228,125.960,19.882,1.00000,0.000,536.34
0.12250,8000.00,22944.72,8.1396,82.5820,126.532,19.681,1.00000,0.000,543.81
0.12300,8000.00,23115.14,8.1788,74.2077,127.215,19.399,1.00000,0.000,551.37
0.12350,8000.00,23315.54,8.2139,66.2169,128.003,19.042,1.00000,0.000,559.02
0.12400,8000.00,23543.35,8.2451,58.8124,128.887,18.617,1.00000,0.000,566.80
0.12450,8000.00,23795.28,8.2728,52.1777,129.856,18.133,1.00000,0.000,574.69
0.12500,8000.00,24067.38,8.2975,46.4723,130.898,17.602,1.00000,0.000,582.73
0.12550,8000.00,24355.21,8.3195,41.8272,131.998,17.036,1.00000,0.000,590.90
0.12600,8000.00,24653.93,8.3395,38.3422,133.138,16.448,1.00000,0.000,599.23
0.12650,8000.00,24958.45,8.3580,36.0835,134.303,15.851,1.00000,0.000,607.71
0.12700,8000.00,25263.59,8.3758,35.0821,135.473,15.258,1.00000,0.000,616.34
0.12750,8000.00,25564.24,8.3933,35.3339,136.631,14.684,1.00000,0.000,625.12
0.12800,8000.00,25855.46,8.4113,36.8003,137.761,14.139,1.00000,0.000,634.05
0.12850,8000.00,26132.66,8.4303,39.4099,138.846,13.637,1.00000,0.000,643.12
0.12900,8000.00,26391.71,8.4509,43.0607,139.870,13.186,1.00000,0.000,652.31
0.12950,8000.00,26629.04,8.4735,47.6242,140.823,12.796,1.00000,0.000,661.63
0.13000,8000.00,26841.73,8.4986,52.9486,141.692,12.472,1.00000,0.000,671.05
0.13050,8000.00,27027.61,8.5266,58.8644,142.470,12.220,1.00000,0.000,680.56
0.13100,8000.00,27185.25,8.5576,65.1883,143.151,12.041,1.00000,0.000,690.16
0.13150,8000.00,27314.05,8.5918,71.7298,143.732,11.936,1.00000,0.000,699.81
0.13200,8000.00,27414.16,8.6293,78.2954,144.213,11.904,1.00000,0.000,709.52
0.13250,8000.00,27486.54,8.6701,84.6949,144.596,11.939,1.00000,0.000,719.26
0.13300,8000.00,27532.86,8.7139,90.7459,144.887,12.038,1.00000,0.000,729.03
0.13350,8000.00,27555.46,8.7607,96.2792,145.093,12.193,1.00000,0.000,738.81
0.13400,8000.00,27557.25,8.8101,101.1426,145.224,12.396,1.00000,0.000,748.59
0.13450,8000.00,27541.65,8.8617,105.2051,145.290,12.637,1.00000,0.000,758.36
0.13500,8000.00,27512.48,8.9152,108.3602,145.306,12.906,1.00000,0.000,768.11
0.13550,8000.00,27473.82,8.9699,110.5279,145.284,13.192,1.00000,0.000,777.85
0.13600,8000.00,27429.94,9.0255,111.6567,145.241,13.485,1.00000,0.000,787.57
0.13650,8000.00,27385.14,9.0814,111.7243,145.189,13.772,1.00000,0.000,797.26
0.13700,8000.00,27343.67,9.1371,110.7379,145.145,14.045,1.00000,0.000,806.93
0.13750,8000.00,27309.59,9.1920,108.7334,145.123,14.292,1.00000,0.000,816.58
0.13800,8000.00,27286.68,9.2456,105.7737,145.136,14.504,1.00000,0.000,826.23
0.13850,8000.00,27278.34,9.2976,101.9470,145.196,14.674,1.00000,0.000,835.87
0.13900,8000.00,27287.48,9.3475,97.3633,145.314,14.794,1.00000,0.000,845.51
0.13950,8000.00,27316.49,9.3949,92.1516,145.498,14.859,1.00000,0.000,855.17
0.14000,8000.00,27367.16,9.4395,86.4559,145.755,14.866,1.00000,0.000,864.85
0.14050,8000.00,27440.62,9.4813,80.4307,146.091,14.812,1.00000,0.000,874.57
0.14100,8000.00,27537.37,9.5199,74.2371,146.506,14.698,1.00000,0.000,884.34
0.14150,8000.00,27657.22,9.5555,68.0378,147.000,14.524,1.00000,0.000,894.17
0.14200,8000.00,27799.34,9.5880,61.9926,147.572,14.293,1.00000,0.000,904.07
0.14250,8000.00,27962.29,9.6175,56.2546,148.218,14.010,1.00000,0.000,914.05
0.14300,8000.00,28144.04,9.6443,50.9654,148.929,13.681,1.00000,0.000,924.12
0.14350,8000.00,28342.09,9.6686,46.2517,149.699,13.314,1.00000,0.000,934.29
0.14400,8000.00,28553.49,9.6907,42.2223,150.517,12.915,1.00000,0.000,944.57
0.14450,8000.00,28774.97,9.7110,38.9647,151.372,12.495,1.00000,0.000,954.96
0.14500,8000.00,29003.00,9.7298,36.5440,152.253,12.063,1.00000,0.000,965.46
0.14550,8000.00,29233.93,9.7476,35.0005,153.146,11.628,1.00000,0.000,976.08
0.14600,8000.00,29464.10,9.7649,34.3499,154.040,11.199,1.00000,0.000,986.81
0.14650,8000.00,29689.90,9.7821,34.5828,154.922,10.787,1.00000,0.000,997.65
0.14700,8000.00,29907.90,9.7997,35.6657,155.779,10.399,1.00000,0.000,1008.61
0.14750,8000.00,30114.96,9.8179,37.5423,156.601,10.044,1.00000,0.000,1019.67
0.14800,8000.00,30308.27,9.8373,40.1355,157.378,9.727,1.00000,0.000,1030.82
0.14850,8000.00,30485.48,9.8582,43.3502,158.101,9.455,1.00000,0.000,1042.06
0.14900,8000.00,30644.69,9.8808,47.0758,158.762,9.231,1.00000,0.000,1053.38
0.14950,8000.00,30784.55,9.9053,51.1904,159.358,9.058,1.00000,0.000,1064.78
0.15000,8000.00,30904.26,9.9320,55.5637,159.884,8.937,1.00000,0.000,1076.23
0.15050,8000.00,31003.58,9.9609,60.0610,160.338,8.868,1.00000,0.000,1087.73
0.15100,8000.00,31082.81,9.9921,64.5473,160.723,8.848,1.00000,0.000,1099.27
0.15150,8000.00,31142.80,10.0254,68.8905,161.039,8.874,1.00000,0.000,1110.84
0.15200,8000.00,31184.88,10.0609,72.9654,161.291,8.944,1.00000,0.000,1122.44
0.15250,8000.00,31210.83,10.0983,76.6567,161.484,9.050,1.00000,0.000,1134.04
0.15300,8000.00,31222.81,10.1375,79.8621,161.626,9.186,1.00000,0.000,1145.65
0.15350,8000.00,31223.31,10.1781,82.4945,161.725,9.347,1.00000,0.000,1157.26
0.15400,8000.00,31215.04,10.2199,84.4846,161.790,9.525,1.00000,0.000,1168.87
0.15450,8000.00,31200.90,10.2625,85.7818,161.831,9.712,1.00000,0.000,1180.47
0.15500,8000.00,31183.85,10.3055,86.3554,161.859,9.900,1.00000,0.000,1192.06
0.15550,8000.00,31166.88,10.3487,86.1952,161.884,10.082,1.00000,0.000,1203.65
0.15600,8000.00,31152.87,10.3916,85.3112,161.915,10.251,1.00000,0.000,1215.22
0.15650,8000.00,31144.59,10.4339,83.7328,161.963,10.401,1.00000,0.000,1226.80
0.15700,8000.00,31144.54,10.4752,81.5079,162.037,10.524,1.00000,0.000,1238.37
0.15750,8000.00,31154.96,10.5153,78.7008,162.145,10.616,1.00000,0.000,1249.95
0.15800,8000.00,31177.74,10.5538,75.3907,162.293,10.674,1.00000,0.000,1261.54
0.15850,8000.00,31214.38,10.5906,71.6687,162.487,10.692,1.00000,0.000,1273.14
0.15900,8000.00,31265.96,10.6255,67.6355,162.732,10.670,1.00000,0.000,1284.78
0.15950,8000.00,31333.12,10.6582,63.3980,163.030,10.607,1.00000,0.000,1296.44
0.16000,8000.00,31416.03,10.6888,59.0666,163.382,10.503,1.00000,0.000,1308.15
0.16050,8000.00,31514.42,10.7173,54.7523,163.787,10.358,1.00000,0.000,1319.91
0.16100,8000.00,31627.58,10.7436,50.5629,164.244,10.176,1.00000,0.000,1331.72
0.16150,8000.00,31754.40,10.7679,46.6007,164.748,9.961,1.00000,0.000,1343.60
0.16200,8000.00,31893.38,10.7903,42.9597,165.296,9.716,1.00000,0.000,1355.54
0.16250,8000.00,32042.71,10.8109,39.7230,165.882,9.447,1.00000,0.000,1367.57
0.16300,8000.00,32200.32,10.8301,36.9609,166.497,9.159,1.00000,0.000,1379.67
0.16350,8000.00,32363.92,10.8480,34.7290,167.135,8.859,1.00000,0.000,1391.85
0.16400,8000.00,32531.10,10.8649,33.0672,167.787,8.553,1.00000,0.000,1404.11
0.16450,8000.00,32699.38,10.8811,31.9987,168.446,8.248,1.00000,0.000,1416.46
0.16500,8000.00,32866.29,10.8970,31.5300,169.101,7.950,1.00000,0.000,1428.90
0.16550,8000.00,33029.45,10.9128,31.6509,169.746,7.665,1.00000,0.000,1441.41
0.16600,8000.00,33186.61,10.9287,32.3352,170.372,7.399,1.00000,0.000,1454.00
0.16650,8000.00,33335.73,10.9452,33.5416,170.972,7.156,1.00000,0.000,1466.67
0.16700,8000.00,33475.04,10.9624,35.2158,171.539,6.940,1.00000,0.000,1479.41
0.16750,8000.00,33603.06,10.9805,37.2917,172.069,6.755,1.00000,0.000,1492.21
0.16800,8000.00,33718.65,10.9997,39.6937,172.555,6.604,1.00000,0.000,1505.07
0.16850,8000.00,33821.05,11.0202,42.3393,172.997,6.486,1.00000,0.000,1517.98
0.16900,8000.00,33909.85,11.0421,45.1413,173.391,6.403,1.00000,0.000,1530.94
0.16950,8000.00,33985.02,11.0654,48.0102,173.737,6.353,1.00000,0.000,1543.93
0.17000,8000.00,34046.88,11.0901,50.8572,174.036,6.336,1.00000,0.000,1556.95
0.17050,8000.00,34096.13,11.1162,53.5960,174.290,6.349,1.00000,0.000,1570.00
0.17100,8000.00,34133.73,11.1436,56.1456,174.501,6.388,1.00000,0.000,1583.07
0.17150,8000.00,34160.97,11.1723,58.4323,174.675,6.450,1.00000,0.000,1596.15
0.17200,8000.00,34179.33,11.2020,60.3910,174.815,6.531,1.00000,0.000,1609.24
0.17250,8000.00,34190.50,11.2326,61.9674,174.928,6.625,1.00000,0.000,1622.33
0.17300,8000.00,34196.31,11.2639,63.1190,175.019,6.729,1.00000,0.000,1635.43
0.17350,8000.00,34198.68,11.2957,63.8157,175.095,6.837,1.00000,0.000,1648.53
0.17400,8000.00,34199.53,11.3277,64.0407,175.164,6.944,1.00000,0.000,1661.63
0.17450,8000.00,34200.80,11.3596,63.7902,175.231,7.045,1.00000,0.000,1674.73
0.17500,8000.00,34204.34,11.3914,63.0735,175.304,7.137,1.00000,0.000,1687.83
0.17550,8000.00,34211.88,11.4226,61.9125,175.388,7.214,1.00000,0.000,1700.94
0.17600,8000.00,34224.98,11.4532,60.3404,175.489,7.273,1.00000,0.000,1714.05
0.17650,8000.00,34245.02,11.4829,58.4010,175.612,7.312,1.00000,0.000,1727.17
0.17700,8000.00,34273.13,11.5116,56.1469,175.762,7.327,1.00000,0.000,1740.31
0.17750,8000.00,34310.19,11.5390,53.6380,175.941,7.317,1.00000,0.000,1753.47
0.17800,8000.00,34356.78,11.5652,50.9398,176.153,7.281,1.00000,0.000,1766.64
0.17850,8000.00,34413.22,11.5899,48.1213,176.398,7.219,1.00000,0.000,1779.85
0.17900,8000.00,34479.52,11.6133,45.2531,176.676,7.131,1.00000,0.000,1793.09
0.17950,8000.00,34555.41,11.6352,42.4054,176.988,7.019,1.00000,0.000,1806.37
0.18000,8000.00,34640.34,11.6557,39.6462,177.332,6.883,1.00000,0.000,1819.69
0.18050,8000.00,34733.53,11.6749,37.0393,177.704,6.727,1.00000,0.000,1833.05
0.18100,8000.00,34833.96,11.6928,34.6427,178.103,6.555,1.00000,0.000,1846.47
0.18150,8000.00,34940.41,11.7096,32.5072,178.523,6.368,1.00000,0.000,1859.94
0.18200,8000.00,35051.53,11.7253,30.6753,178.960,6.171,1.00000,0.000,1873.47
0.18250,8000.00,35165.85,11.7403,29.1798,179.410,5.969,1.00000,0.000,1887.05
0.18300,8000.00,35281.82,11.7546,28.0436,179.867,5.764,1.00000,0.000,1900.69
0.18350,8000.00,35397.89,11.7684,27.2791,180.326,5.561,1.00000,0.000,1914.39
0.18400,8000.00,35512.53,11.7819,26.8880,180.782,5.365,1.00000,0.000,1928.15
0.18450,8000.00,35624.28,11.7953,26.8619,181.228,5.178,1.00000,0.000,1941.96
0.18500,8000.00,35731.77,11.8088,27.1825,181.661,5.004,1.00000,0.000,1955.82
0.18550,8000.00,35833.79,11.8226,27.8225,182.076,4.846,1.00000,0.000,1969.74
0.18600,8000.00,35929.32,11.8367,28.7468,182.470,4.705,1.00000,0.000,1983.71
0.18650,8000.00,36017.50,11.8514,29.9133,182.838,4.585,1.00000,0.000,1997.71
0.18700,8000.00,36097.72,11.8667,31.2747,183.179,4.484,1.00000,0.000,2011.76
0.18750,8000.00,36169.60,11.8827,32.7796,183.491,4.406,1.00000,0.000,2025.85
0.18800,8000.00,36232.95,11.8994,34.3744,183.773,4.348,1.00000,0.000,2039.96
0.18850,8000.00,36287.86,11.9170,36.0045,184.025,4.310,1.00000,0.000,2054.11
0.18900,8000.00,36334.59,11.9354,37.6160,184.248,4.292,1.00000,0.000,2068.28
0.18950,8000.00,36373.64,11.9546,39.1574,184.443,4.291,1.00000,0.000,2082.46
0.19000,8000.00,36405.68,11.9746,40.5803,184.612,4.305,1.00000,0.000,2096.67
0.19050,8000.00,36431.51,11.9952,41.8412,184.757,4.333,1.00000,0.000,2110.88
0.19100,8000.00,36452.09,12.0164,42.9023,184.882,4.370,1.00000,0.000,2125.11
0.19150,8000.00,36468.48,12.0381,43.7324,184.991,4.415,1.00000,0.000,2139.34
0.19200,8000.00,36481.79,12.0601,44.3074,185.087,4.464,1.00000,0.000,2153.58
0.19250,8000.00,36493.18,12.0823,44.6108,185.175,4.514,1.00000,0.000,2167.83
0.19300,8000.00,36503.80,12.1046,44.6341,185.257,4.564,1.00000,0.000,2182.08
0.19350,8000.00,36514.78,12.1269,44.3765,185.339,4.609,1.00000,0.000,2196.34
0.19400,8000.00,36527.21,12.1490,43.8450,185.424,4.647,1.00000,0.000,2210.60
0.19450,8000.00,36542.07,12.1707,43.0536,185.516,4.676,1.00000,0.000,2224.87
0.19500,8000.00,36560.25,12.1920,42.0231,185.618,4.694,1.00000,0.000,2239.15
0.19550,8000.00,36582.50,12.2127,40.7800,185.732,4.700,1.00000,0.000,2253.44
0.19600,8000.00,36609.43,12.2327,39.3560,185.862,4.691,1.00000,0.000,2267.75
0.19650,8000.00,36641.50,12.2520,37.7864,186.008,4.668,1.00000,0.000,2282.07
0.19700,8000.00,36679.00,12.2705,36.1099,186.173,4.630,1.00000,0.000,2296.41
0.19750,8000.00,36722.05,12.2881,34.3664,186.357,4.577,1.00000,0.000,2310.77
0.19800,8000.00,36770.58,12.3049,32.5969,186.559,4.510,1.00000,0.000,2325.16
0.19850,8000.00,36824.39,12.3207,30.8415,186.779,4.429,1.00000,0.000,2339.57
0.19900,8000.00,36883.12,12.3357,29.1389,187.017,4.336,1.00000,0.000,2354.01
0.19950,8000.00,36946.25,12.3499,27.5251,187.270,4.232,1.00000,0.000,2368.48
0.20000,8000.00,37013.17,12.3633,26.0326,187.537,4.119,1.00000,0.000,2382.99
0.20050,8000.00,37083.15,12.3759,24.6895,187.816,4.000,1.00000,0.000,2397.53
0.20100,8000.00,37155.39,12.3880,23.5189,188.102,3.875,1.00000,0.000,2412.11
0.20150,8000.00,37229.04,12.3995,22.5385,188.395,3.749,1.00000,0.000,2426.72
0.20200,8000.00,37303.23,12.4106,21.7604,188.690,3.623,1.00000,0.000,2441.37
0.20250,8000.00,37377.07,12.4213,21.1905,188.984,3.498,1.00000,0.000,2456.06
0.20300,8000.00,37449.72,12.4318,20.8288,189.276,3.379,1.00000,0.000,2470.79
0.20350,8000.00,37520.38,12.4421,20.6698,189.561,3.265,1.00000,0.000,2485.55
0.20400,8000.00,37588.32,12.4525,20.7026,189.837,3.159,1.00000,0.000,2500.34
0.20450,8000.00,37652.90,12.4629,20.9114,190.102,3.063,1.00000,0.000,2515.17
0.20500,8000.00,37713.60,12.4734,21.2761,190.354,2.977,1.00000,0.000,2530.03
0.20550,8000.00,37769.99,12.4842,21.7733,190.591,2.902,1.00000,0.000,2544.91
0.20600,8000.00,37821.79,12.4952,22.3769,190.812,2.839,1.00000,0.000,2559.82
0.20650,8000.00,37868.82,12.5066,23.0586,191.016,2.787,1.00000,0.000,2574.76
0.20700,8000.00,37911.06,12.5183,23.7894,191.203,2.747,1.00000,0.000,2589.71
0.20750,8000.00,37948.58,12.5304,24.5399,191.373,2.717,1.00000,0.000,2604.69
0.20800,8000.00,37981.58,12.5428,25.2815,191.527,2.698,1.00000,0.000,2619.68
0.20850,8000.00,38010.36,12.5556,25.9867,191.664,2.688,1.00000,0.000,2634.68
0.20900,8000.00,38035.33,12.5688,26.6301,191.788,2.685,1.00000,0.000,2649.70
0.20950,8000.00,38056.94,12.5823,27.1892,191.898,2.689,1.00000,0.000,2664.73
0.21000,8000.00,38075.73,12.5960,27.6445,191.997,2.697,1.00000,0.000,2679.77
0.21050,8000.00,38092.27,12.6099,27.9800,192.087,2.709,1.00000,0.000,2694.81
0.21100,8000.00,38107.15,12.6239,28.1836,192.170,2.723,1.00000,0.000,2709.87
0.21150,8000.00,38121.00,12.6380,28.2472,192.247,2.737,1.00000,0.000,2724.93
0.21200,8000.00,38134.40,12.6521,28.1670,192.322,2.750,1.00000,0.000,2739.99
0.21250,8000.00,38147.94,12.6662,27.9430,192.396,2.761,1.00000,0.000,2755.07
0.21300,8000.00,38162.16,12.6801,27.5792,192.471,2.767,1.00000,0.000,2770.15
0.21350,8000.00,38177.55,12.6937,27.0831,192.549,2.769,1.00000,0.000,2785.24
0.21400,8000.00,38194.54,12.7071,26.4655,192.632,2.765,1.00000,0.000,2800.33
0.21450,8000.00,38213.49,12.7202,25.7403,192.721,2.755,1.00000,0.000,2815.44
0.21500,8000.00,38234.67,12.7329,24.9234,192.816,2.738,1.00000,0.000,2830.56
0.21550,8000.00,38258.29,12.7451,24.0330,192.920,2.714,1.00000,0.000,2845.69
0.21600,8000.00,38284.45,12.7569,23.0881,193.032,2.682,1.00000,0.000,2860.83
0.21650,8000.00,38313.18,12.7682,22.1089,193.152,2.644,1.00000,0.000,2875.99
0.21700,8000.00,38344.43,12.7790,21.1155,193.281,2.598,1.00000,0.000,2891.16
0.21750,8000.00,38378.06,12.7893,20.1276,193.418,2.547,1.00000,0.000,2906.35
0.21800,8000.00,38413.86,12.7991,19.1641,193.563,2.490,1.00000,0.000,2921.55
0.21850,8000.00,38451.56,12.8085,18.2425,193.715,2.428,1.00000,0.000,2936.78
0.21900,8000.00,38490.83,12.8174,17.3785,193.872,2.363,1.00000,0.000,2952.03
0.21950,8000.00,38531.32,12.8259,16.5856,194.034,2.295,1.00000,0.000,2967.29
0.22000,8000.00,38572.61,12.8340,15.8747,194.198,2.225,1.00000,0.000,2982.58
0.22050,8000.00,38614.30,12.8417,15.2543,194.365,2.156,1.00000,0.000,2997.88
0.22100,8000.00,38655.96,12.8492,14.7299,194.532,2.086,1.00000,0.000,3013.21
0.22150,8000.00,38697.18,12.8565,14.3040,194.697,2.019,1.00000,0.000,3028.56
0.22200,8000.00,38737.56,12.8636,13.9764,194.860,1.954,1.00000,0.000,3043.93
0.22250,8000.00,38776.74,12.8705,13.7443,195.019,1.892,1.00000,0.000,3059.32
0.22300,8000.00,38814.40,12.8773,13.6022,195.173,1.834,1.00000,0.000,3074.73
0.22350,8000.00,38850.27,12.8841,13.5424,195.320,1.782,1.00000,0.000,3090.15
0.22400,8000.00,38884.12,12.8909,13.5554,195.461,1.734,1.00000,0.000,3105.59
0.22450,8000.00,38915.79,12.8977,13.6304,195.594,1.691,1.00000,0.000,3121.05
0.22500,8000.00,38945.19,12.9045,13.7554,195.718,1.654,1.00000,0.000,3136.52
0.22550,8000.00,38972.25,12.9114,13.9176,195.835,1.622,1.00000,0.000,3152.01
0.22600,8000.00,38997.01,12.9184,14.1042,195.942,1.595,1.00000,0.000,3167.51
0.22650,8000.00,39019.52,12.9255,14.3023,196.042,1.573,1.00000,0.000,3183.02
0.22700,8000.00,39039.90,12.9327,14.4995,196.133,1.556,1.00000,0.000,3198.54
0.22750,8000.00,39058.31,12.9400,14.6841,196.217,1.542,1.00000,0.000,3214.07
0.22800,8000.00,39074.94,12.9474,14.8454,196.293,1.531,1.00000,0.000,3229.60
0.22850,8000.00,39090.00,12.9549,14.9740,196.364,1.523,1.00000,0.000,3245.15
0.22900,8000.00,39103.74,12.9624,15.0619,196.429,1.517,1.00000,0.000,3260.70
0.22950,8000.00,39116.41,12.9699,15.1025,196.489,1.512,1.00000,0.000,3276.26
0.23000,8000.00,39128.27,12.9775,15.0910,196.546,1.508,1.00000,0.000,3291.82
0.23050,8000.00,39139.57,12.9850,15.0243,196.600,1.504,1.00000,0.000,3307.39
0.23100,8000.00,39150.56,12.9925,14.9010,196.653,1.500,1.00000,0.000,3322.97
0.23150,8000.00,39161.48,12.9999,14.7211,196.704,1.494,1.00000,0.000,3338.55
0.23200,8000.00,39172.53,13.0072,14.4865,196.755,1.487,1.00000,0.000,3354.14
0.23250,8000.00,39183.91,13.0144,14.2003,196.807,1.479,1.00000,0.000,3369.73
0.23300,8000.00,39195.76,13.0214,13.8669,196.860,1.468,1.00000,0.000,3385.33
0.23350,8000.00,39208.23,13.0282,13.4920,196.914,1.455,1.00000,0.000,3400.93
0.23400,8000.00,39221.39,13.0349,13.0819,196.970,1.439,1.00000,0.000,3416.54
0.23450,8000.00,39235.31,13.0413,12.6438,197.029,1.421,1.00000,0.000,3432.16
0.23500,8000.00,39250.02,13.0475,12.1855,197.090,1.401,1.00000,0.000,3447.78
0.23550,8000.00,39265.50,13.0535,11.7148,197.154,1.378,1.00000,0.000,3463.42
0.23600,8000.00,39281.71,13.0592,11.2396,197.220,1.353,1.00000,0.000,3479.06
0.23650,8000.00,39298.60,13.0647,10.7677,197.288,1.326,1.00000,0.000,3494.71
0.23700,8000.00,39316.04,13.0700,10.3066,197.359,1.297,1.00000,0.000,3510.36
0.23750,8000.00,39333.95,13.0750,9.8630,197.430,1.268,1.00000,0.000,3526.03
0.23800,8000.00,39352.16,13.0799,9.4428,197.503,1.237,1.00000,0.000,3541.71
0.23850,8000.00,39370.55,13.0845,9.0511,197.577,1.206,1.00000,0.000,3557.39
0.23900,8000.00,39388.96,13.0889,8.6917,197.650,1.175,1.00000,0.000,3573.09
0.23950,8000.00,39407.23,13.0932,8.3673,197.723,1.145,1.00000,0.000,3588.79
0.24000,8000.00,39425.22,13.0973,8.0793,197.795,1.115,1.00000,0.000,3604.50
0.24050,8000.00,39442.78,13.1013,7.8279,197.866,1.086,1.00000,0.000,3620.22
0.24100,8000.00,39459.79,13.1051,7.6121,197.934,1.059,1.00000,0.000,3635.95
0.24150,8000.00,39476.15,13.1089,7.4298,198.000,1.033,1.00000,0.000,3651.69
0.24200,8000.00,39491.76,13.1126,7.2781,198.064,1.008,1.00000,0.000,3667.44
0.24250,8000.00,39506.56,13.1162,7.1535,198.124,0.986,1.00000,0.000,3683.19
0.24300,8000.00,39520.52,13.1197,7.0519,198.182,0.965,1.00000,0.000,3698.95
0.24350,8000.00,39533.61,13.1232,6.9690,198.236,0.946,1.00000,0.000,3714.72
0.24400,8000.00,39545.82,13.1267,6.9006,198.287,0.929,1.00000,0.000,3730.49
0.24450,8000.00,39557.19,13.1301,6.8422,198.334,0.914,1.00000,0.000,3746.27
0.24500,8000.00,39567.75,13.1335,6.7899,198.379,0.900,1.00000,0.000,3762.05
0.24550,8000.00,39577.54,13.1369,6.7400,198.420,0.887,1.00000,0.000,3777.84
0.24600,8000.00,39586.62,13.1403,6.6891,198.459,0.876,1.00000,0.000,3793.64
0.24650,8000.00,39595.07,13.1436,6.6344,198.495,0.866,1.00000,0.000,3809.43
0.24700,8000.00,39602.95,13.1469,6.5738,198.529,0.857,1.00000,0.000,3825.24
0.24750,8000.00,39610.34,13.1502,6.5053,198.560,0.848,1.00000,0.000,3841.04
0.24800,8000.00,39617.31,13.1534,6.4277,198.590,0.840,1.00000,0.000,3856.85
0.24850,8000.00,39623.93,13.1566,6.3404,198.619,0.832,1.00000,0.000,3872.66
0.24900,8000.00,39630.27,13.1598,6.2431,198.646,0.824,1.00000,0.000,3888.48
0.24950,8000.00,39636.38,13.1629,6.1359,198.672,0.817,1.00000,0.000,3904.29
0.25000,8000.00,39642.33,13.1659,6.0196,198.697,0.809,1.00000,0.000,3920.12
0.25050,8000.00,39648.14,13.1689,5.8950,198.722,0.802,1.00000,0.000,3935.94
0.25100,8000.00,39653.86,13.1718,5.7633,198.746,0.794,1.00000,0.000,3951.77
0.25150,8000.00,39659.52,13.1746,5.6259,198.769,0.786,1.00000,0.000,3967.60
0.25200,8000.00,39665.14,13.1774,5.4844,198.792,0.778,1.00000,0.000,3983.43
0.25250,8000.00,39670.72,13.1801,5.3402,198.815,0.769,1.00000,0.000,3999.26
0.25300,8000.00,39676.27,13.1828,5.1950,198.838,0.761,1.00000,0.000,4015.10
0.25350,8000.00,39681.78,13.1853,5.0502,198.860,0.752,1.00000,0.000,4030.94
0.25400,8000.00,39687.26,13.1878,4.9071,198.882,0.743,1.00000,0.000,4046.79
0.25450,8000.00,39692.69,13.1902,4.7670,198.904,0.734,1.00000,0.000,4062.63
0.25500,8000.00,39698.05,13.1926,4.6307,198.926,0.725,1.00000,0.000,4078.48
0.25550,8000.00,39703.34,13.1949,4.4991,198.947,0.717,1.00000,0.000,4094.33
0.25600,8000.00,39708.53,13.1971,4.3727,198.967,0.708,1.00000,0.000,4110.19
0.25650,8000.00,39713.61,13.1992,4.2519,198.987,0.699,1.00000,0.000,4126.04
0.25700,8000.00,39718.57,13.2013,4.1368,199.007,0.691,1.00000,0.000,4141.90
0.25750,8000.00,39723.38,13.2034,4.0273,199.026,0.682,1.00000,0.000,4157.77
0.25800,8000.00,39728.05,13.2054,3.9233,199.045,0.674,1.00000,0.000,4173.63
0.25850,8000.00,39732.57,13.2073,3.8246,199.063,0.667,1.00000,0.000,4189.50
0.25900,8000.00,39736.92,13.2092,3.7308,199.080,0.659,1.00000,0.000,4205.36
0.25950,8000.00,39741.11,13.2110,3.6415,199.097,0.652,1.00000,0.000,4221.24
0.26000,8000.00,39745.13,13.2128,3.5562,199.113,0.645,1.00000,0.000,4237.11
0.26050,8000.00,39748.99,13.2146,3.4745,199.128,0.638,1.00000,0.000,4252.98
0.26100,8000.00,39752.69,13.2163,3.3959,199.143,0.632,1.00000,0.000,4268.86
0.26150,8000.00,39756.23,13.2180,3.3202,199.157,0.626,1.00000,0.000,4284.74
0.26200,8000.00,39759.62,13.2196,3.2468,199.170,0.620,1.00000,0.000,4300.62
0.26250,8000.00,39762.87,13.2212,3.1756,199.183,0.614,1.00000,0.000,4316.50
0.26300,8000.00,39765.98,13.2228,3.1062,199.195,0.609,1.00000,0.000,4332.38
0.26350,8000.00,39768.97,13.2243,3.0383,199.207,0.604,1.00000,0.000,4348.27
0.26400,8000.00,39771.84,13.2258,2.9719,199.219,0.599,1.00000,0.000,4364.15
0.26450,8000.00,39774.59,13.2273,2.9068,199.229,0.594,1.00000,0.000,4380.04
0.26500,8000.00,39777.24,13.2287,2.8428,199.240,0.590,1.00000,0.000,4395.93
0.26550,8000.00,39779.79,13.2301,2.7799,199.250,0.585,1.00000,0.000,4411.82
0.26600,8000.00,39782.25,13.2315,2.7181,199.260,0.581,1.00000,0.000,4427.71
0.26650,8000.00,39784.63,13.2329,2.6573,199.269,0.577,1.00000,0.000,4443.60
0.26700,8000.00,39786.92,13.2342,2.5976,199.278,0.572,1.00000,0.000,4459.49
0.26750,8000.00,39789.14,13.2355,2.5388,199.287,0.569,1.00000,0.000,4475.39
0.26800,8000.00,39791.28,13.2367,2.4812,199.295,0.565,1.00000,0.000,4491.28
0.26850,8000.00,39793.36,13.2379,2.4245,199.303,0.561,1.00000,0.000,4507.18
0.26900,8000.00,39795.38,13.2391,2.3690,199.311,0.557,1.00000,0.000,4523.08
0.26950,8000.00,39797.33,13.2403,2.3145,199.319,0.554,1.00000,0.000,4538.98
0.27000,8000.00,39799.23,13.2415,2.2612,199.326,0.550,1.00000,0.000,4554.88
0.27050,8000.00,39801.07,13.2426,2.2090,199.333,0.547,1.00000,0.000,4570.78
0.27100,8000.00,39802.86,13.2437,2.1579,199.340,0.543,1.00000,0.000,4586.68
0.27150,8000.00,39804.59,13.2447,2.1079,199.347,0.540,1.00000,0.000,4602.58
0.27200,8000.00,39806.27,13.2458,2.0591,199.354,0.537,1.00000,0.000,4618.48
0.27250,8000.00,39807.91,13.2468,2.0113,199.360,0.534,1.00000,0.000,4634.39
0.27300,8000.00,39809.49,13.2478,1.9647,199.366,0.531,1.00000,0.000,4650.29
0.27350,8000.00,39811.04,13.2488,1.9191,199.372,0.528,1.00000,0.000,4666.20
0.27400,8000.00,39812.53,13.2497,1.8746,199.378,0.525,1.00000,0.000,4682.10
0.27450,8000.00,39813.99,13.2506,1.8312,199.383,0.522,1.00000,0.000,4698.01
0.27500,8000.00,39815.40,13.2515,1.7888,199.389,0.520,1.00000,0.000,4713.92
0.27550,8000.00,39816.77,13.2524,1.7474,199.394,0.517,1.00000,0.000,4729.83
0.27600,8000.00,39818.10,13.2533,1.7069,199.399,0.514,1.00000,0.000,4745.74
0.27650,8000.00,39819.39,13.2541,1.6674,199.404,0.512,1.00000,0.000,4761.65
0.27700,8000.00,39820.65,13.2549,1.6288,199.409,0.509,1.00000,0.000,4777.56
0.27750,8000.00,39821.87,13.2558,1.5912,199.414,0.507,1.00000,0.000,4793.47
0.27800,8000.00,39823.06,13.2565,1.5544,199.418,0.505,1.00000,0.000,4809.38
0.27850,8000.00,39824.21,13.2573,1.5184,199.423,0.503,1.00000,0.000,4825.29
0.27900,8000.00,39825.33,13.2581,1.4833,199.427,0.500,1.00000,0.000,4841.20
0.27950,8000.00,39826.42,13.2588,1.4490,199.431,0.498,1.00000,0.000,4857.12
0.28000,8000.00,39827.48,13.2595,1.4155,199.435,0.496,1.00000,0.000,4873.03
0.28050,8000.00,39828.50,13.2602,1.3828,199.439,0.494,1.00000,0.000,4888.95
0.28100,8000.00,39829.50,13.2609,1.3508,199.443,0.492,1.00000,0.000,4904.86
0.28150,8000.00,39830.48,13.2616,1.3195,199.446,0.490,1.00000,0.000,4920.78
0.28200,8000.00,39831.42,13.2622,1.2890,199.450,0.488,1.00000,0.000,4936.69
0.28250,8000.00,39832.34,13.2628,1.2591,199.454,0.486,1.00000,0.000,4952.61
0.28300,8000.00,39833.24,13.2635,1.2300,199.457,0.485,1.00000,0.000,4968.52
0.28350,8000.00,39834.11,13.2641,1.2015,199.460,0.483,1.00000,0.000,4984.44
0.28400,8000.00,39834.96,13.2647,1.1736,199.464,0.481,1.00000,0.000,5000.36
0.28450,8000.00,39835.78,13.2652,1.1464,199.467,0.480,1.00000,0.000,5016.28
0.28500,8000.00,39836.58,13.2658,1.1198,199.470,0.478,1.00000,0.000,5032.19
0.28550,8000.00,39837.36,13.2664,1.0938,199.473,0.476,1.00000,0.000,5048.11
0.28600,8000.00,39838.13,13.2669,1.0684,199.476,0.475,1.00000,0.000,5064.03
0.28650,8000.00,39838.87,13.2674,1.0436,199.478,0.473,1.00000,0.000,5079.95
0.28700,8000.00,39839.59,13.2680,1.0193,199.481,0.472,1.00000,0.000,5095.87
0.28750,8000.00,39840.29,13.2685,0.9956,199.484,0.470,1.00000,0.000,5111.79
0.28800,8000.00,39840.97,13.2689,0.9724,199.486,0.469,1.00000,0.000,5127.71
0.28850,8000.00,39841.64,13.2694,0.9498,199.489,0.468,1.00000,0.000,5143.63
0.28900,8000.00,39842.29,13.2699,0.9276,199.491,0.466,1.00000,0.000,5159.55
0.28950,8000.00,39842.92,13.2704,0.9060,199.494,0.465,1.00000,0.000,5175.48
0.29000,8000.00,39843.54,13.2708,0.8849,199.496,0.464,1.00000,0.000,5191.40
0.29050,8000.00,39844.14,13.2712,0.8643,199.498,0.463,1.00000,0.000,5207.32
0.29100,8000.00,39844.72,13.2717,0.8441,199.500,0.461,1.00000,0.000,5223.24
0.29150,8000.00,39845.29,13.2721,0.8244,199.503,0.460,1.00000,0.000,5239.16
0.29200,8000.00,39845.85,13.2725,0.8051,199.505,0.459,1.00000,0.000,5255.09
0.29250,8000.00,39846.39,13.2729,0.7863,199.507,0.458,1.00000,0.000,5271.01
0.29300,8000.00,39846.91,13.2733,0.7679,199.509,0.457,1.00000,0.000,5286.93
0.29350,8000.00,39847.43,13.2737,0.7499,199.511,0.456,1.00000,0.000,5302.86
0.29400,8000.00,39847.93,13.2740,0.7324,199.513,0.455,1.00000,0.000,5318.78
0.29450,8000.00,39848.42,13.2744,0.7152,199.514,0.454,1.00000,0.000,5334.71
0.29500,8000.00,39848.89,13.2747,0.6985,199.516,0.453,1.00000,0.000,5350.63
0.29550,8000.00,39849.36,13.2751,0.6821,199.518,0.452,1.00000,0.000,5366.55
0.29600,8000.00,39849.81,13.2754,0.6661,199.520,0.451,1.00000,0.000,5382.48
0.29650,8000.00,39850.25,13.2758,0.6505,199.521,0.450,1.00000,0.000,5398.40
0.29700,8000.00,39850.68,13.2761,0.6352,199.523,0.449,1.00000,0.000,5414.33
0.29750,8000.00,39851.10,13.2764,0.6203,199.524,0.448,1.00000,0.000,5430.26
0.29800,8000.00,39851.51,13.2767,0.6057,199.526,0.447,1.00000,0.000,5446.18
0.29850,8000.00,39851.91,13.2770,0.5915,199.528,0.447,1.00000,0.000,5462.11
0.29900,8000.00,39852.29,13.2773,0.5775,199.529,0.446,1.00000,0.000,5478.03
0.29950,8000.00,39852.67,13.2776,0.5640,199.530,0.445,1.00000,0.000,5493.96
0.30000,8000.00,39853.04,13.2779,0.5507,199.532,0.444,1.00000,0.000,5509.89
0.30050,8000.00,39853.40,13.2781,0.5377,199.533,0.444,1.00000,0.000,5525.81
0.30100,8000.00,39853.75,13.2784,0.5250,199.534,0.443,1.00000,0.000,5541.74
0.30150,8000.00,39854.10,13.2787,0.5127,199.536,0.442,1.00000,0.000,5557.67
0.30200,8000.00,39854.43,13.2789,0.5006,199.537,0.441,1.00000,0.000,5573.59
0.30250,8000.00,39854.76,13.2792,0.4888,199.538,0.441,1.00000,0.000,5589.52
0.30300,8000.00,39855.08,13.2794,0.4772,199.539,0.440,1.00000,0.000,5605.45
0.30350,8000.00,39855.39,13.2796,0.4659,199.541,0.439,1.00000,0.000,5621.38
0.30400,8000.00,39855.69,13.2799,0.4549,199.542,0.439,1.00000,0.000,5637.30
0.30450,8000.00,39855.98,13.2801,0.4442,199.543,0.438,1.00000,0.000,5653.23
0.30500,8000.00,39856.27,13.2803,0.4337,199.544,0.438,1.00000,0.000,5669.16
0.30550,8000.00,39856.55,13.2805,0.4234,199.545,0.437,1.00000,0.000,5685.09
0.30600,8000.00,39856.82,13.2807,0.4134,199.546,0.436,1.00000,0.000,5701.02
0.30650,8000.00,39857.09,13.2809,0.4036,199.547,0.436,1.00000,0.000,5716.95
0.30700,8000.00,39857.35,13.2811,0.3941,199.548,0.435,1.00000,0.000,5732.87
0.30750,8000.00,39857.61,13.2813,0.3847,199.549,0.435,1.00000,0.000,5748.80
0.30800,8000.00,39857.85,13.2815,0.3756,199.550,0.434,1.00000,0.000,5764.73
0.30850,8000.00,39858.10,13.2817,0.3667,199.551,0.434,1.00000,0.000,5780.66
0.30900,8000.00,39858.33,13.2819,0.3580,199.552,0.433,1.00000,0.000,5796.59
0.30950,8000.00,39858.56,13.2821,0.3495,199.552,0.433,1.00000,0.000,5812.52
0.31000,8000.00,39858.79,13.2822,0.3412,199.553,0.432,1.00000,0.000,5828.45
0.31050,8000.00,39859.01,13.2824,0.3331,199.554,0.432,1.00000,0.000,5844.38
0.31100,8000.00,39859.22,13.2826,0.3252,199.555,0.431,1.00000,0.000,5860.31
0.31150,8000.00,39859.43,13.2827,0.3175,199.556,0.431,1.00000,0.000,5876.24
0.31200,8000.00,39859.63,13.2829,0.3099,199.556,0.430,1.00000,0.000,5892.17
0.31250,8000.00,39859.83,13.2830,0.3026,199.557,0.430,1.00000,0.000,5908.10
0.31300,8000.00,39860.02,13.2832,0.2954,199.558,0.430,1.00000,0.000,5924.03
0.31350,8000.00,39860.21,13.2833,0.2883,199.559,0.429,1.00000,0.000,5939.96
0.31400,8000.00,39860.40,13.2835,0.2815,199.559,0.429,1.00000,0.000,5955.89
0.31450,8000.00,39860.58,13.2836,0.2748,199.560,0.428,1.00000,0.000,5971.82
0.31500,8000.00,39860.75,13.2837,0.2682,199.561,0.428,1.00000,0.000,5987.75
0.31550,8000.00,39860.92,13.2839,0.2618,199.561,0.428,1.00000,0.000,6003.68
0.31600,8000.00,39861.09,13.2840,0.2556,199.562,0.427,1.00000,0.000,6019.61
0.31650,8000.00,39861.25,13.2841,0.2495,199.562,0.427,1.00000,0.000,6035.54
0.31700,8000.00,39861.41,13.2843,0.2436,199.563,0.427,1.00000,0.000,6051.47
0.31750,8000.00,39861.57,13.2844,0.2377,199.564,0.426,1.00000,0.000,6067.40
0.31800,8000.00,39861.72,13.2845,0.2321,199.564,0.426,1.00000,0.000,6083.33
0.31850,8000.00,39861.87,13.2846,0.2265,199.565,0.426,1.00000,0.000,6099.26
0.31900,8000.00,39862.01,13.2847,0.2211,199.565,0.425,1.00000,0.000,6115.20
0.31950,8000.00,39862.15,13.2848,0.2158,199.566,0.425,1.00000,0.000,6131.13
0.32000,8000.00,39862.29,13.2849,0.2107,199.566,0.425,1.00000,0.000,6147.06
0.32050,8000.00,39862.42,13.2850,0.2057,199.567,0.425,1.00000,0.000,6162.99
0.32100,8000.00,39862.55,13.2851,0.2007,199.567,0.424,1.00000,0.000,6178.92
0.32150,8000.00,39862.68,13.2852,0.1959,199.568,0.424,1.00000,0.000,6194.85
0.32200,8000.00,39862.80,13.2853,0.1913,199.568,0.424,1.00000,0.000,6210.78
0.32250,8000.00,39862.93,13.2854,0.1867,199.569,0.424,1.00000,0.000,6226.71
0.32300,8000.00,39863.04,13.2855,0.1822,199.569,0.423,1.00000,0.000,6242.65
0.32350,8000.00,39863.16,13.2856,0.1779,199.570,0.423,1.00000,0.000,6258.58
0.32400,8000.00,39863.27,13.2857,0.1736,199.570,0.423,1.00000,0.000,6274.51
0.32450,8000.00,39863.38,13.2858,0.1695,199.570,0.423,1.00000,0.000,6290.44
0.32500,8000.00,39863.49,13.2859,0.1654,199.571,0.422,1.00000,0.000,6306.37
0.32550,8000.00,39863.59,13.2860,0.1614,199.571,0.422,1.00000,0.000,6322.30
0.32600,8000.00,39863.70,13.2860,0.1576,199.572,0.422,1.00000,0.000,6338.24
0.32650,8000.00,39863.80,13.2861,0.1538,199.572,0.422,1.00000,0.000,6354.17
0.32700,8000.00,39863.89,13.2862,0.1501,199.572,0.421,1.00000,0.000,6370.10
0.32750,8000.00,39863.99,13.2863,0.1465,199.573,0.421,1.00000,0.000,6386.03
0.32800,8000.00,39864.08,13.2863,0.1430,199.573,0.421,1.00000,0.000,6401.96
0.32850,8000.00,39864.17,13.2864,0.1396,199.573,0.421,1.00000,0.000,6417.90
0.32900,8000.00,39864.26,13.2865,0.1362,199.574,0.421,1.00000,0.000,6433.83
0.32950,8000.00,39864.35,13.2865,0.1330,199.574,0.420,1.00000,0.000,6449.76
0.33000,8000.00,39864.43,13.2866,0.1298,199.574,0.420,1.00000,0.000,6465.69
0.33050,8000.00,39864.51,13.2867,0.1267,199.575,0.420,1.00000,0.000,6481.62
0.33100,8000.00,39864.59,13.2867,0.1236,199.575,0.420,1.00000,0.000,6497.56
0.33150,8000.00,39864.67,13.2868,0.1207,199.575,0.420,1.00000,0.000,6513.49
0.33200,8000.00,39864.75,13.2869,0.1178,199.576,0.420,1.00000,0.000,6529.42
0.33250,8000.00,39864.82,13.2869,0.1149,199.576,0.419,1.00000,0.000,6545.35
0.33300,8000.00,39864.89,13.2870,0.1122,199.576,0.419,1.00000,0.000,6561.29
0.33350,8000.00,39864.96,13.2870,0.1095,199.576,0.419,1.00000,0.000,6577.22
0.33400,8000.00,39865.03,13.2871,0.1069,199.577,0.419,1.00000,0.000,6593.15
0.33450,8000.00,39865.10,13.2871,0.1043,199.577,0.419,1.00000,0.000,6609.08
0.33500,8000.00,39865.17,13.2872,0.1018,199.577,0.419,1.00000,0.000,6625.02
0.33550,8000.00,39865.23,13.2872,0.0993,199.577,0.419,1.00000,0.000,6640.95
0.33600,8000.00,39865.29,13.2873,0.0970,199.578,0.418,1.00000,0.000,6656.88
0.33650,8000.00,39865.35,13.2873,0.0946,199.578,0.418,1.00000,0.000,6672.81
0.33700,8000.00,39865.41,13.2874,0.0924,199.578,0.418,1.00000,0.000,6688.75
0.33750,8000.00,39865.47,13.2874,0.0901,199.578,0.418,1.00000,0.000,6704.68
0.33800,8000.00,39865.53,13.2875,0.0880,199.578,0.418,1.00000,0.000,6720.61
0.33850,8000.00,39865.58,13.2875,0.0859,199.579,0.418,1.00000,0.000,6736.55
0.33900,8000.00,39865.64,13.2876,0.0838,199.579,0.418,1.00000,0.000,6752.48
0.33950,8000.00,39865.69,13.2876,0.0818,199.579,0.418,1.00000,0.000,6768.41
0.34000,8000.00,39865.74,13.2876,0.0798,199.579,0.418,1.00000,0.000,6784.34
0.34050,8000.00,39865.79,13.2877,0.0779,199.579,0.417,1.00000,0.000,6800.28
0.34100,8000.00,39865.84,13.2877,0.0760,199.580,0.417,1.00000,0.000,6816.21
0.34150,8000.00,39865.89,13.2878,0.0742,199.580,0.417,1.00000,0.000,6832.14
0.34200,8000.00,39865.94,13.2878,0.0724,199.580,0.417,1.00000,0.000,6848.08
0.34250,8000.00,39865.98,13.2878,0.0707,199.580,0.417,1.00000,0.000,6864.01
0.34300,8000.00,39866.03,13.2879,0.0690,199.580,0.417,1.00000,0.000,6879.94
0.34350,8000.00,39866.07,13.2879,0.0673,199.580,0.417,1.00000,0.000,6895.87
0.34400,8000.00,39866.11,13.2879,0.0657,199.581,0.417,1.00000,0.000,6911.81
0.34450,8000.00,39866.15,13.2880,0.0641,199.581,0.417,1.00000,0.000,6927.74
0.34500,8000.00,39866.19,13.2880,0.0626,199.581,0.417,1.00000,0.000,6943.67
0.34550,8000.00,39866.23,13.2880,0.0611,199.581,0.416,1.00000,0.000,6959.61
0.34600,8000.00,39866.27,13.2881,0.0596,199.581,0.416,1.00000,0.000,6975.54
0.34650,8000.00,39866.31,13.2881,0.0581,199.581,0.416,1.00000,0.000,6991.47
0.34700,8000.00,39866.34,13.2881,0.0567,199.581,0.416,1.00000,0.000,7007.41
0.34750,8000.00,39866.38,13.2881,0.0554,199.582,0.416,1.00000,0.000,7023.34
0.34800,8000.00,39866.42,13.2882,0.0540,199.582,0.416,1.00000,0.000,7039.27
0.34850,8000.00,39866.45,13.2882,0.0527,199.582,0.416,1.00000,0.000,7055.21
0.34900,8000.00,39866.48,13.2882,0.0515,199.582,0.416,1.00000,0.000,7071.14
0.34950,8000.00,39866.51,13.2882,0.0502,199.582,0.416,1.00000,0.000,7087.07
0.35000,8000.00,39866.55,13.2883,0.0490,199.582,0.416,1.00000,0.000,7103.01
0.35050,8000.00,39866.58,13.2883,0.0478,199.582,0.416,1.00000,0.000,7118.94
0.35100,8000.00,39866.61,13.2883,0.0467,199.582,0.416,1.00000,0.000,7134.87
0.35150,8000.00,39866.64,13.2883,0.0456,199.583,0.416,1.00000,0.000,7150.81
0.35200,8000.00,39866.67,13.2884,0.0445,199.583,0.416,1.00000,0.000,7166.74
0.35250,8000.00,39866.69,13.2884,0.0434,199.583,0.415,1.00000,0.000,7182.67
0.35300,8000.00,39866.72,13.2884,0.0423,199.583,0.415,1.00000,0.000,7198.61
0.35350,8000.00,39866.75,13.2884,0.0413,199.583,0.415,1.00000,0.000,7214.54
0.35400,8000.00,39866.77,13.2884,0.0403,199.583,0.415,1.00000,0.000,7230.47
0.35450,8000.00,39866.80,13.2885,0.0394,199.583,0.415,1.00000,0.000,7246.41
0.35500,8000.00,39866.82,13.2885,0.0384,199.583,0.415,1.00000,0.000,7262.34
0.35550,8000.00,39866.85,13.2885,0.0375,199.583,0.415,1.00000,0.000,7278.27
0.35600,8000.00,39866.87,13.2885,0.0366,199.583,0.415,1.00000,0.000,7294.21
0.35650,8000.00,39866.89,13.2885,0.0357,199.583,0.415,1.00000,0.000,7310.14
0.35700,8000.00,39866.92,13.2886,0.0348,199.584,0.415,1.00000,0.000,7326.07
0.35750,8000.00,39866.94,13.2886,0.0340,199.584,0.415,1.00000,0.000,7342.01
0.35800,8000.00,39866.96,13.2886,0.0332,199.584,0.415,1.00000,0.000,7357.94
0.35850,8000.00,39866.98,13.2886,0.0324,199.584,0.415,1.00000,0.000,7373.87
0.35900,8000.00,39867.00,13.2886,0.0316,199.584,0.415,1.00000,0.000,7389.81
0.35950,8000.00,39867.02,13.2886,0.0308,199.584,0.415,1.00000,0.000,7405.74
0.36000,8000.00,39867.04,13.2887,0.0301,199.584,0.415,1.00000,0.000,7421.67
0.36050,8000.00,39867.06,13.2887,0.0294,199.584,0.415,1.00000,0.000,7437.61
0.36100,8000.00,39867.08,13.2887,0.0287,199.584,0.415,1.00000,0.000,7453.54
0.36150,8000.00,39867.09,13.2887,0.0280,199.584,0.415,1.00000,0.000,7469.47
0.36200,8000.00,39867.11,13.2887,0.0273,199.584,0.415,1.00000,0.000,7485.41
0.36250,8000.00,39867.13,13.2887,0.0266,199.584,0.415,1.00000,0.000,7501.34
0.36300,8000.00,39867.15,13.2887,0.0260,199.584,0.415,1.00000,0.000,7517.28
0.36350,8000.00,39867.16,13.2888,0.0254,199.584,0.414,1.00000,0.000,7533.21
0.36400,8000.00,39867.18,13.2888,0.0248,199.585,0.414,1.00000,0.000,7549.14
0.36450,8000.00,39867.19,13.2888,0.0242,199.585,0.414,1.00000,0.000,7565.08
0.36500,8000.00,39867.21,13.2888,0.0236,199.585,0.414,1.00000,0.000,7581.01
0.36550,8000.00,39867.22,13.2888,0.0230,199.585,0.414,1.00000,0.000,7596.94
0.36600,8000.00,39867.24,13.2888,0.0225,199.585,0.414,1.00000,0.000,7612.88
0.36650,8000.00,39867.25,13.2888,0.0219,199.585,0.414,1.00000,0.000,7628.81
0.36700,8000.00,39867.27,13.2888,0.0214,199.585,0.414,1.00000,0.000,7644.74
0.36750,8000.00,39867.28,13.2888,0.0209,199.585,0.414,1.00000,0.000,7660.68
0.36800,8000.00,39867.29,13.2889,0.0204,199.585,0.414,1.00000,0.000,7676.61
0.36850,8000.00,39867.31,13.2889,0.0199,199.585,0.414,1.00000,0.000,7692.55
0.36900,8000.00,39867.32,13.2889,0.0194,199.585,0.414,1.00000,0.000,7708.48
0.36950,8000.00,39867.33,13.2889,0.0189,199.585,0.414,1.00000,0.000,7724.41
0.37000,8000.00,39867.34,13.2889,0.0185,199.585,0.414,1.00000,0.000,7740.35
0.37050,8000.00,39867.35,13.2889,0.0180,199.585,0.414,1.00000,0.000,7756.28
0.37100,8000.00,39867.36,13.2889,0.0176,199.585,0.414,1.00000,0.000,7772.21
0.37150,8000.00,39867.38,13.2889,0.0172,199.585,0.414,1.00000,0.000,7788.15
0.37200,8000.00,39867.39,13.2889,0.0167,199.585,0.414,1.00000,0.000,7804.08
0.37250,8000.00,39867.40,13.2889,0.0163,199.585,0.414,1.00000,0.000,7820.01
0.37300,8000.00,39867.41,13.2889,0.0159,199.585,0.414,1.00000,0.000,7835.95
0.37350,8000.00,39867.42,13.2890,0.0156,199.585,0.414,1.00000,0.000,7851.88
0.37400,8000.00,39867.43,13.2890,0.0152,199.585,0.414,1.00000,0.000,7867.82
0.37450,8000.00,39867.44,13.2890,0.0148,199.586,0.414,1.00000,0.000,7883.75
0.37500,8000.00,39867.45,13.2890,0.0145,199.586,0.414,1.00000,0.000,7899.68
0.37550,8000.00,39867.45,13.2890,0.0141,199.586,0.414,1.00000,0.000,7915.62
0.37600,8000.00,39867.46,13.2890,0.0138,199.586,0.414,1.00000,0.000,7931.55
0.37650,8000.00,39867.47,13.2890,0.0134,199.586,0.414,1.00000,0.000,7947.48
0.37700,8000.00,39867.48,13.2890,0.0131,199.586,0.414,1.00000,0.000,7963.42
0.37750,8000.00,39867.49,13.2890,0.0128,199.586,0.414,1.00000,0.000,7979.35
0.37800,8000.00,39867.50,13.2890,0.0125,199.586,0.414,1.00000,0.000,7995.29
0.37850,8000.00,39867.50,13.2890,0.0122,199.586,0.414,1.00000,0.000,8011.22
0.37900,8000.00,39867.51,13.2890,0.0119,199.586,0.414,1.00000,0.000,8027.15
0.37950,8000.00,39867.52,13.2890,0.0116,199.586,0.414,1.00000,0.000,8043.09
0.38000,8000.00,39867.53,13.2890,0.0113,199.586,0.414,1.00000,0.000,8059.02
0.38050,8000.00,39867.53,13.2890,0.0111,199.586,0.414,1.00000,0.000,8074.95
0.38100,8000.00,39867.54,13.2891,0.0108,199.586,0.414,1.00000,0.000,8090.89
0.38150,8000.00,39867.55,13.2891,0.0105,199.586,0.414,1.00000,0.000,8106.82
0.38200,8000.00,39867.55,13.2891,0.0103,199.586,0.414,1.00000,0.000,8122.76
0.38250,8000.00,39867.56,13.2891,0.0100,199.586,0.414,1.00000,0.000,8138.69
0.38300,8000.00,39867.57,13.2891,0.0098,199.586,0.414,1.00000,0.000,8154.62
0.38350,8000.00,39867.57,13.2891,0.0095,199.586,0.414,1.00000,0.000,8170.56
0.38400,8000.00,39867.58,13.2891,0.0093,199.586,0.414,1.00000,0.000,8186.49
0.38450,8000.00,39867.59,13.2891,0.0091,199.586,0.414,1.00000,0.000,8202.42
0.38500,8000.00,39867.59,13.2891,0.0089,199.586,0.414,1.00000,0.000,8218.36
0.38550,8000.00,39867.60,13.2891,0.0087,199.586,0.414,1.00000,0.000,8234.29
0.38600,8000.00,39867.60,13.2891,0.0084,199.586,0.414,1.00000,0.000,8250.23
0.38650,8000.00,39867.61,13.2891,0.0082,199.586,0.414,1.00000,0.000,8266.16
0.38700,8000.00,39867.61,13.2891,0.0080,199.586,0.414,1.00000,0.000,8282.09
0.38750,8000.00,39867.62,13.2891,0.0079,199.586,0.413,1.00000,0.000,8298.03
0.38800,8000.00,39867.62,13.2891,0.0077,199.586,0.413,1.00000,0.000,8313.96
0.38850,8000.00,39867.63,13.2891,0.0075,199.586,0.413,1.00000,0.000,8329.90
0.38900,8000.00,39867.63,13.2891,0.0073,199.586,0.413,1.00000,0.000,8345.83
0.38950,8000.00,39867.64,13.2891,0.0071,199.586,0.413,1.00000,0.000,8361.76
0.39000,8000.00,39867.64,13.2891,0.0069,199.586,0.413,1.00000,0.000,8377.70
0.39050,8000.00,39867.65,13.2891,0.0068,199.586,0.413,1.00000,0.000,8393.63
0.39100,8000.00,39867.65,13.2891,0.0066,199.586,0.413,1.00000,0.000,8409.56
0.39150,8000.00,39867.65,13.2891,0.0065,199.586,0.413,1.00000,0.000,8425.50
0.39200,8000.00,39867.66,13.2891,0.0063,199.586,0.413,1.00000,0.000,8441.43
0.39250,8000.00,39867.66,13.2891,0.0061,199.586,0.413,1.00000,0.000,8457.37
0.39300,8000.00,39867.67,13.2892,0.0060,199.586,0.413,1.00000,0.000,8473.30
0.39350,8000.00,39867.67,13.2892,0.0059,199.586,0.413,1.00000,0.000,8489.23
0.39400,8000.00,39867.67,13.2892,0.0057,199.586,0.413,1.00000,0.000,8505.17
0.39450,8000.00,39867.68,13.2892,0.0056,199.586,0.413,1.00000,0.000,8521.10
0.39500,8000.00,39867.68,13.2892,0.0054,199.586,0.413,1.00000,0.000,8537.03
0.39550,8000.00,39867.68,13.2892,0.0053,199.586,0.413,1.00000,0.000,8552.97
0.39600,8000.00,39867.69,13.2892,0.0052,199.586,0.413,1.00000,0.000,8568.90
0.39650,8000.00,39867.69,13.2892,0.0051,199.586,0.413,1.00000,0.000,8584.84
0.39700,8000.00,39867.69,13.2892,0.0049,199.586,0.413,1.00000,0.000,8600.77
0.39750,8000.00,39867.70,13.2892,0.0048,199.586,0.413,1.00000,0.000,8616.70
0.39800,8000.00,39867.70,13.2892,0.0047,199.586,0.413,1.00000,0.000,8632.64
0.39850,8000.00,39867.70,13.2892,0.0046,199.586,0.413,1.00000,0.000,8648.57
0.39900,8000.00,39867.70,13.2892,0.0045,199.587,0.413,1.00000,0.000,8664.51
0.39950,8000.00,39867.71,13.2892,0.0044,199.587,0.413,1.00000,0.000,8680.44
0.40000,8000.00,39867.71,13.2892,0.0043,199.587,0.413,1.00000,0.000,8696.37
0.40050,8000.00,39867.71,13.2892,0.0042,199.587,0.413,1.00000,0.000,8712.31
0.40100,8000.00,39867.72,13.2892,0.0041,199.587,0.413,1.00000,0.000,8728.24
0.40150,8000.00,39867.72,13.2892,0.0040,199.587,0.413,1.00000,0.000,8744.18
0.40200,8000.00,39867.72,13.2892,0.0039,199.587,0.413,1.00000,0.000,8760.11
0.40250,8000.00,39867.72,13.2892,0.0038,199.587,0.413,1.00000,0.000,8776.04
0.40300,8000.00,39867.73,13.2892,0.0037,199.587,0.413,1.00000,0.000,8791.98
0.40350,8000.00,39867.73,13.2892,0.0036,199.587,0.413,1.00000,0.000,8807.91
0.40400,8000.00,39867.73,13.2892,0.0035,199.587,0.413,1.00000,0.000,8823.84
0.40450,8000.00,39867.73,13.2892,0.0034,199.587,0.413,1.00000,0.000,8839.78
0.40500,8000.00,39867.73,13.2892,0.0033,199.587,0.413,1.00000,0.000,8855.71
0.40550,8000.00,39867.74,13.2892,0.0033,199.587,0.413,1.00000,0.000,8871.65
0.40600,8000.00,39867.74,13.2892,0.0032,199.587,0.413,1.00000,0.000,8887.58
0.40650,8000.00,39867.74,13.2892,0.0031,199.587,0.413,1.00000,0.000,8903.51
0.40700,8000.00,39867.74,13.2892,0.0030,199.587,0.413,1.00000,0.000,8919.45
0.40750,8000.00,39867.74,13.2892,0.0030,199.587,0.413,1.00000,0.000,8935.38
0.40800,8000.00,39867.75,13.2892,0.0029,199.587,0.413,1.00000,0.000,8951.32
0.40850,8000.00,39867.75,13.2892,0.0028,199.587,0.413,1.00000,0.000,8967.25
0.40900,8000.00,39867.75,13.2892,0.0027,199.587,0.413,1.00000,0.000,8983.18
0.40950,8000.00,39867.75,13.2892,0.0027,199.587,0.413,1.00000,0.000,8999.12
0.41000,8000.00,39867.75,13.2892,0.0026,199.587,0.413,1.00000,0.000,9015.05
0.41050,8000.00,39867.75,13.2892,0.0025,199.587,0.413,1.00000,0.000,9030.98
0.41100,8000.00,39867.76,13.2892,0.0025,199.587,0.413,1.00000,0.000,9046.92
0.41150,8000.00,39867.76,13.2892,0.0024,199.587,0.413,1.00000,0.000,9062.85
0.41200,8000.00,39867.76,13.2892,0.0024,199.587,0.413,1.00000,0.000,9078.79
0.41250,8000.00,39867.76,13.2892,0.0023,199.587,0.413,1.00000,0.000,9094.72
0.41300,8000.00,39867.76,13.2892,0.0023,199.587,0.413,1.00000,0.000,9110.65
0.41350,8000.00,39867.76,13.2892,0.0022,199.587,0.413,1.00000,0.000,9126.59
0.41400,8000.00,39867.77,13.2892,0.0021,199.587,0.413,1.00000,0.000,9142.52
0.41450,8000.00,39867.77,13.2892,0.0021,199.587,0.413,1.00000,0.000,9158.46
0.41500,8000.00,39867.77,13.2892,0.0020,199.587,0.413,1.00000,0.000,9174.39
0.41550,8000.00,39867.77,13.2892,0.0020,199.587,0.413,1.00000,0.000,9190.32
0.41600,8000.00,39867.77,13.2892,0.0019,199.587,0.413,1.00000,0.000,9206.26
0.41650,8000.00,39867.77,13.2892,0.0019,199.587,0.413,1.00000,0.000,9222.19
0.41700,8000.00,39867.77,13.2892,0.0019,199.587,0.413,1.00000,0.000,9238.13
0.41750,8000.00,39867.77,13.2892,0.0018,199.587,0.413,1.00000,0.000,9254.06
0.41800,8000.00,39867.78,13.2892,0.0018,199.587,0.413,1.00000,0.000,9269.99
0.41850,8000.00,39867.78,13.2892,0.0017,199.587,0.413,1.00000,0.000,9285.93
0.41900,8000.00,39867.78,13.2892,0.0017,199.587,0.413,1.00000,0.000,9301.86
0.41950,8000.00,39867.78,13.2892,0.0016,199.587,0.413,1.00000,0.000,9317.79
0.42000,8000.00,39867.78,13.2892,0.0016,199.587,0.413,1.00000,0.000,9333.73
0.42050,8000.00,39867.78,13.2892,0.0016,199.587,0.413,1.00000,0.000,9349.66
0.42100,8000.00,39867.78,13.2892,0.0015,199.587,0.413,1.00000,0.000,9365.60
0.42150,8000.00,39867.78,13.2892,0.0015,199.587,0.413,1.00000,0.000,9381.53
0.42200,8000.00,39867.78,13.2892,0.0015,199.587,0.413,1.00000,0.000,9397.46
0.42250,8000.00,39867.78,13.2892,0.0014,199.587,0.413,1.00000,0.000,9413.40
0.42300,8000.00,39867.79,13.2892,0.0014,199.587,0.413,1.00000,0.000,9429.33
0.42350,8000.00,39867.79,13.2892,0.0014,199.587,0.413,1.00000,0.000,9445.27
0.42400,8000.00,39867.79,13.2892,0.0013,199.587,0.413,1.00000,0.000,9461.20
0.42450,8000.00,39867.79,13.2892,0.0013,199.587,0.413,1.00000,0.000,9477.13
0.42500,8000.00,39867.79,13.2892,0.0013,199.587,0.413,1.00000,0.000,9493.07
0.42550,8000.00,39867.79,13.2892,0.0012,199.587,0.413,1.00000,0.000,9509.00
0.42600,8000.00,39867.79,13.2892,0.0012,199.587,0.413,1.00000,0.000,9524.94
0.42650,8000.00,39867.79,13.2892,0.0012,199.587,0.413,1.00000,0.000,9540.87
0.42700,8000.00,39867.79,13.2893,0.0011,199.587,0.413,1.00000,0.000,9556.80
0.42750,8000.00,39867.79,13.2893,0.0011,199.587,0.413,1.00000,0.000,9572.74
0.42800,8000.00,39867.79,13.2893,0.0011,199.587,0.413,1.00000,0.000,9588.67
0.42850,8000.00,39867.79,13.2893,0.0011,199.587,0.413,1.00000,0.000,9604.60
0.42900,8000.00,39867.79,13.2893,0.0010,199.587,0.413,1.00000,0.000,9620.54
0.42950,8000.00,39867.79,13.2893,0.0010,199.587,0.413,1.00000,0.000,9636.47
0.43000,8000.00,39867.80,13.2893,0.0010,199.587,0.413,1.00000,0.000,9652.41
0.43050,8000.00,39867.80,13.2893,0.0010,199.587,0.413,1.00000,0.000,9668.34
0.43100,8000.00,39867.80,13.2893,0.0009,199.587,0.413,1.00000,0.000,9684.27
0.43150,8000.00,39867.80,13.2893,0.0009,199.587,0.413,1.00000,0.000,9700.21
0.43200,8000.00,39867.80,13.2893,0.0009,199.587,0.413,1.00000,0.000,9716.14
0.43250,8000.00,39867.80,13.2893,0.0009,199.587,0.413,1.00000,0.000,9732.08
0.43300,8000.00,39867.80,13.2893,0.0008,199.587,0.413,1.00000,0.000,9748.01
0.43350,8000.00,39867.80,13.2893,0.0008,199.587,0.413,1.00000,0.000,9763.94
0.43400,8000.00,39867.80,13.2893,0.0008,199.587,0.413,1.00000,0.000,9779.88
0.43450,8000.00,39867.80,13.2893,0.0008,199.587,0.413,1.00000,0.000,9795.81
0.43500,8000.00,39867.80,13.2893,0.0008,199.587,0.413,1.00000,0.000,9811.75
0.43550,8000.00,39867.80,13.2893,0.0008,199.587,0.413,1.00000,0.000,9827.68
0.43600,8000.00,39867.80,13.2893,0.0007,199.587,0.413,1.00000,0.000,9843.61
0.43650,8000.00,39867.80,13.2893,0.0007,199.587,0.413,1.00000,0.000,9859.55
0.43700,8000.00,39867.80,13.2893,0.0007,199.587,0.413,1.00000,0.000,9875.48
0.43750,8000.00,39867.80,13.2893,0.0007,199.587,0.413,1.00000,0.000,9891.41
0.43800,8000.00,39867.80,13.2893,0.0007,199.587,0.413,1.00000,0.000,9907.35
0.43850,8000.00,39867.80,13.2893,0.0006,199.587,0.413,1.00000,0.000,9923.28
0.43900,8000.00,39867.80,13.2893,0.0006,199.587,0.413,1.00000,0.000,9939.22
0.43950,8000.00,39867.80,13.2893,0.0006,199.587,0.413,1.00000,0.000,9955.15
0.44000,8000.00,39867.81,13.2893,0.0006,199.587,0.413,1.00000,0.000,9971.08
0.44050,8000.00,39867.81,13.2893,0.0006,199.587,0.413,1.00000,0.000,9987.02
0.44100,8000.00,39867.81,13.2893,0.0006,199.587,0.413,1.00000,0.000,10002.95
0.44150,8000.00,39867.81,13.2893,0.0006,199.587,0.413,1.00000,0.000,10018.89
0.44200,8000.00,39867.81,13.2893,0.0005,199.587,0.413,1.00000,0.000,10034.82
0.44250,8000.00,39867.81,13.2893,0.0005,199.587,0.413,1.00000,0.000,10050.75
0.44300,8000.00,39867.81,13.2893,0.0005,199.587,0.413,1.00000,0.000,10066.69
0.44350,8000.00,39867.81,13.2893,0.0005,199.587,0.413,1.00000,0.000,10082.62
0.44400,8000.00,39867.81,13.2893,0.0005,199.587,0.413,1.00000,0.000,10098.56
0.44450,8000.00,39867.81,13.2893,0.0005,199.587,0.413,1.00000,0.000,10114.49
0.44500,8000.00,39867.81,13.2893,0.0005,199.587,0.413,1.00000,0.000,10130.42
0.44550,8000.00,39867.81,13.2893,0.0005,199.587,0.413,1.00000,0.000,10146.36
0.44600,8000.00,39867.81,13.2893,0.0004,199.587,0.413,1.00000,0.000,10162.29
0.44650,8000.00,39867.81,13.2893,0.0004,199.587,0.413,1.00000,0.000,10178.23
0.44700,8000.00,39867.81,13.2893,0.0004,199.587,0.413,1.00000,0.000,10194.16
0.44750,8000.00,39867.81,13.2893,0.0004,199.587,0.413,1.00000,0.000,10210.09
0.44800,8000.00,39867.81,13.2893,0.0004,199.587,0.413,1.00000,0.000,10226.03
0.44850,8000.00,39867.81,13.2893,0.0004,199.587,0.413,1.00000,0.000,10241.96
0.44900,8000.00,39867.81,13.2893,0.0004,199.587,0.413,1.00000,0.000,10257.89
0.44950,8000.00,39867.81,13.2893,0.0004,199.587,0.413,1.00000,0.000,10273.83
0.45000,8000.00,39867.81,13.2893,0.0004,199.587,0.413,1.00000,0.000,10289.76
0.45050,8000.00,39867.81,13.2893,0.0004,199.587,0.413,1.00000,0.000,10305.70
0.45100,8000.00,39867.81,13.2893,0.0004,199.587,0.413,1.00000,0.000,10321.63
0.45150,8000.00,39867.81,13.2893,0.0003,199.587,0.413,1.00000,0.000,10337.56
0.45200,8000.00,39867.81,13.2893,0.0003,199.587,0.413,1.00000,0.000,10353.50
0.45250,8000.00,39867.81,13.2893,0.0003,199.587,0.413,1.00000,0.000,10369.43
0.45300,8000.00,39867.81,13.2893,0.0003,199.587,0.413,1.00000,0.000,10385.37
0.45350,8000.00,39867.81,13.2893,0.0003,199.587,0.413,1.00000,0.000,10401.30
0.45400,8000.00,39867.81,13.2893,0.0003,199.587,0.413,1.00000,0.000,10417.23
0.45450,8000.00,39867.81,13.2893,0.0003,199.587,0.413,1.00000,0.000,10433.17
0.45500,8000.00,39867.81,13.2893,0.0003,199.587,0.413,1.00000,0.000,10449.10
0.45550,8000.00,39867.81,13.2893,0.0003,199.587,0.413,1.00000,0.000,10465.04
0.45600,8000.00,39867.81,13.2893,0.0003,199.587,0.413,1.00000,0.000,10480.97
0.45650,8000.00,39867.81,13.2893,0.0003,199.587,0.413,1.00000,0.000,10496.90
0.45700,8000.00,39867.81,13.2893,0.0003,199.587,0.413,1.00000,0.000,10512.84
0.45750,8000.00,39867.81,13.2893,0.0003,199.587,0.413,1.00000,0.000,10528.77
0.45800,8000.00,39867.81,13.2893,0.0002,199.587,0.413,1.00000,0.000,10544.70
0.45850,8000.00,39867.81,13.2893,0.0002,199.587,0.413,1.00000,0.000,10560.64
0.45900,8000.00,39867.81,13.2893,0.0002,199.587,0.413,1.00000,0.000,10576.57
0.45950,8000.00,39867.81,13.2893,0.0002,199.587,0.413,1.00000,0.000,10592.51
0.46000,8000.00,39867.82,13.2893,0.0002,199.587,0.413,1.00000,0.000,10608.44
0.46050,8000.00,39867.82,13.2893,0.0002,199.587,0.413,1.00000,0.000,10624.37
0.46100,8000.00,39867.82,13.2893,0.0002,199.587,0.413,1.00000,0.000,10640.31
0.46150,8000.00,39867.82,13.2893,0.0002,199.587,0.413,1.00000,0.000,10656.24
0.46200,8000.00,39867.82,13.2893,0.0002,199.587,0.413,1.00000,0.000,10672.18
0.46250,8000.00,39867.82,13.2893,0.0002,199.587,0.413,1.00000,0.000,10688.11
0.46300,8000.00,39867.82,13.2893,0.0002,199.587,0.413,1.00000,0.000,10704.04
0.46350,8000.00,39867.82,13.2893,0.0002,199.587,0.413,1.00000,0.000,10719.98
0.46400,8000.00,39867.82,13.2893,0.0002,199.587,0.413,1.00000,0.000,10735.91
0.46450,8000.00,39867.82,13.2893,0.0002,199.587,0.413,1.00000,0.000,10751.85
0.46500,8000.00,39867.82,13.2893,0.0002,199.587,0.413,1.00000,0.000,10767.78
0.46550,8000.00,39867.82,13.2893,0.0002,199.587,0.413,1.00000,0.000,10783.71
0.46600,8000.00,39867.82,13.2893,0.0002,199.587,0.413,1.00000,0.000,10799.65
0.46650,8000.00,39867.82,13.2893,0.0002,199.587,0.413,1.00000,0.000,10815.58
0.46700,8000.00,39867.82,13.2893,0.0002,199.587,0.413,1.00000,0.000,10831.52
0.46750,8000.00,39867.82,13.2893,0.0002,199.587,0.413,1.00000,0.000,10847.45
0.46800,8000.00,39867.82,13.2893,0.0002,199.587,0.413,1.00000,0.000,10863.38
0.46850,8000.00,39867.82,13.2893,0.0001,199.587,0.413,1.00000,0.000,10879.32
0.46900,8000.00,39867.82,13.2893,0.0001,199.587,0.413,1.00000,0.000,10895.25
0.46950,8000.00,39867.82,13.2893,0.0001,199.587,0.413,1.00000,0.000,10911.18
0.47000,8000.00,39867.82,13.2893,0.0001,199.587,0.413,1.00000,0.000,10927.12
0.47050,8000.00,39867.82,13.2893,0.0001,199.587,0.413,1.00000,0.000,10943.05
0.47100,8000.00,39867.82,13.2893,0.0001,199.587,0.413,1.00000,0.000,10958.99
0.47150,8000.00,39867.82,13.2893,0.0001,199.587,0.413,1.00000,0.000,10974.92
0.47200,8000.00,39867.82,13.2893,0.0001,199.587,0.413,1.00000,0.000,10990.85
0.47250,8000.00,39867.82,13.2893,0.0001,199.587,0.413,1.00000,0.000,11006.79
0.47300,8000.00,39867.82,13.2893,0.0001,199.587,0.413,1.00000,0.000,11022.72
0.47350,8000.00,39867.82,13.2893,0.0001,199.587,0.413,1.00000,0.000,11038.66
0.47400,8000.00,39867.82,13.2893,0.0001,199.587,0.413,1.00000,0.000,11054.59
0.47450,8000.00,39867.82,13.2893,0.0001,199.587,0.413,1.00000,0.000,11070.52
0.47500,8000.00,39867.82,13.2893,0.0001,199.587,0.413,1.00000,0.000,11086.46
0.47550,8000.00,39867.82,13.2893,0.0001,199.587,0.413,1.00000,0.000,11102.39
0.47600,8000.00,39867.82,13.2893,0.0001,199.587,0.413,1.00000,0.000,11118.33
0.47650,8000.00,39867.82,13.2893,0.0001,199.587,0.413,1.00000,0.000,11134.26
0.47700,8000.00,39867.82,13.2893,0.0001,199.587,0.413,1.00000,0.000,11150.19
0.47750,8000.00,39867.82,13.2893,0.0001,199.587,0.413,1.00000,0.000,11166.13
0.47800,8000.00,39867.82,13.2893,0.0001,199.587,0.413,1.00000,0.000,11182.06
0.47850,8000.00,39867.82,13.2893,0.0001,199.587,0.413,1.00000,0.000,11198.00
0.47900,8000.00,39867.82,13.2893,0.0001,199.587,0.413,1.00000,0.000,11213.93
0.47950,8000.00,39867.82,13.2893,0.0001,199.587,0.413,1.00000,0.000,11229.86
0.48000,8000.00,39867.82,13.2893,0.0001,199.587,0.413,1.00000,0.000,11245.80
0.48050,8000.00,39867.82,13.2893,0.0001,199.587,0.413,1.00000,0.000,11261.73
0.48100,8000.00,39867.82,13.2893,0.0001,199.587,0.413,1.00000,0.000,11277.66
0.48150,8000.00,39867.82,13.2893,0.0001,199.587,0.413,1.00000,0.000,11293.60
0.48200,8000.00,39867.82,13.2893,0.0001,199.587,0.413,1.00000,0.000,11309.53
0.48250,8000.00,39867.82,13.2893,0.0001,199.587,0.413,1.00000,0.000,11325.47
0.48300,8000.00,39867.82,13.2893,0.0001,199.587,0.413,1.00000,0.000,11341.40
0.48350,8000.00,39867.82,13.2893,0.0001,199.587,0.413,1.00000,0.000,11357.33
0.48400,8000.00,39867.82,13.2893,0.0001,199.587,0.413,1.00000,0.000,11373.27
0.48450,8000.00,39867.82,13.2893,0.0001,199.587,0.413,1.00000,0.000,11389.20
0.48500,8000.00,39867.82,13.2893,0.0001,199.587,0.413,1.00000,0.000,11405.14
0.48550,8000.00,39867.82,13.2893,0.0001,199.587,0.413,1.00000,0.000,11421.07
0.48600,8000.00,39867.82,13.2893,0.0001,199.587,0.413,1.00000,0.000,11437.00
0.48650,8000.00,39867.82,13.2893,0.0001,199.587,0.413,1.00000,0.000,11452.94
0.48700,8000.00,39867.82,13.2893,0.0001,199.587,0.413,1.00000,0.000,11468.87
0.48750,8000.00,39867.82,13.2893,0.0001,199.587,0.413,1.00000,0.000,11484.81
0.48800,8000.00,39867.82,13.2893,0.0001,199.587,0.413,1.00000,0.000,11500.74
0.48850,8000.00,39867.82,13.2893,0.0001,199.587,0.413,1.00000,0.000,11516.67
0.48900,8000.00,39867.82,13.2893,0.0001,199.587,0.413,1.00000,0.000,11532.61
0.48950,8000.00,39867.82,13.2893,0.0001,199.587,0.413,1.00000,0.000,11548.54
0.49000,8000.00,39867.82,13.2893,0.0001,199.587,0.413,1.00000,0.000,11564.48
0.49050,8000.00,39867.82,13.2893,0.0001,199.587,0.413,1.00000,0.000,11580.41
0.49100,8000.00,39867.82,13.2893,0.0000,199.587,0.413,1.00000,0.000,11596.34
0.49150,8000.00,39867.82,13.2893,0.0000,199.587,0.413,1.00000,0.000,11612.28
0.49200,8000.00,39867.82,13.2893,0.0000,199.587,0.413,1.00000,0.000,11628.21
0.49250,8000.00,39867.82,13.2893,0.0000,199.587,0.413,1.00000,0.000,11644.14
0.49300,8000.00,39867.82,13.2893,0.0000,199.587,0.413,1.00000,0.000,11660.08
0.49350,8000.00,39867.82,13.2893,0.0000,199.587,0.413,1.00000,0.000,11676.01
0.49400,8000.00,39867.82,13.2893,0.0000,199.587,0.413,1.00000,0.000,11691.95
0.49450,8000.00,39867.82,13.2893,0.0000,199.587,0.413,1.00000,0.000,11707.88
0.49500,8000.00,39867.82,13.2893,0.0000,199.587,0.413,1.00000,0.000,11723.81
0.49550,8000.00,39867.82,13.2893,0.0000,199.587,0.413,1.00000,0.000,11739.75
0.49600,8000.00,39867.82,13.2893,0.0000,199.587,0.413,1.00000,0.000,11755.68
0.49650,8000.00,39867.82,13.2893,0.0000,199.587,0.413,1.00000,0.000,11771.62
0.49700,8000.00,39867.82,13.2893,0.0000,199.587,0.413,1.00000,0.000,11787.55
0.49750,8000.00,39867.82,13.2893,0.0000,199.587,0.413,1.00000,0.000,11803.48
0.49800,8000.00,39867.82,13.2893,0.0000,199.587,0.413,1.00000,0.000,11819.42
0.49850,8000.00,39867.82,13.2893,0.0000,199.587,0.413,1.00000,0.000,11835.35
0.49900,8000.00,39867.82,13.2893,0.0000,199.587,0.413,1.00000,0.000,11851.29
0.49950,8000.00,39867.82,13.2893,0.0000,199.587,0.413,1.00000,0.000,11867.22
