t_s,T_out_C,phi_out,n_occ,u_fan_ms,Ta_sp_C,phi_room,phi_measured,omega_room_gkg,phi_in,H_gh,Tp_C,Re,Sh,hm,ref_phi,error_pct
0.000000,-3.000000,0.550000,0.000000,1.000000,40.000000,0.351984,0.350000,5.765561,0.125966,192.429136,19.321984,8798.197690,51.116171,0.013137,0.450000,10.000000
30.000000,-3.000000,0.550000,0.000000,1.000000,40.000000,0.352564,0.351400,5.775161,0.126176,192.366139,19.329418,8797.976727,51.115643,0.013137,0.450000,9.860017
60.000000,-3.000000,0.550000,0.000000,1.000000,40.000000,0.353142,0.351984,5.784713,0.126384,192.303479,19.336812,8797.756961,51.115119,0.013137,0.450000,9.801649
90.000000,-3.000000,0.550000,0.000000,1.000000,40.000000,0.353717,0.352564,5.794216,0.126591,192.241152,19.344166,8797.538385,51.114597,0.013137,0.450000,9.743578
120.000000,-3.000000,0.550000,0.000000,1.000000,40.000000,0.354289,0.353142,5.803671,0.126797,192.179156,19.351481,8797.320991,51.114077,0.013137,0.450000,9.685804
150.000000,-3.000000,0.550000,0.000000,1.000000,40.000000,0.354858,0.353717,5.813078,0.127002,192.117491,19.358757,8797.104773,51.113561,0.013137,0.450000,9.628324
180.000000,-3.000000,0.550000,0.000000,1.000000,40.000000,0.355424,0.354289,5.822438,0.127206,192.056155,19.365994,8796.889723,51.113047,0.013138,0.450000,9.571138
210.000000,-3.000000,0.550000,0.000000,1.000000,40.000000,0.355987,0.354858,5.831750,0.127409,191.995144,19.373191,8796.675836,51.112537,0.013138,0.450000,9.514244
240.000000,-3.000000,0.550000,0.000000,1.000000,40.000000,0.356547,0.355424,5.841014,0.127611,191.934458,19.380351,8796.463105,51.112028,0.013138,0.450000,9.457639
270.000000,-3.000000,0.550000,0.000000,1.000000,40.000000,0.357104,0.355987,5.850232,0.127811,191.874095,19.387472,8796.251523,51.111523,0.013138,0.450000,9.401324
300.000000,-3.000000,0.550000,0.000000,1.000000,40.000000,0.357659,0.356547,5.859403,0.128011,191.814052,19.394555,8796.041082,51.111020,0.013138,0.450000,9.345296
330.000000,-3.000000,0.550000,0.000000,1.000000,40.000000,0.358211,0.357104,5.868527,0.128210,191.754329,19.401600,8795.831778,51.110520,0.013138,0.450000,9.289554
360.000000,-3.000000,0.550000,0.000000,1.000000,40.000000,0.358760,0.357659,5.877606,0.128408,191.694923,19.408607,8795.623602,51.110023,0.013138,0.450000,9.234096
390.000000,-3.000000,0.550000,0.000000,1.000000,40.000000,0.359306,0.358211,5.886638,0.128605,191.635832,19.415577,8795.416550,51.109529,0.013138,0.450000,9.178920
420.000000,-3.000000,0.550000,0.000000,1.000000,40.000000,0.359849,0.358760,5.895624,0.128800,191.577055,19.422510,8795.210613,51.109037,0.013138,0.450000,9.124027
450.000000,-3.000000,0.550000,0.000000,1.000000,40.000000,0.360390,0.359306,5.904565,0.128995,191.518591,19.429405,8795.005786,51.108547,0.013138,0.450000,9.069413
480.000000,-3.000000,0.550000,0.000000,1.000000,40.000000,0.360928,0.359849,5.913460,0.129189,191.460436,19.436264,8794.802063,51.108061,0.013139,0.450000,9.015078
510.000000,-3.000000,0.550000,0.000000,1.000000,40.000000,0.361463,0.360390,5.922311,0.129382,191.402590,19.443086,8794.599437,51.107577,0.013139,0.450000,8.961019
540.000000,-3.000000,0.550000,0.000000,1.000000,40.000000,0.361995,0.360928,5.931116,0.129574,191.345051,19.449872,8794.397901,51.107095,0.013139,0.450000,8.907236
570.000000,-3.000000,0.550000,0.000000,1.000000,40.000000,0.362525,0.361463,5.939877,0.129764,191.287817,19.456622,8794.197451,51.106616,0.013139,0.450000,8.853728
600.000000,-3.000000,0.550000,0.000000,1.000000,40.000000,0.363052,0.361995,5.948593,0.129954,191.230886,19.463335,8793.998078,51.106140,0.013139,0.450000,8.800492
630.000000,-3.000000,0.550000,0.000000,1.000000,40.000000,0.363576,0.362525,5.957266,0.130143,191.174257,19.470013,8793.799778,51.105666,0.013139,0.450000,8.747528
660.000000,-3.000000,0.550000,0.000000,1.000000,40.000000,0.364098,0.363052,5.965894,0.130331,191.117928,19.476655,8793.602544,51.105195,0.013139,0.450000,8.694833
690.000000,-3.000000,0.550000,0.000000,1.000000,40.000000,0.364616,0.363576,5.974478,0.130518,191.061898,19.483262,8793.406369,51.104726,0.013139,0.450000,8.642407
720.000000,-3.000000,0.550000,0.000000,1.000000,40.000000,0.365133,0.364098,5.983019,0.130704,191.006164,19.489833,8793.211249,51.104260,0.013139,0.450000,8.590249
750.000000,-3.000000,0.550000,0.000000,1.000000,40.000000,0.365646,0.364616,5.991517,0.130889,190.950725,19.496370,8793.017177,51.103797,0.013139,0.450000,8.538356
780.000000,-3.000000,0.550000,0.000000,1.000000,40.000000,0.366157,0.365133,5.999972,0.131073,190.895580,19.502872,8792.824146,51.103335,0.013140,0.450000,8.486727
810.000000,-3.000000,0.550000,0.000000,1.000000,40.000000,0.366666,0.365646,6.008384,0.131257,190.840726,19.509339,8792.632151,51.102877,0.013140,0.450000,8.435362
840.000000,-3.000000,0.550000,0.000000,1.000000,40.000000,0.367172,0.366157,6.016753,0.131439,190.786162,19.515771,8792.441187,51.102420,0.013140,0.450000,8.384258
870.000000,-3.000000,0.550000,0.000000,1.000000,40.000000,0.367675,0.366666,6.025080,0.131620,190.731887,19.522170,8792.251247,51.101966,0.013140,0.450000,8.333415
900.000000,-3.000000,0.550000,0.000000,1.000000,40.000000,0.368176,0.367172,6.033364,0.131801,190.677899,19.528534,8792.062325,51.101515,0.013140,0.450000,8.282830
930.000000,-3.000000,0.550000,0.000000,1.000000,40.000000,0.368674,0.367675,6.041607,0.131980,190.624197,19.534865,8791.874416,51.101066,0.013140,0.450000,8.232503
960.000000,-3.000000,0.550000,0.000000,1.000000,40.000000,0.369169,0.368176,6.049808,0.132159,190.570778,19.541162,8791.687513,51.100619,0.013140,0.450000,8.182433
990.000000,-3.000000,0.550000,0.000000,1.000000,40.000000,0.369663,0.368674,6.057967,0.132336,190.517641,19.547425,8791.501612,51.100175,0.013140,0.450000,8.132618
1020.000000,-3.000000,0.550000,0.000000,1.000000,40.000000,0.370153,0.369169,6.066085,0.132513,190.464785,19.553655,8791.316706,51.099733,0.013140,0.450000,8.083056
1050.000000,-3.000000,0.550000,0.000000,1.000000,40.000000,0.370641,0.369663,6.074162,0.132689,190.412208,19.559853,8791.132790,51.099294,0.013140,0.450000,8.033747
1080.000000,-3.000000,0.550000,0.000000,1.000000,40.000000,0.371127,0.370153,6.082198,0.132864,190.359909,19.566017,8790.949859,51.098857,0.013140,0.450000,7.984688
1110.000000,-3.000000,0.550000,0.000000,1.000000,40.000000,0.371610,0.370641,6.090193,0.133038,190.307885,19.572148,8790.767906,51.098422,0.013141,0.450000,7.935880
1140.000000,-3.000000,0.550000,0.000000,1.000000,40.000000,0.372091,0.371127,6.098148,0.133211,190.256136,19.578247,8790.586926,51.097989,0.013141,0.450000,7.887320
1170.000000,-3.000000,0.550000,0.000000,1.000000,40.000000,0.372569,0.371610,6.106062,0.133383,190.204660,19.584314,8790.406913,51.097559,0.013141,0.450000,7.839008
1200.000000,-3.000000,0.550000,0.000000,1.000000,40.000000,0.373045,0.372091,6.113937,0.133555,190.153456,19.590348,8790.227863,51.097131,0.013141,0.450000,7.790941
1230.000000,-3.000000,0.550000,0.000000,1.000000,40.000000,0.373518,0.372569,6.121771,0.133725,190.102521,19.596351,8790.049769,51.096705,0.013141,0.450000,7.743119
1260.000000,-3.000000,0.550000,0.000000,1.000000,40.000000,0.373989,0.373045,6.129566,0.133895,190.051855,19.602321,8789.872626,51.096282,0.013141,0.450000,7.695540
1290.000000,-3.000000,0.550000,0.000000,1.000000,40.000000,0.374457,0.373518,6.137321,0.134064,190.001456,19.608260,8789.696430,51.095861,0.013141,0.450000,7.648204
1320.000000,-3.000000,0.550000,0.000000,1.000000,40.000000,0.374924,0.373989,6.145037,0.134232,189.951323,19.614168,8789.521174,51.095442,0.013141,0.450000,7.601108
1350.000000,-3.000000,0.550000,0.000000,1.000000,40.000000,0.375387,0.374457,6.152714,0.134399,189.901453,19.620044,8789.346853,51.095025,0.013141,0.450000,7.554252
1380.000000,-3.000000,0.550000,0.000000,1.000000,40.000000,0.375849,0.374924,6.160352,0.134565,189.851846,19.625889,8789.173462,51.094611,0.013141,0.450000,7.507635
1410.000000,-3.000000,0.550000,0.000000,1.000000,40.000000,0.376308,0.375387,6.167952,0.134731,189.802501,19.631703,8789.000996,51.094199,0.013141,0.450000,7.461255
1440.000000,-3.000000,0.550000,0.000000,1.000000,40.000000,0.376765,0.375849,6.175513,0.134895,189.753415,19.637486,8788.829450,51.093789,0.013141,0.450000,7.415111
1470.000000,-3.000000,0.550000,0.000000,1.000000,40.000000,0.377219,0.376308,6.183035,0.135059,189.704587,19.643239,8788.658818,51.093381,0.013142,0.450000,7.369201
1500.000000,-3.000000,0.550000,0.000000,1.000000,40.000000,0.377671,0.376765,6.190520,0.135222,189.656016,19.648961,8788.489095,51.092975,0.013142,0.450000,7.323526
1530.000000,-3.000000,0.550000,0.000000,1.000000,40.000000,0.378121,0.377219,6.197966,0.135384,189.607701,19.654654,8788.320276,51.092572,0.013142,0.450000,7.278082
1560.000000,-3.000000,0.550000,0.000000,1.000000,40.000000,0.378569,0.377671,6.205375,0.135545,189.559640,19.660316,8788.152356,51.092170,0.013142,0.450000,7.232870
1590.000000,-3.000000,0.550000,0.000000,1.000000,40.000000,0.379014,0.378121,6.212747,0.135706,189.511831,19.665948,8787.985330,51.091771,0.013142,0.450000,7.187888
1620.000000,-3.000000,0.550000,0.000000,1.000000,40.000000,0.379457,0.378569,6.220081,0.135865,189.464274,19.671550,8787.819194,51.091374,0.013142,0.450000,7.143134
1650.000000,-3.000000,0.550000,0.000000,1.000000,40.000000,0.379898,0.379014,6.227378,0.136024,189.416967,19.677123,8787.653941,51.090979,0.013142,0.450000,7.098609
1680.000000,-3.000000,0.550000,0.000000,1.000000,40.000000,0.380336,0.379457,6.234638,0.136182,189.369908,19.682666,8787.489567,51.090586,0.013142,0.450000,7.054309
1710.000000,-3.000000,0.550000,0.000000,1.000000,40.000000,0.380772,0.379898,6.241861,0.136339,189.323096,19.688180,8787.326067,51.090195,0.013142,0.450000,7.010235
1740.000000,-3.000000,0.550000,0.000000,1.000000,40.000000,0.381206,0.380336,6.249048,0.136496,189.276531,19.693665,8787.163437,51.089806,0.013142,0.450000,6.966385
1770.000000,-3.000000,0.550000,0.000000,1.000000,40.000000,0.381638,0.380772,6.256198,0.136651,189.230209,19.699120,8787.001670,51.089419,0.013142,0.450000,6.922758
1800.000000,-3.000000,0.550000,0.000000,3.500000,40.000000,0.383450,0.381206,6.286194,0.136806,353.931101,19.704548,30753.942673,95.578832,0.024587,0.450000,6.879353
1830.000000,-3.000000,0.550000,0.000000,3.500000,40.000000,0.385251,0.381638,6.316014,0.137455,353.569650,19.727302,30751.581708,95.575815,0.024588,0.450000,6.836169
1860.000000,-3.000000,0.550000,0.000000,3.500000,40.000000,0.387041,0.383450,6.345661,0.138101,353.210592,19.749902,30749.237002,95.572818,0.024588,0.450000,6.655021
1890.000000,-3.000000,0.550000,0.000000,3.500000,40.000000,0.388820,0.385251,6.375134,0.138742,352.853908,19.772351,30746.908426,95.569842,0.024589,0.450000,6.474948
1920.000000,-3.000000,0.550000,0.000000,3.500000,40.000000,0.390589,0.387041,6.404435,0.139380,352.499581,19.794649,30744.595849,95.566886,0.024590,0.450000,6.295944
1950.000000,-3.000000,0.550000,0.000000,3.500000,40.000000,0.392347,0.388820,6.433566,0.140014,352.147592,19.816797,30742.299144,95.563950,0.024590,0.450000,6.118002
1980.000000,-3.000000,0.550000,0.000000,3.500000,40.000000,0.394095,0.390589,6.462526,0.140645,351.797925,19.838797,30740.018182,95.561034,0.024591,0.450000,5.941114
2010.000000,-3.000000,0.550000,0.000000,3.500000,40.000000,0.395833,0.392347,6.491317,0.141271,351.450561,19.860649,30737.752838,95.558137,0.024591,0.450000,5.765275
2040.000000,-3.000000,0.550000,0.000000,3.500000,40.000000,0.397560,0.394095,6.519941,0.141894,351.105483,19.882355,30735.502987,95.555261,0.024592,0.450000,5.590478
2070.000000,-3.000000,0.550000,0.000000,3.500000,40.000000,0.399277,0.395833,6.548398,0.142513,350.762674,19.903916,30733.268507,95.552404,0.024593,0.450000,5.416717
2100.000000,-3.000000,0.550000,0.000000,3.500000,40.000000,0.400984,0.397560,6.576688,0.143129,350.422117,19.925332,30731.049273,95.549566,0.024593,0.450000,5.243984
2130.000000,-3.000000,0.550000,0.000000,3.500000,40.000000,0.402681,0.399277,6.604814,0.143741,350.083795,19.946606,30728.845167,95.546747,0.024594,0.450000,5.072274
2160.000000,-3.000000,0.550000,0.000000,3.500000,40.000000,0.404368,0.400984,6.632776,0.144349,349.747691,19.967738,30726.656067,95.543947,0.024594,0.450000,4.901581
2190.000000,-3.000000,0.550000,0.000000,3.500000,40.000000,0.406045,0.402681,6.660576,0.144954,349.413789,19.988729,30724.481855,95.541167,0.024595,0.450000,4.731897
2220.000000,-3.000000,0.550000,0.000000,3.500000,40.000000,0.407712,0.404368,6.688213,0.145555,349.082072,20.009581,30722.322413,95.538405,0.024595,0.450000,4.563217
2250.000000,-3.000000,0.550000,0.000000,3.500000,40.000000,0.409369,0.406045,6.715689,0.146152,348.752524,20.030294,30720.177626,95.535661,0.024596,0.450000,4.395535
2280.000000,-3.000000,0.550000,0.000000,3.500000,40.000000,0.411016,0.407712,6.743006,0.146746,348.425129,20.050869,30718.047378,95.532936,0.024596,0.450000,4.228844
2310.000000,-3.000000,0.550000,0.000000,3.500000,40.000000,0.412653,0.409369,6.770163,0.147337,348.099871,20.071308,30715.931554,95.530229,0.024597,0.450000,4.063138
2340.000000,-3.000000,0.550000,0.000000,3.500000,40.000000,0.414281,0.411016,6.797163,0.147924,347.776734,20.091612,30713.830041,95.527541,0.024598,0.450000,3.898411
2370.000000,-3.000000,0.550000,0.000000,3.500000,40.000000,0.415900,0.412653,6.824005,0.148507,347.455701,20.111781,30711.742728,95.524870,0.024598,0.450000,3.734657
2400.000000,-3.000000,0.550000,0.000000,1.000000,40.000000,0.416155,0.414281,6.828249,0.149088,185.552403,20.131817,8774.191287,51.058773,0.013149,0.450000,3.571870
2430.000000,-3.000000,0.550000,0.000000,1.000000,40.000000,0.416410,0.415900,6.832471,0.149179,185.525460,20.134983,8774.097685,51.058549,0.013149,0.450000,3.410044
2460.000000,-3.000000,0.550000,0.000000,1.000000,40.000000,0.416663,0.416155,6.836672,0.149271,185.498656,20.138133,8774.004568,51.058326,0.013149,0.450000,3.384459
2490.000000,-3.000000,0.550000,0.000000,1.000000,40.000000,0.416915,0.416410,6.840852,0.149361,185.471990,20.141266,8773.911936,51.058104,0.013149,0.450000,3.359005
2520.000000,-3.000000,0.550000,0.000000,1.000000,40.000000,0.417166,0.416663,6.845011,0.149452,185.445461,20.144384,8773.819785,51.057883,0.013149,0.450000,3.333679
2550.000000,-3.000000,0.550000,0.000000,1.000000,40.000000,0.417415,0.416915,6.849149,0.149542,185.419069,20.147485,8773.728112,51.057664,0.013149,0.450000,3.308481
2580.000000,-3.000000,0.550000,0.000000,1.000000,40.000000,0.417663,0.417166,6.853266,0.149631,185.392814,20.150570,8773.636915,51.057446,0.013149,0.450000,3.283411
2610.000000,-3.000000,0.550000,0.000000,1.000000,40.000000,0.417910,0.417415,6.857362,0.149720,185.366693,20.153640,8773.546191,51.057228,0.013149,0.450000,3.258468
2640.000000,-3.000000,0.550000,0.000000,1.000000,40.000000,0.418156,0.417663,6.861438,0.149808,185.340708,20.156693,8773.455938,51.057012,0.013149,0.450000,3.233651
2670.000000,-3.000000,0.550000,0.000000,1.000000,40.000000,0.418400,0.417910,6.865492,0.149896,185.314856,20.159731,8773.366154,51.056797,0.013149,0.450000,3.208960
2700.000000,-3.000000,0.550000,0.000000,1.000000,40.000000,0.418644,0.418156,6.869527,0.149984,185.289137,20.162752,8773.276835,51.056584,0.013149,0.450000,3.184393
2730.000000,-3.000000,0.550000,0.000000,1.000000,40.000000,0.418886,0.418400,6.873541,0.150071,185.263551,20.165759,8773.187980,51.056371,0.013149,0.450000,3.159951
2760.000000,-3.000000,0.550000,0.000000,1.000000,40.000000,0.419126,0.418644,6.877535,0.150158,185.238097,20.168750,8773.099586,51.056159,0.013149,0.450000,3.135633
2790.000000,-3.000000,0.550000,0.000000,1.000000,40.000000,0.419366,0.418886,6.881508,0.150244,185.212773,20.171725,8773.011650,51.055949,0.013149,0.450000,3.111438
2820.000000,-3.000000,0.550000,0.000000,1.000000,40.000000,0.419604,0.419126,6.885462,0.150330,185.187581,20.174685,8772.924170,51.055739,0.013149,0.450000,3.087365
2850.000000,-3.000000,0.550000,0.000000,1.000000,40.000000,0.419841,0.419366,6.889396,0.150416,185.162517,20.177629,8772.837143,51.055531,0.013149,0.450000,3.063414
2880.000000,-3.000000,0.550000,0.000000,1.000000,40.000000,0.420077,0.419604,6.893310,0.150501,185.137583,20.180559,8772.750568,51.055324,0.013149,0.450000,3.039584
2910.000000,-3.000000,0.550000,0.000000,1.000000,40.000000,0.420312,0.419841,6.897204,0.150585,185.112778,20.183473,8772.664441,51.055117,0.013149,0.450000,3.015874
2940.000000,-3.000000,0.550000,0.000000,1.000000,40.000000,0.420545,0.420077,6.901078,0.150669,185.088099,20.186373,8772.578761,51.054912,0.013149,0.450000,2.992285
2970.000000,-3.000000,0.550000,0.000000,1.000000,40.000000,0.420778,0.420312,6.904933,0.150753,185.063548,20.189257,8772.493524,51.054708,0.013149,0.450000,2.968815
3000.000000,-3.000000,0.550000,0.000000,1.000000,40.000000,0.421009,0.420545,6.908768,0.150836,185.039124,20.192126,8772.408729,51.054505,0.013149,0.450000,2.945464
3030.000000,-3.000000,0.550000,0.000000,1.000000,40.000000,0.421239,0.420778,6.912584,0.150919,185.014825,20.194981,8772.324374,51.054303,0.013149,0.450000,2.922230
3060.000000,-3.000000,0.550000,0.000000,1.000000,40.000000,0.421468,0.421009,6.916381,0.151002,184.990650,20.197821,8772.240455,51.054102,0.013149,0.450000,2.899115
3090.000000,-3.000000,0.550000,0.000000,1.000000,40.000000,0.421695,0.421239,6.920159,0.151084,184.966601,20.200646,8772.156970,51.053902,0.013150,0.450000,2.876116
3120.000000,-3.000000,0.550000,0.000000,1.000000,40.000000,0.421922,0.421468,6.923917,0.151165,184.942675,20.203457,8772.073918,51.053703,0.013150,0.450000,2.853234
3150.000000,-3.000000,0.550000,0.000000,1.000000,40.000000,0.422147,0.421695,6.927657,0.151246,184.918872,20.206253,8771.991296,51.053506,0.013150,0.450000,2.830467
3180.000000,-3.000000,0.550000,0.000000,1.000000,40.000000,0.422371,0.421922,6.931378,0.151327,184.895191,20.209035,8771.909102,51.053309,0.013150,0.450000,2.807816
3210.000000,-3.000000,0.550000,0.000000,1.000000,40.000000,0.422595,0.422147,6.935080,0.151408,184.871632,20.211802,8771.827332,51.053113,0.013150,0.450000,2.785279
3240.000000,-3.000000,0.550000,0.000000,1.000000,40.000000,0.422817,0.422371,6.938763,0.151488,184.848195,20.214555,8771.745986,51.052918,0.013150,0.450000,2.762856
3270.000000,-3.000000,0.550000,0.000000,1.000000,40.000000,0.423037,0.422595,6.942427,0.151567,184.824877,20.217294,8771.665061,51.052724,0.013150,0.450000,2.740546
3300.000000,-3.000000,0.550000,0.000000,1.000000,40.000000,0.423257,0.422817,6.946074,0.151646,184.801680,20.220019,8771.584554,51.052532,0.013150,0.450000,2.718350
3330.000000,-3.000000,0.550000,0.000000,1.000000,40.000000,0.423476,0.423037,6.949701,0.151725,184.778602,20.222730,8771.504464,51.052340,0.013150,0.450000,2.696265
3360.000000,-3.000000,0.550000,0.000000,1.000000,40.000000,0.423693,0.423257,6.953311,0.151803,184.755642,20.225427,8771.424788,51.052149,0.013150,0.450000,2.674293
3390.000000,-3.000000,0.550000,0.000000,1.000000,40.000000,0.423910,0.423476,6.956902,0.151881,184.732801,20.228110,8771.345524,51.051959,0.013150,0.450000,2.652431
3420.000000,-3.000000,0.550000,0.000000,1.000000,40.000000,0.424125,0.423693,6.960475,0.151959,184.710076,20.230779,8771.266670,51.051771,0.013150,0.450000,2.630680
3450.000000,-3.000000,0.550000,0.000000,1.000000,40.000000,0.424339,0.423910,6.964030,0.152036,184.687469,20.233434,8771.188223,51.051583,0.013150,0.450000,2.609039
3480.000000,-3.000000,0.550000,0.000000,1.000000,40.000000,0.424552,0.424125,6.967568,0.152113,184.664978,20.236076,8771.110182,51.051396,0.013150,0.450000,2.587507
3510.000000,-3.000000,0.550000,0.000000,1.000000,40.000000,0.424764,0.424339,6.971087,0.152189,184.642602,20.238704,8771.032544,51.051210,0.013150,0.450000,2.566085
3540.000000,-3.000000,0.550000,0.000000,1.000000,40.000000,0.424975,0.424552,6.974589,0.152265,184.620341,20.241318,8770.955307,51.051025,0.013150,0.450000,2.544770
3570.000000,-3.000000,0.550000,0.000000,1.000000,40.000000,0.425185,0.424764,6.978072,0.152341,184.598194,20.243919,8770.878469,51.050841,0.013150,0.450000,2.523564
3600.000000,-3.000000,0.550000,0.000000,1.000000,40.000000,0.425394,0.424975,6.981539,0.152416,184.576161,20.246507,8770.802028,51.050658,0.013150,0.450000,2.502464
3630.000000,-3.000000,0.550000,0.000000,1.000000,40.000000,0.425602,0.425185,6.984988,0.152491,184.554241,20.249081,8770.725982,51.050476,0.013150,0.450000,2.481472
3660.000000,-3.000000,0.550000,0.000000,1.000000,40.000000,0.425809,0.425394,6.988419,0.152566,184.532434,20.251643,8770.650329,51.050295,0.013150,0.450000,2.460585
3690.000000,-3.000000,0.550000,0.000000,1.000000,40.000000,0.426014,0.425602,6.991833,0.152640,184.510739,20.254191,8770.575066,51.050114,0.013150,0.450000,2.439804
3720.000000,-3.000000,0.550000,0.000000,1.000000,40.000000,0.426219,0.425809,6.995230,0.152713,184.489155,20.256725,8770.500192,51.049935,0.013150,0.450000,2.419128
3750.000000,-3.000000,0.550000,0.000000,1.000000,40.000000,0.426423,0.426014,6.998610,0.152787,184.467682,20.259247,8770.425704,51.049757,0.013150,0.450000,2.398557
3780.000000,-3.000000,0.550000,0.000000,1.000000,40.000000,0.426625,0.426219,7.001973,0.152860,184.446319,20.261756,8770.351601,51.049579,0.013150,0.450000,2.378090
3810.000000,-3.000000,0.550000,0.000000,1.000000,40.000000,0.426827,0.426423,7.005319,0.152932,184.425065,20.264252,8770.277881,51.049403,0.013150,0.450000,2.357726
3840.000000,-3.000000,0.550000,0.000000,1.000000,40.000000,0.427028,0.426625,7.008647,0.153005,184.403921,20.266735,8770.204540,51.049227,0.013150,0.450000,2.337465
3870.000000,-3.000000,0.550000,0.000000,1.000000,40.000000,0.427227,0.426827,7.011960,0.153077,184.382885,20.269205,8770.131578,51.049052,0.013150,0.450000,2.317306
3900.000000,-3.000000,0.550000,0.000000,1.000000,40.000000,0.427426,0.427028,7.015255,0.153148,184.361957,20.271663,8770.058993,51.048878,0.013151,0.450000,2.297250
3930.000000,-3.000000,0.550000,0.000000,1.000000,40.000000,0.427623,0.427227,7.018534,0.153219,184.341136,20.274108,8769.986782,51.048706,0.013151,0.450000,2.277294
3960.000000,-3.000000,0.550000,0.000000,1.000000,40.000000,0.427820,0.427426,7.021796,0.153290,184.320422,20.276540,8769.914943,51.048533,0.013151,0.450000,2.257440
3990.000000,-3.000000,0.550000,0.000000,1.000000,40.000000,0.428015,0.427623,7.025042,0.153361,184.299814,20.278960,8769.843475,51.048362,0.013151,0.450000,2.237686
4020.000000,-3.000000,0.550000,0.000000,1.000000,40.000000,0.428210,0.427820,7.028271,0.153431,184.279312,20.281367,8769.772375,51.048192,0.013151,0.450000,2.218032
4050.000000,-3.000000,0.550000,0.000000,1.000000,40.000000,0.428403,0.428015,7.031484,0.153500,184.258915,20.283763,8769.701642,51.048023,0.013151,0.450000,2.198477
4080.000000,-3.000000,0.550000,0.000000,1.000000,40.000000,0.428596,0.428210,7.034681,0.153570,184.238623,20.286145,8769.631274,51.047854,0.013151,0.450000,2.179021
4110.000000,-3.000000,0.550000,0.000000,1.000000,40.000000,0.428788,0.428403,7.037862,0.153639,184.218434,20.288516,8769.561268,51.047686,0.013151,0.450000,2.159663
4140.000000,-3.000000,0.550000,0.000000,1.000000,40.000000,0.428978,0.428596,7.041027,0.153708,184.198349,20.290874,8769.491623,51.047520,0.013151,0.450000,2.140403
4170.000000,-3.000000,0.550000,0.000000,1.000000,40.000000,0.429168,0.428788,7.044175,0.153776,184.178367,20.293220,8769.422337,51.047354,0.013151,0.450000,2.121241
4200.000000,-3.000000,0.550000,0.000000,1.000000,40.000000,0.429357,0.428978,7.047308,0.153844,184.158488,20.295555,8769.353407,51.047189,0.013151,0.450000,2.102175
4230.000000,-3.000000,0.550000,0.000000,1.000000,40.000000,0.429544,0.429168,7.050425,0.153912,184.138710,20.297877,8769.284833,51.047024,0.013151,0.450000,2.083206
4260.000000,-3.000000,0.550000,0.000000,1.000000,40.000000,0.429731,0.429357,7.053527,0.153979,184.119034,20.300187,8769.216613,51.046861,0.013151,0.450000,2.064332
4290.000000,-3.000000,0.550000,0.000000,1.000000,40.000000,0.429917,0.429544,7.056613,0.154046,184.099458,20.302485,8769.148743,51.046698,0.013151,0.450000,2.045554
4320.000000,-3.000000,0.550000,0.000000,1.000000,40.000000,0.430102,0.429731,7.059683,0.154112,184.079983,20.304772,8769.081223,51.046537,0.013151,0.450000,2.026871
4350.000000,-3.000000,0.550000,0.000000,1.000000,40.000000,0.430286,0.429917,7.062737,0.154179,184.060607,20.307047,8769.014051,51.046376,0.013151,0.450000,2.008282
4380.000000,-3.000000,0.550000,0.000000,1.000000,40.000000,0.430469,0.430102,7.065777,0.154245,184.041331,20.309310,8768.947224,51.046216,0.013151,0.450000,1.989787
4410.000000,-3.000000,0.550000,0.000000,1.000000,40.000000,0.430651,0.430286,7.068801,0.154310,184.022153,20.311562,8768.880742,51.046057,0.013151,0.450000,1.971386
4440.000000,-3.000000,0.550000,0.000000,1.000000,40.000000,0.430833,0.430469,7.071809,0.154376,184.003074,20.313802,8768.814602,51.045898,0.013151,0.450000,1.953078
4470.000000,-3.000000,0.550000,0.000000,1.000000,40.000000,0.431013,0.430651,7.074803,0.154441,183.984092,20.316030,8768.748802,51.045741,0.013151,0.450000,1.934862
4500.000000,-3.000000,0.550000,0.000000,1.000000,40.000000,0.431192,0.430833,7.077781,0.154505,183.965207,20.318247,8768.683341,51.045584,0.013151,0.450000,1.916738
4530.000000,-3.000000,0.550000,0.000000,1.000000,40.000000,0.431371,0.431013,7.080745,0.154570,183.946419,20.320453,8768.618217,51.045428,0.013151,0.450000,1.898706
4560.000000,-3.000000,0.550000,0.000000,1.000000,40.000000,0.431548,0.431192,7.083693,0.154634,183.927727,20.322647,8768.553428,51.045273,0.013151,0.450000,1.880764
4590.000000,-3.000000,0.550000,0.000000,1.000000,40.000000,0.431725,0.431371,7.086627,0.154697,183.909131,20.324830,8768.488972,51.045118,0.013151,0.450000,1.862914
4620.000000,-3.000000,0.550000,0.000000,1.000000,40.000000,0.431901,0.431548,7.089546,0.154761,183.890630,20.327002,8768.424847,51.044965,0.013151,0.450000,1.845153
4650.000000,-3.000000,0.550000,0.000000,1.000000,40.000000,0.432076,0.431725,7.092450,0.154824,183.872224,20.329163,8768.361053,51.044812,0.013151,0.450000,1.827483
4680.000000,-3.000000,0.550000,0.000000,1.000000,40.000000,0.432250,0.431901,7.095339,0.154886,183.853912,20.331313,8768.297586,51.044660,0.013151,0.450000,1.809901
4710.000000,-3.000000,0.550000,0.000000,1.000000,40.000000,0.432423,0.432076,7.098214,0.154949,183.835694,20.333452,8768.234446,51.044508,0.013151,0.450000,1.792409
4740.000000,-3.000000,0.550000,0.000000,1.000000,40.000000,0.432595,0.432250,7.101075,0.155011,183.817568,20.335579,8768.171631,51.044358,0.013151,0.450000,1.775005
4770.000000,-3.000000,0.550000,0.000000,1.000000,40.000000,0.432767,0.432423,7.103921,0.155073,183.799536,20.337696,8768.109138,51.044208,0.013151,0.450000,1.757688
4800.000000,-3.000000,0.550000,0.000000,1.000000,40.000000,0.432937,0.432595,7.106752,0.155134,183.781596,20.339802,8768.046967,51.044059,0.013151,0.450000,1.740459
4830.000000,-3.000000,0.550000,0.000000,1.000000,40.000000,0.433107,0.432767,7.109570,0.155195,183.763747,20.341897,8767.985115,51.043911,0.013152,0.450000,1.723318
4860.000000,-3.000000,0.550000,0.000000,1.000000,40.000000,0.433276,0.432937,7.112373,0.155256,183.745990,20.343982,8767.923581,51.043764,0.013152,0.450000,1.706262
4890.000000,-3.000000,0.550000,0.000000,1.000000,40.000000,0.433444,0.433107,7.115162,0.155316,183.728324,20.346055,8767.862363,51.043617,0.013152,0.450000,1.689293
4920.000000,-3.000000,0.550000,0.000000,1.000000,40.000000,0.433611,0.433276,7.117937,0.155377,183.710747,20.348118,8767.801460,51.043471,0.013152,0.450000,1.672410
4950.000000,-3.000000,0.550000,0.000000,1.000000,40.000000,0.433777,0.433444,7.120698,0.155437,183.693261,20.350171,8767.740870,51.043326,0.013152,0.450000,1.655612
4980.000000,-3.000000,0.550000,0.000000,1.000000,40.000000,0.433943,0.433611,7.123445,0.155496,183.675864,20.352213,8767.680591,51.043182,0.013152,0.450000,1.638899
5010.000000,-3.000000,0.550000,0.000000,1.000000,40.000000,0.434107,0.433777,7.126178,0.155556,183.658557,20.354245,8767.620622,51.043038,0.013152,0.450000,1.622270
5040.000000,-3.000000,0.550000,0.000000,1.000000,40.000000,0.434271,0.433943,7.128897,0.155615,183.641337,20.356266,8767.560960,51.042895,0.013152,0.450000,1.605725
5070.000000,-3.000000,0.550000,0.000000,1.000000,40.000000,0.434434,0.434107,7.131603,0.155673,183.624206,20.358277,8767.501605,51.042753,0.013152,0.450000,1.589264
5100.000000,-3.000000,0.550000,0.000000,1.000000,40.000000,0.434596,0.434271,7.134295,0.155732,183.607162,20.360277,8767.442555,51.042612,0.013152,0.450000,1.572886
5130.000000,-3.000000,0.550000,0.000000,1.000000,40.000000,0.434758,0.434434,7.136973,0.155790,183.590205,20.362267,8767.383808,51.042471,0.013152,0.450000,1.556590
5160.000000,-3.000000,0.550000,0.000000,1.000000,40.000000,0.434918,0.434596,7.139638,0.155848,183.573335,20.364247,8767.325363,51.042331,0.013152,0.450000,1.540377
5190.000000,-3.000000,0.550000,0.000000,1.000000,40.000000,0.435078,0.434758,7.142290,0.155905,183.556551,20.366217,8767.267217,51.042192,0.013152,0.450000,1.524246
5220.000000,-3.000000,0.550000,0.000000,1.000000,40.000000,0.435237,0.434918,7.144928,0.155962,183.539853,20.368177,8767.209370,51.042053,0.013152,0.450000,1.508196
5250.000000,-3.000000,0.550000,0.000000,1.000000,40.000000,0.435395,0.435078,7.147553,0.156019,183.523240,20.370127,8767.151820,51.041915,0.013152,0.450000,1.492227
5280.000000,-3.000000,0.550000,0.000000,1.000000,40.000000,0.435552,0.435237,7.150165,0.156076,183.506712,20.372067,8767.094566,51.041778,0.013152,0.450000,1.476339
5310.000000,-3.000000,0.550000,0.000000,1.000000,40.000000,0.435708,0.435395,7.152763,0.156132,183.490269,20.373997,8767.037605,51.041641,0.013152,0.450000,1.460531
5340.000000,-3.000000,0.550000,0.000000,1.000000,40.000000,0.435864,0.435552,7.155349,0.156188,183.473909,20.375917,8766.980936,51.041506,0.013152,0.450000,1.444803
5370.000000,-3.000000,0.550000,0.000000,1.000000,40.000000,0.436019,0.435708,7.157921,0.156244,183.457633,20.377827,8766.924558,51.041371,0.013152,0.450000,1.429155
5400.000000,-3.000000,0.550000,0.000000,1.000000,40.000000,0.436173,0.435864,7.160480,0.156300,183.441440,20.379727,8766.868469,51.041236,0.013152,0.450000,1.413585
5430.000000,-3.000000,0.550000,0.000000,1.000000,40.000000,0.436327,0.436019,7.163027,0.156355,183.425330,20.381618,8766.812668,51.041103,0.013152,0.450000,1.398094
5460.000000,-3.000000,0.550000,0.000000,1.000000,40.000000,0.436479,0.436173,7.165560,0.156410,183.409302,20.383499,8766.757153,51.040970,0.013152,0.450000,1.382681
5490.000000,-3.000000,0.550000,0.000000,1.000000,40.000000,0.436631,0.436327,7.168081,0.156465,183.393356,20.385371,8766.701923,51.040837,0.013152,0.450000,1.367346
5520.000000,-3.000000,0.550000,0.000000,1.000000,40.000000,0.436782,0.436479,7.170589,0.156519,183.377491,20.387232,8766.646976,51.040706,0.013152,0.450000,1.352089
5550.000000,-3.000000,0.550000,0.000000,1.000000,40.000000,0.436932,0.436631,7.173085,0.156573,183.361707,20.389085,8766.592311,51.040575,0.013152,0.450000,1.336908
5580.000000,-3.000000,0.550000,0.000000,1.000000,40.000000,0.437082,0.436782,7.175568,0.156627,183.346004,20.390928,8766.537926,51.040444,0.013152,0.450000,1.321804
5610.000000,-3.000000,0.550000,0.000000,1.000000,40.000000,0.437231,0.436932,7.178038,0.156681,183.330381,20.392761,8766.483820,51.040315,0.013152,0.450000,1.306777
5640.000000,-3.000000,0.550000,0.000000,1.000000,40.000000,0.437379,0.437082,7.180496,0.156734,183.314838,20.394585,8766.429991,51.040186,0.013152,0.450000,1.291825
5670.000000,-3.000000,0.550000,0.000000,1.000000,40.000000,0.437526,0.437231,7.182942,0.156787,183.299374,20.396400,8766.376438,51.040058,0.013152,0.450000,1.276949
5700.000000,-3.000000,0.550000,0.000000,1.000000,40.000000,0.437672,0.437379,7.185375,0.156840,183.283988,20.398205,8766.323159,51.039930,0.013152,0.450000,1.262147
5730.000000,-3.000000,0.550000,0.000000,1.000000,40.000000,0.437818,0.437526,7.187796,0.156892,183.268682,20.400001,8766.270154,51.039803,0.013152,0.450000,1.247421
5760.000000,-3.000000,0.550000,0.000000,1.000000,40.000000,0.437963,0.437672,7.190205,0.156945,183.253453,20.401789,8766.217420,51.039677,0.013152,0.450000,1.232769
5790.000000,-3.000000,0.550000,0.000000,1.000000,40.000000,0.438107,0.437818,7.192601,0.156997,183.238303,20.403566,8766.164956,51.039551,0.013152,0.450000,1.218191
5820.000000,-3.000000,0.550000,0.000000,1.000000,40.000000,0.438251,0.437963,7.194986,0.157048,183.223229,20.405335,8766.112761,51.039426,0.013152,0.450000,1.203686
5850.000000,-3.000000,0.550000,0.000000,1.000000,40.000000,0.438394,0.438107,7.197359,0.157100,183.208232,20.407095,8766.060833,51.039301,0.013152,0.450000,1.189255
5880.000000,-3.000000,0.550000,0.000000,1.000000,40.000000,0.438536,0.438251,7.199719,0.157151,183.193312,20.408846,8766.009171,51.039178,0.013152,0.450000,1.174896
5910.000000,-3.000000,0.550000,0.000000,1.000000,40.000000,0.438677,0.438394,7.202068,0.157202,183.178468,20.410588,8765.957774,51.039054,0.013153,0.450000,1.160610
5940.000000,-3.000000,0.550000,0.000000,1.000000,40.000000,0.438818,0.438536,7.204405,0.157253,183.163700,20.412321,8765.906640,51.038932,0.013153,0.450000,1.146396
5970.000000,-3.000000,0.550000,0.000000,1.000000,40.000000,0.438958,0.438677,7.206730,0.157303,183.149007,20.414045,8765.855768,51.038810,0.013153,0.450000,1.132254
6000.000000,-3.000000,0.550000,0.000000,1.000000,40.000000,0.439097,0.438818,7.209043,0.157353,183.134389,20.415760,8765.805156,51.038689,0.013153,0.450000,1.118183
6030.000000,-3.000000,0.550000,0.000000,1.000000,40.000000,0.439236,0.438958,7.211345,0.157403,183.119845,20.417466,8765.754804,51.038568,0.013153,0.450000,1.104183
6060.000000,-3.000000,0.550000,0.000000,1.000000,40.000000,0.439374,0.439097,7.213635,0.157453,183.105376,20.419164,8765.704709,51.038448,0.013153,0.450000,1.090254
6090.000000,-3.000000,0.550000,0.000000,1.000000,40.000000,0.439511,0.439236,7.215914,0.157502,183.090980,20.420853,8765.654871,51.038329,0.013153,0.450000,1.076396
6120.000000,-3.000000,0.550000,0.000000,1.000000,40.000000,0.439648,0.439374,7.218181,0.157552,183.076658,20.422534,8765.605287,51.038210,0.013153,0.450000,1.062607
6150.000000,-3.000000,0.550000,0.000000,1.000000,40.000000,0.439783,0.439511,7.220436,0.157601,183.062409,20.424206,8765.555958,51.038092,0.013153,0.450000,1.048887
6180.000000,-3.000000,0.550000,0.000000,1.000000,40.000000,0.439919,0.439648,7.222681,0.157649,183.048232,20.425869,8765.506880,51.037974,0.013153,0.450000,1.035237
6210.000000,-3.000000,0.550000,0.000000,1.000000,40.000000,0.440053,0.439783,7.224913,0.157698,183.034128,20.427524,8765.458054,51.037857,0.013153,0.450000,1.021656
6240.000000,-3.000000,0.550000,0.000000,1.000000,40.000000,0.440187,0.439919,7.227135,0.157746,183.020095,20.429170,8765.409478,51.037741,0.013153,0.450000,1.008144
6270.000000,-3.000000,0.550000,0.000000,1.000000,40.000000,0.440320,0.440053,7.229346,0.157794,183.006134,20.430808,8765.361151,51.037625,0.013153,0.450000,0.994699
6300.000000,-3.000000,0.550000,0.000000,1.000000,40.000000,0.440452,0.440187,7.231545,0.157842,182.992244,20.432438,8765.313070,51.037510,0.013153,0.450000,0.981323
6330.000000,-3.000000,0.550000,0.000000,1.000000,40.000000,0.440584,0.440320,7.233733,0.157889,182.978425,20.434060,8765.265236,51.037395,0.013153,0.450000,0.968014
6360.000000,-3.000000,0.550000,0.000000,1.000000,40.000000,0.440715,0.440452,7.235911,0.157936,182.964677,20.435673,8765.217646,51.037281,0.013153,0.450000,0.954772
6390.000000,-3.000000,0.550000,0.000000,1.000000,40.000000,0.440846,0.440584,7.238077,0.157983,182.950998,20.437277,8765.170299,51.037168,0.013153,0.450000,0.941597
6420.000000,-3.000000,0.550000,0.000000,1.000000,40.000000,0.440975,0.440715,7.240232,0.158030,182.937389,20.438874,8765.123195,51.037055,0.013153,0.450000,0.928488
6450.000000,-3.000000,0.550000,0.000000,1.000000,40.000000,0.441104,0.440846,7.242377,0.158076,182.923849,20.440463,8765.076331,51.036943,0.013153,0.450000,0.915446
6480.000000,-3.000000,0.550000,0.000000,1.000000,40.000000,0.441233,0.440975,7.244511,0.158123,182.910379,20.442043,8765.029707,51.036831,0.013153,0.450000,0.902469
6510.000000,-3.000000,0.550000,0.000000,1.000000,40.000000,0.441361,0.441104,7.246634,0.158169,182.896977,20.443615,8764.983322,51.036720,0.013153,0.450000,0.889558
6540.000000,-3.000000,0.550000,0.000000,1.000000,40.000000,0.441488,0.441233,7.248746,0.158215,182.883643,20.445180,8764.937173,51.036609,0.013153,0.450000,0.876712
6570.000000,-3.000000,0.550000,0.000000,1.000000,40.000000,0.441614,0.441361,7.250847,0.158260,182.870377,20.446736,8764.891261,51.036499,0.013153,0.450000,0.863931
6600.000000,-3.000000,0.550000,0.000000,1.000000,40.000000,0.441740,0.441488,7.252939,0.158306,182.857179,20.448284,8764.845583,51.036390,0.013153,0.450000,0.851214
6630.000000,-3.000000,0.550000,0.000000,1.000000,40.000000,0.441866,0.441614,7.255019,0.158351,182.844048,20.449825,8764.800139,51.036281,0.013153,0.450000,0.838561
6660.000000,-3.000000,0.550000,0.000000,1.000000,40.000000,0.441990,0.441740,7.257089,0.158396,182.830984,20.451358,8764.754926,51.036172,0.013153,0.450000,0.825973
6690.000000,-3.000000,0.550000,0.000000,1.000000,40.000000,0.442114,0.441866,7.259149,0.158440,182.817986,20.452882,8764.709945,51.036065,0.013153,0.450000,0.813448
6720.000000,-3.000000,0.550000,0.000000,1.000000,40.000000,0.442238,0.441990,7.261198,0.158485,182.805054,20.454399,8764.665194,51.035957,0.013153,0.450000,0.800986
6750.000000,-3.000000,0.550000,0.000000,1.000000,40.000000,0.442360,0.442114,7.263237,0.158529,182.792189,20.455909,8764.620671,51.035851,0.013153,0.450000,0.788586
6780.000000,-3.000000,0.550000,0.000000,1.000000,40.000000,0.442482,0.442238,7.265265,0.158573,182.779388,20.457410,8764.576376,51.035745,0.013153,0.450000,0.776250
6810.000000,-3.000000,0.550000,0.000000,1.000000,40.000000,0.442604,0.442360,7.267284,0.158617,182.766653,20.458904,8764.532307,51.035639,0.013153,0.450000,0.763976
6840.000000,-3.000000,0.550000,0.000000,1.000000,40.000000,0.442725,0.442482,7.269292,0.158660,182.753983,20.460391,8764.488463,51.035534,0.013153,0.450000,0.751763
6870.000000,-3.000000,0.550000,0.000000,1.000000,40.000000,0.442845,0.442604,7.271290,0.158704,182.741377,20.461870,8764.444843,51.035429,0.013153,0.450000,0.739612
6900.000000,-3.000000,0.550000,0.000000,1.000000,40.000000,0.442965,0.442725,7.273278,0.158747,182.728836,20.463341,8764.401446,51.035325,0.013153,0.450000,0.727523
6930.000000,-3.000000,0.550000,0.000000,1.000000,40.000000,0.443084,0.442845,7.275256,0.158790,182.716358,20.464804,8764.358271,51.035222,0.013153,0.450000,0.715494
6960.000000,-3.000000,0.550000,0.000000,1.000000,40.000000,0.443202,0.442965,7.277224,0.158832,182.703943,20.466261,8764.315316,51.035119,0.013153,0.450000,0.703527
6990.000000,-3.000000,0.550000,0.000000,1.000000,40.000000,0.443320,0.443084,7.279182,0.158875,182.691592,20.467710,8764.272580,51.035017,0.013153,0.450000,0.691619
7020.000000,-3.000000,0.550000,0.000000,1.000000,40.000000,0.443437,0.443202,7.281131,0.158917,182.679304,20.469151,8764.230062,51.034915,0.013153,0.450000,0.679772
7050.000000,-3.000000,0.550000,0.000000,1.000000,40.000000,0.443554,0.443320,7.283069,0.158959,182.667078,20.470585,8764.187762,51.034813,0.013153,0.450000,0.667984
7080.000000,-3.000000,0.550000,0.000000,1.000000,40.000000,0.443670,0.443437,7.284998,0.159001,182.654915,20.472012,8764.145677,51.034713,0.013153,0.450000,0.656256
7110.000000,-3.000000,0.550000,0.000000,1.000000,40.000000,0.443786,0.443554,7.286917,0.159043,182.642813,20.473432,8764.103808,51.034612,0.013153,0.450000,0.644587
7140.000000,-3.000000,0.550000,0.000000,1.000000,40.000000,0.443901,0.443670,7.288826,0.159084,182.630773,20.474844,8764.062152,51.034512,0.013153,0.450000,0.632977
7170.000000,-3.000000,0.550000,0.000000,1.000000,40.000000,0.444015,0.443786,7.290726,0.159125,182.618794,20.476249,8764.020708,51.034413,0.013153,0.450000,0.621425
7200.000000,-3.000000,0.550000,0.000000,1.000000,40.000000,0.444129,0.443901,7.292616,0.159166,182.606876,20.477647,8763.979476,51.034314,0.013153,0.450000,0.609932
7230.000000,-3.000000,0.550000,0.000000,1.000000,40.000000,0.444242,0.444015,7.294496,0.159207,182.595019,20.479038,8763.938455,51.034216,0.013153,0.450000,0.598497
7260.000000,-3.000000,0.550000,0.000000,1.000000,40.000000,0.444355,0.444129,7.296367,0.159248,182.583222,20.480422,8763.897643,51.034118,0.013154,0.450000,0.587119
7290.000000,-3.000000,0.550000,0.000000,1.000000,40.000000,0.444467,0.444242,7.298229,0.159288,182.571485,20.481798,8763.857039,51.034021,0.013154,0.450000,0.575799
7320.000000,-3.000000,0.550000,0.000000,1.000000,40.000000,0.444578,0.444355,7.300081,0.159328,182.559807,20.483168,8763.816642,51.033924,0.013154,0.450000,0.564536
7350.000000,-3.000000,0.550000,0.000000,1.000000,40.000000,0.444689,0.444467,7.301924,0.159368,182.548189,20.484531,8763.776451,51.033828,0.013154,0.450000,0.553329
7380.000000,-3.000000,0.550000,0.000000,1.000000,40.000000,0.444800,0.444578,7.303758,0.159408,182.536630,20.485887,8763.736465,51.033732,0.013154,0.450000,0.542180
7410.000000,-3.000000,0.550000,0.000000,1.000000,40.000000,0.444909,0.444689,7.305583,0.159447,182.525130,20.487235,8763.696684,51.033637,0.013154,0.450000,0.531086
7440.000000,-3.000000,0.550000,0.000000,1.000000,40.000000,0.445019,0.444800,7.307398,0.159487,182.513689,20.488577,8763.657105,51.033542,0.013154,0.450000,0.520048
7470.000000,-3.000000,0.550000,0.000000,1.000000,40.000000,0.445127,0.444909,7.309204,0.159526,182.502305,20.489913,8763.617728,51.033447,0.013154,0.450000,0.509066
7500.000000,-3.000000,0.550000,0.000000,1.000000,40.000000,0.445235,0.445019,7.311001,0.159565,182.490979,20.491241,8763.578552,51.033353,0.013154,0.450000,0.498140
7530.000000,-3.000000,0.550000,0.000000,1.000000,40.000000,0.445343,0.445127,7.312789,0.159604,182.479711,20.492563,8763.539575,51.033260,0.013154,0.450000,0.487268
7560.000000,-3.000000,0.550000,0.000000,1.000000,40.000000,0.445450,0.445235,7.314568,0.159642,182.468501,20.493878,8763.500798,51.033167,0.013154,0.450000,0.476452
7590.000000,-3.000000,0.550000,0.000000,1.000000,40.000000,0.445557,0.445343,7.316338,0.159681,182.457347,20.495186,8763.462218,51.033075,0.013154,0.450000,0.465690
7620.000000,-3.000000,0.550000,0.000000,1.000000,40.000000,0.445663,0.445450,7.318099,0.159719,182.446250,20.496487,8763.423834,51.032983,0.013154,0.450000,0.454982
7650.000000,-3.000000,0.550000,0.000000,1.000000,40.000000,0.445768,0.445557,7.319851,0.159757,182.435209,20.497782,8763.385647,51.032891,0.013154,0.450000,0.444328
7680.000000,-3.000000,0.550000,0.000000,1.000000,40.000000,0.445873,0.445663,7.321595,0.159795,182.424224,20.499071,8763.347654,51.032800,0.013154,0.450000,0.433728
7710.000000,-3.000000,0.550000,0.000000,1.000000,40.000000,0.445978,0.445768,7.323329,0.159832,182.413296,20.500352,8763.309855,51.032710,0.013154,0.450000,0.423181
7740.000000,-3.000000,0.550000,0.000000,1.000000,40.000000,0.446081,0.445873,7.325055,0.159870,182.402422,20.501628,8763.272248,51.032619,0.013154,0.450000,0.412688
7770.000000,-3.000000,0.550000,0.000000,1.000000,40.000000,0.446185,0.445978,7.326772,0.159907,182.391604,20.502896,8763.234833,51.032530,0.013154,0.450000,0.402247
7800.000000,-3.000000,0.550000,0.000000,1.000000,40.000000,0.446288,0.446081,7.328481,0.159944,182.380841,20.504159,8763.197609,51.032441,0.013154,0.450000,0.391859
7830.000000,-3.000000,0.550000,0.000000,1.000000,40.000000,0.446390,0.446185,7.330181,0.159981,182.370133,20.505415,8763.160574,51.032352,0.013154,0.450000,0.381524
7860.000000,-3.000000,0.550000,0.000000,1.000000,40.000000,0.446492,0.446288,7.331872,0.160017,182.359479,20.506664,8763.123728,51.032263,0.013154,0.450000,0.371241
7890.000000,-3.000000,0.550000,0.000000,1.000000,40.000000,0.446593,0.446390,7.333555,0.160054,182.348879,20.507907,8763.087070,51.032176,0.013154,0.450000,0.361009
7920.000000,-3.000000,0.550000,0.000000,1.000000,40.000000,0.446694,0.446492,7.335229,0.160090,182.338333,20.509144,8763.050599,51.032088,0.013154,0.450000,0.350829
7950.000000,-3.000000,0.550000,0.000000,1.000000,40.000000,0.446794,0.446593,7.336895,0.160126,182.327841,20.510375,8763.014313,51.032001,0.013154,0.450000,0.340701
7980.000000,-3.000000,0.550000,0.000000,1.000000,40.000000,0.446894,0.446694,7.338553,0.160162,182.317401,20.511599,8762.978212,51.031915,0.013154,0.450000,0.330623
8010.000000,-3.000000,0.550000,0.000000,1.000000,40.000000,0.446993,0.446794,7.340202,0.160198,182.307015,20.512817,8762.942296,51.031829,0.013154,0.450000,0.320596
8040.000000,-3.000000,0.550000,0.000000,1.000000,40.000000,0.447092,0.446894,7.341843,0.160234,182.296682,20.514029,8762.906562,51.031743,0.013154,0.450000,0.310620
8070.000000,-3.000000,0.550000,0.000000,1.000000,40.000000,0.447190,0.446993,7.343475,0.160269,182.286401,20.515235,8762.871010,51.031658,0.013154,0.450000,0.300694
8100.000000,-3.000000,0.550000,0.000000,1.000000,40.000000,0.447288,0.447092,7.345100,0.160304,182.276172,20.516434,8762.835639,51.031573,0.013154,0.450000,0.290818
8130.000000,-3.000000,0.550000,0.000000,1.000000,40.000000,0.447385,0.447190,7.346716,0.160339,182.265996,20.517628,8762.800448,51.031489,0.013154,0.450000,0.280992
8160.000000,-3.000000,0.550000,0.000000,1.000000,40.000000,0.447482,0.447288,7.348324,0.160374,182.255871,20.518815,8762.765437,51.031405,0.013154,0.450000,0.271216
8190.000000,-3.000000,0.550000,0.000000,1.000000,40.000000,0.447578,0.447385,7.349924,0.160409,182.245797,20.519996,8762.730604,51.031321,0.013154,0.450000,0.261489
8220.000000,-3.000000,0.550000,0.000000,1.000000,40.000000,0.447674,0.447482,7.351516,0.160443,182.235774,20.521172,8762.695948,51.031238,0.013154,0.450000,0.251811
8250.000000,-3.000000,0.550000,0.000000,1.000000,40.000000,0.447769,0.447578,7.353100,0.160478,182.225803,20.522341,8762.661468,51.031156,0.013154,0.450000,0.242181
8280.000000,-3.000000,0.550000,0.000000,1.000000,40.000000,0.447864,0.447674,7.354676,0.160512,182.215882,20.523504,8762.627164,51.031073,0.013154,0.450000,0.232600
8310.000000,-3.000000,0.550000,0.000000,1.000000,40.000000,0.447959,0.447769,7.356244,0.160546,182.206011,20.524662,8762.593035,51.030992,0.013154,0.450000,0.223068
8340.000000,-3.000000,0.550000,0.000000,1.000000,40.000000,0.448052,0.447864,7.357804,0.160580,182.196191,20.525814,8762.559080,51.030910,0.013154,0.450000,0.213584
8370.000000,-3.000000,0.550000,0.000000,1.000000,40.000000,0.448146,0.447959,7.359356,0.160613,182.186420,20.526959,8762.525297,51.030829,0.013154,0.450000,0.204147
8400.000000,-3.000000,0.550000,0.000000,1.000000,40.000000,0.448239,0.448052,7.360900,0.160647,182.176699,20.528099,8762.491686,51.030749,0.013154,0.450000,0.194758
8430.000000,-3.000000,0.550000,0.000000,1.000000,40.000000,0.448331,0.448146,7.362437,0.160680,182.167027,20.529234,8762.458246,51.030669,0.013154,0.450000,0.185416
8460.000000,-3.000000,0.550000,0.000000,1.000000,40.000000,0.448423,0.448239,7.363966,0.160713,182.157405,20.530362,8762.424977,51.030589,0.013154,0.450000,0.176122
8490.000000,-3.000000,0.550000,0.000000,1.000000,40.000000,0.448515,0.448331,7.365487,0.160746,182.147831,20.531485,8762.391877,51.030509,0.013154,0.450000,0.166874
8520.000000,-3.000000,0.550000,0.000000,1.000000,40.000000,0.448606,0.448423,7.367001,0.160779,182.138305,20.532602,8762.358945,51.030431,0.013154,0.450000,0.157673
8550.000000,-3.000000,0.550000,0.000000,1.000000,40.000000,0.448697,0.448515,7.368506,0.160812,182.128829,20.533713,8762.326181,51.030352,0.013154,0.450000,0.148518
8580.000000,-3.000000,0.550000,0.000000,1.000000,40.000000,0.448787,0.448606,7.370005,0.160844,182.119400,20.534819,8762.293583,51.030274,0.013154,0.450000,0.139409
8610.000000,-3.000000,0.550000,0.000000,1.000000,40.000000,0.448876,0.448697,7.371496,0.160877,182.110019,20.535919,8762.261152,51.030196,0.013154,0.450000,0.130347
8640.000000,-3.000000,0.550000,0.000000,1.000000,40.000000,0.448966,0.448787,7.372979,0.160909,182.100685,20.537013,8762.228885,51.030119,0.013154,0.450000,0.121330
8670.000000,-3.000000,0.550000,0.000000,1.000000,40.000000,0.449054,0.448876,7.374455,0.160941,182.091399,20.538102,8762.196782,51.030042,0.013154,0.450000,0.112358
8700.000000,-3.000000,0.550000,0.000000,1.000000,40.000000,0.449143,0.448966,7.375923,0.160973,182.082161,20.539185,8762.164843,51.029965,0.013154,0.450000,0.103432
8730.000000,-3.000000,0.550000,0.000000,1.000000,40.000000,0.449231,0.449054,7.377384,0.161004,182.072969,20.540263,8762.133066,51.029889,0.013154,0.450000,0.094550
8760.000000,-3.000000,0.550000,0.000000,1.000000,40.000000,0.449318,0.449143,7.378838,0.161036,182.063823,20.541335,8762.101451,51.029813,0.013154,0.450000,0.085714
8790.000000,-3.000000,0.550000,0.000000,1.000000,40.000000,0.449405,0.449231,7.380284,0.161067,182.054724,20.542402,8762.069997,51.029738,0.013154,0.450000,0.076922
8820.000000,-3.000000,0.550000,0.000000,1.000000,40.000000,0.449492,0.449318,7.381723,0.161098,182.045671,20.543464,8762.038703,51.029663,0.013154,0.450000,0.068174
8850.000000,-3.000000,0.550000,0.000000,1.000000,40.000000,0.449578,0.449405,7.383155,0.161129,182.036664,20.544520,8762.007567,51.029588,0.013154,0.450000,0.059471
8880.000000,-3.000000,0.550000,0.000000,1.000000,40.000000,0.449664,0.449492,7.384579,0.161160,182.027703,20.545571,8761.976590,51.029514,0.013154,0.450000,0.050811
8910.000000,-3.000000,0.550000,0.000000,1.000000,40.000000,0.449749,0.449578,7.385997,0.161191,182.018787,20.546616,8761.945771,51.029440,0.013154,0.450000,0.042195
8940.000000,-3.000000,0.550000,0.000000,1.000000,40.000000,0.449834,0.449664,7.387407,0.161222,182.009917,20.547656,8761.915108,51.029367,0.013154,0.450000,0.033622
8970.000000,-3.000000,0.550000,0.000000,1.000000,40.000000,0.449918,0.449749,7.388810,0.161252,182.001091,20.548691,8761.884601,51.029294,0.013154,0.450000,0.025093
9000.000000,-3.000000,0.550000,0.000000,1.000000,40.000000,0.450002,0.449834,7.390206,0.161282,181.992311,20.549721,8761.854250,51.029221,0.013155,0.450000,0.016606
9030.000000,-3.000000,0.550000,0.000000,1.000000,40.000000,0.450086,0.449918,7.391595,0.161312,181.983574,20.550745,8761.824052,51.029148,0.013155,0.450000,0.008163
9060.000000,-3.000000,0.550000,0.000000,1.000000,40.000000,0.450169,0.450002,7.392977,0.161342,181.974882,20.551764,8761.794008,51.029076,0.013155,0.450000,-0.000238
9090.000000,-3.000000,0.550000,0.000000,1.000000,40.000000,0.450252,0.450086,7.394352,0.161372,181.966234,20.552778,8761.764117,51.029005,0.013155,0.450000,-0.008597
9120.000000,-3.000000,0.550000,0.000000,1.000000,40.000000,0.450334,0.450169,7.395720,0.161402,181.957630,20.553787,8761.734378,51.028934,0.013155,0.450000,-0.016914
9150.000000,-3.000000,0.550000,0.000000,1.053281,40.000000,0.450456,0.450252,7.397746,0.161431,186.733396,20.554791,9228.538450,52.370660,0.013500,0.450000,-0.025189
9180.000000,-3.000000,0.550000,0.000000,1.000000,40.000000,0.450537,0.450334,7.399097,0.161475,181.936395,20.556277,8761.660983,51.028758,0.013155,0.450000,-0.033422
9210.000000,-3.000000,0.550000,0.000000,1.095917,40.000000,0.450690,0.450456,7.401625,0.161504,190.453148,20.557268,9602.017498,53.419909,0.013771,0.450000,-0.045612
9240.000000,-3.000000,0.550000,0.000000,1.048504,40.000000,0.450806,0.450537,7.403562,0.161559,186.271600,20.559122,9186.546578,52.251442,0.013470,0.450000,-0.053742
9270.000000,-3.000000,0.550000,0.000000,1.190655,40.000000,0.451024,0.450690,7.407188,0.161601,198.484125,20.560543,10431.969962,55.680803,0.014354,0.450000,-0.068956
9300.000000,-3.000000,0.550000,0.000000,1.229293,40.000000,0.451268,0.450806,7.411238,0.161679,201.653742,20.563202,10770.397863,56.576821,0.014585,0.450000,-0.080612
9330.000000,-3.000000,0.550000,0.000000,1.429361,40.000000,0.451642,0.451024,7.417460,0.161766,217.414760,20.566172,12523.158483,61.007045,0.015727,0.450000,-0.102426
9360.000000,-3.000000,0.550000,0.000000,1.569080,40.000000,0.452102,0.451268,7.425091,0.161900,227.744403,20.570734,13747.080381,63.918839,0.016478,0.450000,-0.126797
9390.000000,-3.000000,0.550000,0.000000,1.877955,40.000000,0.452737,0.451642,7.435655,0.162065,249.088501,20.576328,16452.890914,69.927093,0.018027,0.450000,-0.164239
9420.000000,-3.000000,0.550000,0.000000,2.190063,40.000000,0.453536,0.452102,7.448926,0.162293,268.894353,20.584070,19186.799451,75.513853,0.019468,0.450000,-0.210156
9450.000000,-3.000000,0.550000,0.000000,2.706234,40.000000,0.454580,0.452737,7.466291,0.162579,298.770491,20.593792,23708.108747,83.941181,0.021641,0.450000,-0.273718
9480.000000,-3.000000,0.550000,0.000000,3.310144,40.000000,0.455884,0.453536,7.487953,0.162953,330.231885,20.606508,28997.455690,92.834245,0.023935,0.450000,-0.353563
9510.000000,-3.000000,0.550000,0.000000,3.500000,40.000000,0.457257,0.454580,7.510786,0.163421,339.317189,20.622361,30658.996749,95.457329,0.024612,0.450000,-0.458036
9540.000000,-3.000000,0.550000,0.000000,3.500000,40.000000,0.458623,0.455884,7.533488,0.163913,339.050614,20.639061,30657.274609,95.455123,0.024612,0.450000,-0.588355
9570.000000,-3.000000,0.550000,0.000000,3.500000,40.000000,0.459980,0.457257,7.556058,0.164403,338.785735,20.655653,30655.563773,95.452930,0.024613,0.450000,-0.725713
9600.000000,-3.000000,0.550000,0.000000,2.074354,40.000000,0.460679,0.458623,7.567677,0.164889,260.612379,20.672138,18167.707461,73.482987,0.018948,0.450000,-0.862266
9630.000000,-3.000000,0.550000,0.000000,3.500000,40.000000,0.462024,0.459980,7.590049,0.165140,338.387110,20.680620,30652.989738,95.449631,0.024613,0.450000,-0.998019
9660.000000,-3.000000,0.550000,0.000000,3.500000,40.000000,0.463362,0.460679,7.612292,0.165622,338.126446,20.696945,30651.306982,95.447474,0.024614,0.450000,-1.067898
9690.000000,-3.000000,0.550000,0.000000,3.500000,40.000000,0.464692,0.462024,7.634406,0.166101,337.867435,20.713164,30649.635237,95.445331,0.024614,0.450000,-1.202446
9720.000000,-3.000000,0.550000,0.000000,3.500000,40.000000,0.466014,0.463362,7.656392,0.166578,337.610067,20.729279,30647.974421,95.443202,0.024615,0.450000,-1.336207
9750.000000,-3.000000,0.550000,0.000000,3.500000,40.000000,0.467328,0.464692,7.678252,0.167052,337.354330,20.745290,30646.324454,95.441087,0.024615,0.450000,-1.469185
9780.000000,-3.000000,0.550000,0.000000,3.500000,40.000000,0.468635,0.466014,7.699984,0.167523,337.100211,20.761199,30644.685255,95.438986,0.024615,0.450000,-1.601384
9810.000000,-3.000000,0.550000,0.000000,3.500000,40.000000,0.469934,0.467328,7.721592,0.167992,336.847700,20.777006,30643.056746,95.436898,0.024616,0.450000,-1.732810
9840.000000,-3.000000,0.550000,0.000000,3.500000,40.000000,0.471225,0.468635,7.743074,0.168457,336.596786,20.792711,30641.438846,95.434824,0.024616,0.450000,-1.863467
9870.000000,-3.000000,0.550000,0.000000,3.500000,40.000000,0.472509,0.469934,7.764432,0.168920,336.347457,20.808316,30639.831479,95.432763,0.024617,0.450000,-1.993359
9900.000000,-3.000000,0.550000,0.000000,3.500000,40.000000,0.473785,0.471225,7.785667,0.169380,336.099702,20.823821,30638.234567,95.430715,0.024617,0.450000,-2.122493
9930.000000,-3.000000,0.550000,0.000000,3.500000,40.000000,0.475054,0.472509,7.806779,0.169838,335.853511,20.839226,30636.648034,95.428681,0.024618,0.450000,-2.250871
9960.000000,-3.000000,0.550000,0.000000,3.500000,40.000000,0.476315,0.473785,7.827769,0.170293,335.608872,20.854534,30635.071803,95.426660,0.024618,0.450000,-2.378499
9990.000000,-3.000000,0.550000,0.000000,3.500000,40.000000,0.477569,0.475054,7.848638,0.170745,335.365774,20.869743,30633.505799,95.424651,0.024618,0.450000,-2.505381
10020.000000,-3.000000,0.550000,0.000000,3.500000,40.000000,0.478816,0.476315,7.869386,0.171194,335.124207,20.884855,30631.949948,95.422656,0.024619,0.450000,-2.631522
10050.000000,-3.000000,0.550000,0.000000,3.500000,40.000000,0.480055,0.477569,7.890015,0.171641,334.884160,20.899872,30630.404175,95.420674,0.024619,0.450000,-2.756925
10080.000000,-3.000000,0.550000,0.000000,3.500000,40.000000,0.481288,0.478816,7.910525,0.172086,334.645622,20.914792,30628.868407,95.418704,0.024620,0.450000,-2.881597
10110.000000,-3.000000,0.550000,0.000000,3.500000,40.000000,0.482513,0.480055,7.930916,0.172527,334.408584,20.929617,30627.342572,95.416747,0.024620,0.450000,-3.005541
10140.000000,-3.000000,0.550000,0.000000,3.500000,40.000000,0.483730,0.481288,7.951189,0.172966,334.173034,20.944348,30625.826597,95.414802,0.024620,0.450000,-3.128761
10170.000000,-3.000000,0.550000,0.000000,3.500000,40.000000,0.484941,0.482513,7.971346,0.173403,333.938962,20.958985,30624.320411,95.412870,0.024621,0.450000,-3.251262
10200.000000,-3.000000,0.550000,0.000000,3.500000,40.000000,0.486145,0.483730,7.991386,0.173837,333.706359,20.973530,30622.823943,95.410951,0.024621,0.450000,-3.373048
10230.000000,-3.000000,0.550000,0.000000,3.500000,40.000000,0.487342,0.484941,8.011311,0.174268,333.475214,20.987982,30621.337123,95.409043,0.024622,0.450000,-3.494123
10260.000000,-3.000000,0.550000,0.000000,3.500000,40.000000,0.488531,0.486145,8.031120,0.174697,333.245517,21.002342,30619.859880,95.407148,0.024622,0.450000,-3.614493
10290.000000,-3.000000,0.550000,0.000000,3.500000,40.000000,0.489714,0.487342,8.050816,0.175124,333.017257,21.016611,30618.392147,95.405265,0.024622,0.450000,-3.734160
10320.000000,-3.000000,0.550000,0.000000,3.500000,40.000000,0.490890,0.488531,8.070398,0.175548,332.790426,21.030790,30616.933855,95.403394,0.024623,0.450000,-3.853130
10350.000000,-3.000000,0.550000,0.000000,3.500000,40.000000,0.492059,0.489714,8.089867,0.175969,332.565013,21.044879,30615.484935,95.401535,0.024623,0.450000,-3.971406
10380.000000,-3.000000,0.550000,0.000000,3.500000,40.000000,0.493221,0.490890,8.109224,0.176388,332.341008,21.058879,30614.045321,95.399688,0.024623,0.450000,-4.088993
10410.000000,-3.000000,0.550000,0.000000,3.500000,40.000000,0.494377,0.492059,8.128469,0.176805,332.118402,21.072790,30612.614945,95.397853,0.024624,0.450000,-4.205894
10440.000000,-3.000000,0.550000,0.000000,3.500000,40.000000,0.495525,0.493221,8.147603,0.177219,331.897186,21.086613,30611.193742,95.396029,0.024624,0.450000,-4.322115
10470.000000,-3.000000,0.550000,0.000000,3.500000,40.000000,0.496667,0.494377,8.166627,0.177631,331.677349,21.100349,30609.781645,95.394217,0.024625,0.450000,-4.437659
10500.000000,-3.000000,0.550000,0.000000,3.500000,40.000000,0.497803,0.495525,8.185542,0.178040,331.458883,21.113998,30608.378591,95.392416,0.024625,0.450000,-4.552529
10530.000000,-3.000000,0.550000,0.000000,3.500000,40.000000,0.498931,0.496667,8.204347,0.178447,331.241778,21.127562,30606.984513,95.390627,0.024625,0.450000,-4.666731
10560.000000,-3.000000,0.550000,0.000000,3.500000,40.000000,0.500054,0.497803,8.223044,0.178852,331.026024,21.141039,30605.599350,95.388849,0.024626,0.450000,-4.780268
10590.000000,-3.000000,0.550000,0.000000,3.500000,40.000000,0.501169,0.498931,8.241634,0.179254,330.811613,21.154432,30604.223036,95.387083,0.024626,0.450000,-4.893144
10620.000000,-3.000000,0.550000,0.000000,3.500000,40.000000,0.502278,0.500054,8.260116,0.179654,330.598535,21.167741,30602.855509,95.385327,0.024626,0.450000,-5.005364
10650.000000,-3.000000,0.550000,0.000000,3.500000,40.000000,0.503381,0.501169,8.278492,0.180052,330.386781,21.180965,30601.496706,95.383583,0.024627,0.450000,-5.116930
10680.000000,-3.000000,0.550000,0.000000,3.500000,40.000000,0.504478,0.502278,8.296762,0.180447,330.176343,21.194107,30600.146567,95.381850,0.024627,0.450000,-5.227848
10710.000000,-3.000000,0.550000,0.000000,3.500000,40.000000,0.505567,0.503381,8.314927,0.180840,329.967211,21.207166,30598.805028,95.380128,0.024627,0.450000,-5.338120
10740.000000,-3.000000,0.550000,0.000000,3.500000,40.000000,0.506651,0.504478,8.332988,0.181231,329.759377,21.220143,30597.472031,95.378417,0.024628,0.450000,-5.447751
10770.000000,-3.000000,0.550000,0.000000,3.500000,40.000000,0.507728,0.505567,8.350944,0.181619,329.552831,21.233039,30596.147513,95.376716,0.024628,0.450000,-5.556745
