t,ref,y_fuzzy,u_fuzzy,y_pid,u_pid,disturbance
0.0000,22.0000,20.0025,2.5200,20.0030,3.0000,0.0000
5.0000,22.0000,20.0098,2.5029,20.0116,3.0000,0.0000
10.0000,22.0000,20.0211,2.4716,20.0242,1.9328,0.0000
15.0000,22.0000,20.0361,2.4438,20.0373,0.0000,0.0000
20.0000,22.0000,20.0543,2.4002,20.0490,0.0000,0.0000
25.0000,22.0000,20.0752,2.3451,20.0594,0.0000,0.0000
30.0000,22.0000,20.0984,2.2854,20.0686,0.0000,0.0000
35.0000,22.0000,20.1234,2.2237,20.0767,0.0000,0.0000
40.0000,22.0000,20.1500,2.1615,20.0838,0.0000,0.0000
45.0000,22.0000,20.1777,2.1011,20.0901,0.0000,0.0000
50.0000,22.0000,20.2064,2.0422,20.0955,0.0000,0.0000
55.0000,22.0000,20.2356,1.9865,20.1002,0.0000,0.0000
60.0000,22.0000,20.2653,1.9343,20.1042,0.0000,0.0000
65.0000,22.0000,20.2951,1.8850,20.1075,0.0000,0.0000
70.0000,22.0000,20.3250,1.8392,20.1104,0.0000,0.0000
75.0000,22.0000,20.3548,1.7974,20.1127,0.0000,0.0000
80.0000,22.0000,20.3843,1.7587,20.1145,0.0000,0.0000
85.0000,22.0000,20.4135,1.7228,20.1160,0.0000,0.0000
90.0000,22.0000,20.4422,1.6907,20.1170,0.0000,0.0000
95.0000,22.0000,20.4704,1.6613,20.1177,0.0000,0.0000
100.0000,22.0000,20.4980,1.6341,20.1182,0.0000,0.0000
105.0000,22.0000,20.5250,1.6100,20.1183,0.0000,0.0000
110.0000,22.0000,20.5514,1.5899,20.1182,0.0262,0.0000
115.0000,22.0000,20.5771,1.5720,20.1180,0.0976,0.0000
120.0000,22.0000,20.6021,1.5558,20.1179,0.1903,0.0000
125.0000,22.0000,20.6264,1.5416,20.1180,0.2700,0.0000
130.0000,22.0000,20.6500,1.5286,20.1185,0.3036,0.0000
135.0000,22.0000,20.6729,1.5172,20.1192,0.2731,0.0000
140.0000,22.0000,20.6951,1.5070,20.1201,0.1840,0.0000
145.0000,22.0000,20.7166,1.4979,20.1209,0.0657,0.0000
150.0000,22.0000,20.7375,1.4898,20.1214,0.0000,0.0000
155.0000,22.0000,20.7577,1.4827,20.1216,0.0000,0.0000
160.0000,22.0000,20.7772,1.4764,20.1216,0.0058,0.0000
165.0000,22.0000,20.7961,1.4710,20.1214,0.0640,0.0000
170.0000,22.0000,20.8144,1.4662,20.1213,0.1570,0.0000
175.0000,22.0000,20.8321,1.4622,20.1212,0.2513,0.0000
180.0000,22.0000,20.8492,1.4585,20.1216,0.3099,0.0000
185.0000,22.0000,20.8658,1.4557,20.1222,0.3057,0.0000
190.0000,22.0000,20.8818,1.4532,20.1231,0.2341,0.0000
195.0000,22.0000,20.8973,1.4511,20.1240,0.1163,0.0000
200.0000,22.0000,20.9123,1.4496,20.1246,0.0000,0.0000
205.0000,22.0000,20.9268,1.4482,20.1250,0.0000,0.0000
210.0000,22.0000,20.9409,1.4474,20.1250,0.0000,0.0000
215.0000,22.0000,20.9545,1.4469,20.1249,0.0410,0.0000
220.0000,22.0000,20.9677,1.4464,20.1247,0.1255,0.0000
225.0000,22.0000,20.9805,1.4465,20.1246,0.2242,0.0000
230.0000,22.0000,20.9928,1.4468,20.1248,0.2997,0.0000
235.0000,22.0000,21.0049,1.4471,20.1253,0.3196,0.0000
240.0000,22.0000,21.0165,1.4477,20.1261,0.2703,0.0000
245.0000,22.0000,21.0278,1.4488,20.1270,0.1641,0.0000
250.0000,22.0000,21.0388,1.4388,20.1278,0.0375,0.0000
255.0000,22.0000,21.0494,1.4155,20.1283,0.0000,0.0000
260.0000,22.0000,21.0596,1.3940,20.1284,0.0000,0.0000
265.0000,22.0000,21.0694,1.3737,20.1283,0.0201,0.0000
270.0000,22.0000,21.0788,1.3545,20.1281,0.0910,0.0000
275.0000,22.0000,21.0878,1.3364,20.1280,0.1900,0.0000
280.0000,22.0000,21.0963,1.3197,20.1280,0.2806,0.0000
285.0000,22.0000,21.1043,1.3043,20.1284,0.3260,0.0000
290.0000,22.0000,21.1119,1.2899,20.1292,0.3037,0.0000
295.0000,22.0000,21.1191,1.2764,20.1301,0.2154,0.0000
300.0000,22.0000,21.1253,0.7639,20.1308,0.0000,1.0000
305.0000,22.0000,21.1302,0.7535,20.1313,0.0000,1.0000
310.0000,22.0000,21.1338,0.7460,20.1314,0.0000,1.0000
315.0000,22.0000,21.1363,0.7406,20.1312,0.0000,1.0000
320.0000,22.0000,21.1377,0.7370,20.1309,0.0000,1.0000
325.0000,22.0000,21.1382,0.7352,20.1302,0.0000,1.0000
330.0000,22.0000,21.1378,0.7349,20.1294,0.0000,1.0000
335.0000,22.0000,21.1367,0.7359,20.1286,0.1369,1.0000
340.0000,22.0000,21.1349,0.7380,20.1281,0.3618,1.0000
345.0000,22.0000,21.1326,0.7413,20.1283,0.5233,1.0000
350.0000,22.0000,21.1296,0.7455,20.1292,0.5511,1.0000
355.0000,22.0000,21.1263,0.7506,20.1308,0.4203,1.0000
360.0000,22.0000,21.1225,0.7564,20.1325,0.1664,1.0000
365.0000,22.0000,21.1184,0.7628,20.1339,0.0000,1.0000
370.0000,22.0000,21.1141,0.7699,20.1350,0.0000,1.0000
375.0000,22.0000,21.1095,0.7777,20.1356,0.0000,1.0000
380.0000,22.0000,21.1047,0.7858,20.1359,0.0000,1.0000
385.0000,22.0000,21.0998,0.7942,20.1360,0.0000,1.0000
390.0000,22.0000,21.0949,0.8029,20.1357,0.0000,1.0000
395.0000,22.0000,21.0898,0.8118,20.1352,0.0000,1.0000
400.0000,22.0000,21.0848,0.8208,20.1345,0.0000,1.0000
405.0000,22.0000,21.0797,0.8299,20.1336,0.0048,1.0000
410.0000,22.0000,21.0747,0.8392,20.1328,0.2404,1.0000
415.0000,22.0000,21.0697,0.8486,20.1325,0.4629,1.0000
420.0000,22.0000,21.0648,0.8580,20.1330,0.5839,1.0000
425.0000,22.0000,21.0601,0.8673,20.1343,0.5448,1.0000
430.0000,22.0000,21.0554,0.8764,20.1361,0.3444,1.0000
435.0000,22.0000,21.0509,0.8854,20.1378,0.0456,1.0000
440.0000,22.0000,21.0465,0.8941,20.1391,0.0000,1.0000
445.0000,22.0000,21.0423,0.9027,20.1400,0.0000,1.0000
450.0000,22.0000,21.0382,0.9110,20.1405,0.0000,1.0000
455.0000,22.0000,21.0344,0.9192,20.1407,0.0000,1.0000
460.0000,22.0000,21.0307,0.9271,20.1406,0.0000,1.0000
465.0000,22.0000,21.0271,0.9348,20.1402,0.0000,1.0000
470.0000,22.0000,21.0238,0.9421,20.1396,0.0000,1.0000
475.0000,22.0000,21.0207,0.9490,20.1388,0.0000,1.0000
480.0000,22.0000,21.0177,0.9557,20.1379,0.1128,1.0000
485.0000,22.0000,21.0149,0.9619,20.1373,0.3492,1.0000
490.0000,22.0000,21.0124,0.9678,20.1373,0.5319,1.0000
495.0000,22.0000,21.0100,0.9733,20.1382,0.5834,1.0000
500.0000,22.0000,21.0077,0.9785,20.1397,0.4696,1.0000
505.0000,22.0000,21.0057,0.9833,20.1415,0.2184,1.0000
510.0000,22.0000,21.0038,0.9877,20.1431,0.0000,1.0000
515.0000,22.0000,21.0021,0.9918,20.1442,0.0000,1.0000
520.0000,22.0000,21.0006,0.9956,20.1449,0.0000,1.0000
525.0000,22.0000,20.9992,0.9990,20.1452,0.0000,1.0000
530.0000,22.0000,20.9979,1.0002,20.1452,0.0000,1.0000
535.0000,22.0000,20.9968,1.0002,20.1450,0.0000,1.0000
540.0000,22.0000,20.9958,1.0002,20.1444,0.0000,1.0000
545.0000,22.0000,20.9949,1.0003,20.1437,0.0000,1.0000
550.0000,22.0000,20.9941,1.0003,20.1427,0.0236,1.0000
555.0000,22.0000,20.9934,1.0004,20.1419,0.2677,1.0000
560.0000,22.0000,20.9928,1.0004,20.1416,0.4925,1.0000
565.0000,22.0000,20.9923,1.0004,20.1422,0.6078,1.0000
570.0000,22.0000,20.9918,1.0005,20.1436,0.5566,1.0000
575.0000,22.0000,20.9914,1.0005,20.1454,0.3418,1.0000
580.0000,22.0000,20.9911,1.0005,20.1471,0.0317,1.0000
585.0000,22.0000,20.9908,1.0005,20.1484,0.0000,1.0000
590.0000,22.0000,20.9906,1.0006,20.1493,0.0000,1.0000
595.0000,22.0000,20.9904,1.0006,20.1497,0.0000,1.0000
600.0000,22.0000,20.9902,1.0006,20.1499,0.0000,1.0000
605.0000,22.0000,20.9901,1.0006,20.1497,0.0000,1.0000
610.0000,22.0000,20.9900,1.0006,20.1492,0.0000,1.0000
615.0000,22.0000,20.9900,1.0006,20.1485,0.0000,1.0000
620.0000,22.0000,20.9899,1.0006,20.1476,0.0000,1.0000
625.0000,22.0000,20.9899,1.0006,20.1467,0.1961,1.0000
630.0000,22.0000,20.9900,1.0006,20.1462,0.4380,1.0000
635.0000,22.0000,20.9900,1.0005,20.1465,0.5955,1.0000
640.0000,22.0000,20.9900,1.0004,20.1476,0.5974,1.0000
645.0000,22.0000,20.9901,1.0004,20.1494,0.4269,1.0000
650.0000,22.0000,20.9902,1.0003,20.1512,0.1337,1.0000
655.0000,22.0000,20.9903,1.0002,20.1527,0.0000,1.0000
660.0000,22.0000,20.9904,1.0002,20.1537,0.0000,1.0000
665.0000,22.0000,20.9905,1.0001,20.1543,0.0000,1.0000
670.0000,22.0000,20.9906,1.0001,20.1546,0.0000,1.0000
675.0000,22.0000,20.9907,1.0000,20.1545,0.0000,1.0000
680.0000,22.0000,20.9909,1.0000,20.1541,0.0000,1.0000
685.0000,22.0000,20.9910,1.0000,20.1534,0.0000,1.0000
690.0000,22.0000,20.9912,0.9999,20.1525,0.0000,1.0000
695.0000,22.0000,20.9913,0.9999,20.1516,0.1208,1.0000
700.0000,22.0000,20.9914,0.9999,20.1509,0.3720,1.0000
705.0000,22.0000,20.9916,0.9999,20.1509,0.5674,1.0000
710.0000,22.0000,20.9917,0.9999,20.1518,0.6241,1.0000
715.0000,22.0000,20.9919,0.9998,20.1534,0.5054,1.0000
720.0000,22.0000,20.9920,0.9998,20.1553,0.2399,1.0000
725.0000,22.0000,20.9922,0.9998,20.1569,0.0000,1.0000
730.0000,22.0000,20.9923,0.9998,20.1581,0.0000,1.0000
735.0000,22.0000,20.9925,0.9998,20.1588,0.0000,1.0000
740.0000,22.0000,20.9926,0.9998,20.1591,0.0000,1.0000
745.0000,22.0000,20.9928,0.9998,20.1591,0.0000,1.0000
750.0000,22.0000,20.9929,0.9998,20.1587,0.0000,1.0000
755.0000,22.0000,20.9931,0.9998,20.1581,0.0000,1.0000
760.0000,22.0000,20.9932,0.9998,20.1573,0.0000,1.0000
765.0000,22.0000,20.9933,0.9998,20.1563,0.0825,1.0000
770.0000,22.0000,20.9935,0.9998,20.1555,0.3390,1.0000
775.0000,22.0000,20.9936,0.9998,20.1553,0.5549,1.0000
780.0000,22.0000,20.9938,0.9998,20.1561,0.6411,1.0000
785.0000,22.0000,20.9939,0.9998,20.1576,0.5498,1.0000
790.0000,22.0000,20.9940,0.9998,20.1596,0.2989,1.0000
795.0000,22.0000,20.9942,0.9998,20.1612,0.0000,1.0000
800.0000,22.0000,20.9943,0.9998,20.1624,0.0000,1.0000
805.0000,22.0000,20.9944,0.9998,20.1632,0.0000,1.0000
810.0000,22.0000,20.9945,0.9998,20.1636,0.0000,1.0000
815.0000,22.0000,20.9946,0.9998,20.1636,0.0000,1.0000
820.0000,22.0000,20.9948,0.9998,20.1632,0.0000,1.0000
825.0000,22.0000,20.9949,0.9998,20.1626,0.0000,1.0000
830.0000,22.0000,20.9950,0.9998,20.1617,0.0000,1.0000
835.0000,22.0000,20.9951,0.9998,20.1607,0.0779,1.0000
840.0000,22.0000,20.9952,0.9998,20.1599,0.3386,1.0000
845.0000,22.0000,20.9953,0.9998,20.1597,0.5610,1.0000
850.0000,22.0000,20.9954,0.9998,20.1605,0.6537,1.0000
855.0000,22.0000,20.9955,0.9998,20.1620,0.5664,1.0000
860.0000,22.0000,20.9956,0.9998,20.1640,0.3151,1.0000
865.0000,22.0000,20.9957,0.9998,20.1657,0.0000,1.0000
870.0000,22.0000,20.9958,0.9998,20.1669,0.0000,1.0000
875.0000,22.0000,20.9959,0.9998,20.1677,0.0000,1.0000
880.0000,22.0000,20.9960,0.9998,20.1680,0.0000,1.0000
885.0000,22.0000,20.9961,0.9998,20.1680,0.0000,1.0000
890.0000,22.0000,20.9962,0.9998,20.1677,0.0000,1.0000
895.0000,22.0000,20.9963,0.9998,20.1670,0.0000,1.0000
900.0000,22.0000,20.9964,0.9998,20.1661,0.0000,1.0000
905.0000,22.0000,20.9964,0.9998,20.1651,0.0942,1.0000
910.0000,22.0000,20.9965,0.9998,20.1643,0.3589,1.0000
915.0000,22.0000,20.9966,0.9998,20.1641,0.5795,1.0000
920.0000,22.0000,20.9967,0.9999,20.1649,0.6646,1.0000
925.0000,22.0000,20.9968,0.9999,20.1665,0.5663,1.0000
930.0000,22.0000,20.9968,0.9999,20.1685,0.3045,1.0000
935.0000,22.0000,20.9969,0.9999,20.1702,0.0000,1.0000
940.0000,22.0000,20.9970,0.9999,20.1714,0.0000,1.0000
945.0000,22.0000,20.9971,0.9999,20.1722,0.0000,1.0000
950.0000,22.0000,20.9971,0.9999,20.1725,0.0000,1.0000
955.0000,22.0000,20.9972,0.9999,20.1725,0.0000,1.0000
960.0000,22.0000,20.9972,0.9999,20.1721,0.0000,1.0000
965.0000,22.0000,20.9973,0.9999,20.1714,0.0000,1.0000
970.0000,22.0000,20.9974,0.9999,20.1705,0.0000,1.0000
975.0000,22.0000,20.9974,0.9999,20.1694,0.1227,1.0000
980.0000,22.0000,20.9975,0.9999,20.1686,0.3914,1.0000
985.0000,22.0000,20.9976,0.9999,20.1686,0.6053,1.0000
990.0000,22.0000,20.9976,0.9999,20.1695,0.6745,1.0000
995.0000,22.0000,20.9977,0.9999,20.1711,0.5566,1.0000
