t,y,error,u
0.000000,0.000000,1.000000,3.085212
0.010000,0.000153,1.000000,3.705428
0.020000,0.000639,0.999847,3.796812
0.030000,0.001489,0.999361,3.775018
0.040000,0.002699,0.998511,3.729285
0.050000,0.004262,0.997301,3.678775
0.060000,0.006167,0.995738,3.627609
0.070000,0.008404,0.993833,3.576674
0.080000,0.010963,0.991596,3.526168
0.090000,0.013834,0.989037,3.476137
0.100000,0.017006,0.986166,3.426596
0.110000,0.020470,0.982994,3.377551
0.120000,0.024217,0.979530,3.329009
0.130000,0.028236,0.975783,3.280974
0.140000,0.032520,0.971764,3.233451
0.150000,0.037058,0.967480,3.186443
0.160000,0.041843,0.962942,3.139954
0.170000,0.046864,0.958157,3.093988
0.180000,0.052114,0.953136,3.048548
0.190000,0.057583,0.947886,3.003636
0.200000,0.063264,0.942417,2.959255
0.210000,0.069149,0.936736,2.915408
0.220000,0.075229,0.930851,2.872096
0.230000,0.081497,0.924771,2.829322
0.240000,0.087945,0.918503,2.787086
0.250000,0.094565,0.912055,2.745390
0.260000,0.101350,0.905435,2.704234
0.270000,0.108292,0.898650,2.663620
0.280000,0.115386,0.891708,2.623549
0.290000,0.122622,0.884614,2.584019
0.300000,0.129995,0.877378,2.545032
0.310000,0.137499,0.870005,2.506588
0.320000,0.145125,0.862501,2.468685
0.330000,0.152869,0.854875,2.431323
0.340000,0.160723,0.847131,2.394503
0.350000,0.168682,0.839277,2.358222
0.360000,0.176739,0.831318,2.322479
0.370000,0.184889,0.823261,2.287274
0.380000,0.193125,0.815111,2.252605
0.390000,0.201443,0.806875,2.218469
0.400000,0.209837,0.798557,2.184867
0.410000,0.218300,0.790163,2.151794
0.420000,0.226829,0.781700,2.119250
0.430000,0.235417,0.773171,2.087232
0.440000,0.244061,0.764583,2.055738
0.450000,0.252754,0.755939,2.024765
0.460000,0.261493,0.747246,1.994311
0.470000,0.270272,0.738507,1.964372
0.480000,0.279087,0.729728,1.934946
0.490000,0.287933,0.720913,1.906030
0.500000,0.296807,0.712067,1.877620
0.510000,0.305704,0.703193,1.849714
0.520000,0.314620,0.694296,1.822308
0.530000,0.323550,0.685380,1.795399
0.540000,0.332492,0.676450,1.768983
0.550000,0.341441,0.667508,1.743056
0.560000,0.350393,0.658559,1.717616
0.570000,0.359346,0.649607,1.692657
0.580000,0.368295,0.640654,1.668176
0.590000,0.377237,0.631705,1.644169
0.600000,0.386169,0.622763,1.620632
0.610000,0.395088,0.613831,1.597562
0.620000,0.403990,0.604912,1.574953
0.630000,0.412873,0.596010,1.552802
0.640000,0.421734,0.587127,1.531104
0.650000,0.430569,0.578266,1.509854
0.660000,0.439377,0.569431,1.489050
0.670000,0.448155,0.560623,1.468686
0.680000,0.456899,0.551845,1.448757
0.690000,0.465608,0.543101,1.429259
0.700000,0.474279,0.534392,1.410188
0.710000,0.482910,0.525721,1.391539
0.720000,0.491498,0.517090,1.373307
0.730000,0.500042,0.508502,1.355487
0.740000,0.508540,0.499958,1.338076
0.750000,0.516989,0.491460,1.321068
0.760000,0.525387,0.483011,1.304458
0.770000,0.533734,0.474613,1.288241
0.780000,0.542026,0.466266,1.272414
0.790000,0.550262,0.457974,1.256971
0.800000,0.558441,0.449738,1.241907
0.810000,0.566561,0.441559,1.227217
0.820000,0.574621,0.433439,1.212897
0.830000,0.582619,0.425379,1.198941
0.840000,0.590554,0.417381,1.185346
0.850000,0.598424,0.409446,1.172105
0.860000,0.606228,0.401576,1.159215
0.870000,0.613965,0.393772,1.146670
0.880000,0.621635,0.386035,1.134465
0.890000,0.629235,0.378365,1.122596
0.900000,0.636765,0.370765,1.111058
0.910000,0.644224,0.363235,1.099845
0.920000,0.651612,0.355776,1.088954
0.930000,0.658926,0.348388,1.078379
0.940000,0.666167,0.341074,1.068115
0.950000,0.673333,0.333833,1.058158
0.960000,0.680425,0.326667,1.048503
0.970000,0.687440,0.319575,1.039146
0.980000,0.694380,0.312560,1.030080
0.990000,0.701243,0.305620,1.021302
1.000000,0.708028,0.298757,1.012808
1.010000,0.714736,0.291972,1.004592
1.020000,0.721366,0.285264,0.996649
1.030000,0.727917,0.278634,0.988975
1.040000,0.734389,0.272083,0.981566
1.050000,0.740782,0.265611,0.974417
1.060000,0.747096,0.259218,0.967523
1.070000,0.753330,0.252904,0.960881
1.080000,0.759484,0.246670,0.954484
1.090000,0.765559,0.240516,0.948329
1.100000,0.771553,0.234441,0.942412
1.110000,0.777467,0.228447,0.936728
1.120000,0.783301,0.222533,0.931273
1.130000,0.789055,0.216699,0.926042
1.140000,0.794729,0.210945,0.921031
1.150000,0.800322,0.205271,0.916237
1.160000,0.805836,0.199678,0.911653
1.170000,0.811270,0.194164,0.907278
1.180000,0.816624,0.188730,0.903105
1.190000,0.821898,0.183376,0.899132
1.200000,0.827094,0.178102,0.895354
1.210000,0.832209,0.172906,0.891768
1.220000,0.837246,0.167791,0.888368
1.230000,0.842205,0.162754,0.885152
1.240000,0.847085,0.157795,0.882114
1.250000,0.851887,0.152915,0.879253
1.260000,0.856611,0.148113,0.876563
1.270000,0.861258,0.143389,0.874040
1.280000,0.865828,0.138742,0.871682
1.290000,0.870321,0.134172,0.869484
1.300000,0.874738,0.129679,0.867443
1.310000,0.879080,0.125262,0.865555
1.320000,0.883346,0.120920,0.863816
1.330000,0.887537,0.116654,0.862224
1.340000,0.891654,0.112463,0.860773
1.350000,0.895697,0.108346,0.859462
1.360000,0.899667,0.104303,0.858287
1.370000,0.903563,0.100333,0.857244
1.380000,0.907388,0.096437,0.856329
1.390000,0.911141,0.092612,0.855541
1.400000,0.914823,0.088859,0.854875
1.410000,0.918434,0.085177,0.854328
1.420000,0.921975,0.081566,0.853897
1.430000,0.925446,0.078025,0.853579
1.440000,0.928849,0.074554,0.853371
1.450000,0.932184,0.071151,0.853270
1.460000,0.935451,0.067816,0.853273
1.470000,0.938651,0.064549,0.853377
1.480000,0.941785,0.061349,0.853579
1.490000,0.944853,0.058215,0.853877
1.500000,0.947857,0.055147,0.854267
1.510000,0.950796,0.052143,0.854747
1.520000,0.953671,0.049204,0.855314
1.530000,0.956483,0.046329,0.855965
1.540000,0.959234,0.043517,0.856698
1.550000,0.961922,0.040766,0.857510
1.560000,0.964550,0.038078,0.858399
1.570000,0.967117,0.035450,0.859361
1.580000,0.969625,0.032883,0.860396
1.590000,0.972074,0.030375,0.861500
1.600000,0.974465,0.027926,0.862670
1.610000,0.976798,0.025535,0.863905
1.620000,0.979075,0.023202,0.865203
1.630000,0.981296,0.020925,0.866560
1.640000,0.983462,0.018704,0.867975
1.650000,0.985573,0.016538,0.869446
1.660000,0.987630,0.014427,0.870970
1.670000,0.989634,0.012370,0.872545
1.680000,0.991586,0.010366,0.874170
1.690000,0.993486,0.008414,0.875842
1.700000,0.995335,0.006514,0.877559
1.710000,0.997134,0.004665,0.879320
1.720000,0.998883,0.002866,0.881122
1.730000,1.000584,0.001117,0.882963
1.740000,1.002236,-0.000584,0.884843
1.750000,1.003841,-0.002236,0.886758
1.760000,1.005400,-0.003841,0.888708
1.770000,1.006912,-0.005400,0.890690
1.780000,1.008379,-0.006912,0.892703
1.790000,1.009802,-0.008379,0.894745
1.800000,1.011180,-0.009802,0.896815
1.810000,1.012516,-0.011180,0.898910
1.820000,1.013809,-0.012516,0.901030
1.830000,1.015061,-0.013809,0.903173
1.840000,1.016271,-0.015061,0.905338
1.850000,1.017441,-0.016271,0.907522
1.860000,1.018571,-0.017441,0.909725
1.870000,1.019662,-0.018571,0.911945
1.880000,1.020715,-0.019662,0.914181
1.890000,1.021730,-0.020715,0.916432
1.900000,1.022709,-0.021730,0.918696
1.910000,1.023650,-0.022709,0.920971
1.920000,1.024557,-0.023650,0.923258
1.930000,1.025428,-0.024557,0.925554
1.940000,1.026265,-0.025428,0.927859
1.950000,1.027067,-0.026265,0.930171
1.960000,1.027837,-0.027067,0.932489
1.970000,1.028575,-0.027837,0.934812
1.980000,1.029280,-0.028575,0.937140
1.990000,1.029955,-0.029280,0.939470
2.000000,1.030598,-0.029955,0.941803
2.010000,1.031212,-0.030598,0.944136
2.020000,1.031797,-0.031212,0.946470
2.030000,1.032352,-0.031797,0.948803
2.040000,1.032880,-0.032352,0.951135
2.050000,1.033379,-0.032880,0.953464
2.060000,1.033852,-0.033379,0.955790
2.070000,1.034298,-0.033852,0.958111
2.080000,1.034719,-0.034298,0.960428
2.090000,1.035114,-0.034719,0.962739
2.100000,1.035485,-0.035114,0.965043
2.110000,1.035831,-0.035485,0.967341
2.120000,1.036153,-0.035831,0.969631
2.130000,1.036453,-0.036153,0.971912
2.140000,1.036730,-0.036453,0.974184
2.150000,1.036985,-0.036730,0.976446
2.160000,1.037218,-0.036985,0.978698
2.170000,1.037430,-0.037218,0.980939
2.180000,1.037622,-0.037430,0.983169
2.190000,1.037794,-0.037622,0.985386
2.200000,1.037946,-0.037794,0.987591
2.210000,1.038079,-0.037946,0.989783
2.220000,1.038194,-0.038079,0.991962
2.230000,1.038291,-0.038194,0.994126
2.240000,1.038370,-0.038291,0.996276
2.250000,1.038432,-0.038370,0.998411
2.260000,1.038478,-0.038432,1.000531
2.270000,1.038507,-0.038478,1.002635
2.280000,1.038520,-0.038507,1.004723
2.290000,1.038518,-0.038520,1.006794
2.300000,1.038502,-0.038518,1.008849
2.310000,1.038470,-0.038502,1.010887
2.320000,1.038425,-0.038470,1.012907
2.330000,1.038366,-0.038425,1.014910
2.340000,1.038294,-0.038366,1.016895
2.350000,1.038209,-0.038294,1.018861
2.360000,1.038112,-0.038209,1.020809
2.370000,1.038002,-0.038112,1.022738
2.380000,1.037881,-0.038002,1.024649
2.390000,1.037749,-0.037881,1.026540
2.400000,1.037605,-0.037749,1.028412
2.410000,1.037451,-0.037605,1.030264
2.420000,1.037287,-0.037451,1.032097
2.430000,1.037114,-0.037287,1.033910
2.440000,1.036930,-0.037114,1.035703
2.450000,1.036738,-0.036930,1.037475
2.460000,1.036536,-0.036738,1.039228
2.470000,1.036326,-0.036536,1.040960
2.480000,1.036108,-0.036326,1.042672
2.490000,1.035882,-0.036108,1.044363
2.500000,1.035649,-0.035882,1.046033
2.510000,1.035408,-0.035649,1.047683
2.520000,1.035160,-0.035408,1.049312
2.530000,1.034906,-0.035160,1.050921
2.540000,1.034645,-0.034906,1.052508
2.550000,1.034378,-0.034645,1.054075
2.560000,1.034105,-0.034378,1.055620
2.570000,1.033827,-0.034105,1.057145
2.580000,1.033543,-0.033827,1.058649
2.590000,1.033255,-0.033543,1.060132
2.600000,1.032962,-0.033255,1.061594
2.610000,1.032664,-0.032962,1.063036
2.620000,1.032361,-0.032664,1.064456
2.630000,1.032055,-0.032361,1.065856
2.640000,1.031745,-0.032055,1.067235
2.650000,1.031432,-0.031745,1.068593
2.660000,1.031115,-0.031432,1.069931
2.670000,1.030794,-0.031115,1.071248
2.680000,1.030471,-0.030794,1.072544
2.690000,1.030146,-0.030471,1.073820
2.700000,1.029817,-0.030146,1.075076
2.710000,1.029487,-0.029817,1.076311
2.720000,1.029154,-0.029487,1.077526
2.730000,1.028819,-0.029154,1.078721
2.740000,1.028483,-0.028819,1.079897
2.750000,1.028144,-0.028483,1.081052
2.760000,1.027805,-0.028144,1.082187
2.770000,1.027464,-0.027805,1.083303
2.780000,1.027123,-0.027464,1.084400
2.790000,1.026780,-0.027123,1.085476
2.800000,1.026436,-0.026780,1.086534
2.810000,1.026093,-0.026436,1.087573
2.820000,1.025748,-0.026093,1.088592
2.830000,1.025403,-0.025748,1.089593
2.840000,1.025058,-0.025403,1.090574
2.850000,1.024714,-0.025058,1.091538
2.860000,1.024369,-0.024714,1.092483
2.870000,1.024024,-0.024369,1.093409
2.880000,1.023680,-0.024024,1.094318
2.890000,1.023337,-0.023680,1.095208
2.900000,1.022993,-0.023337,1.096081
2.910000,1.022651,-0.022993,1.096936
2.920000,1.022310,-0.022651,1.097773
2.930000,1.021969,-0.022310,1.098594
2.940000,1.021630,-0.021969,1.099397
2.950000,1.021292,-0.021630,1.100183
2.960000,1.020955,-0.021292,1.100952
2.970000,1.020619,-0.020955,1.101705
2.980000,1.020285,-0.020619,1.102441
2.990000,1.019952,-0.020285,1.103161
3.000000,1.019621,-0.019952,1.103865
3.010000,1.019292,-0.019621,1.104553
3.020000,1.018964,-0.019292,1.105225
3.030000,1.018639,-0.018964,1.105882
3.040000,1.018315,-0.018639,1.106523
3.050000,1.017993,-0.018315,1.107150
3.060000,1.017673,-0.017993,1.107761
3.070000,1.017356,-0.017673,1.108357
3.080000,1.017041,-0.017356,1.108939
3.090000,1.016728,-0.017041,1.109506
3.100000,1.016417,-0.016728,1.110059
3.110000,1.016109,-0.016417,1.110598
3.120000,1.015803,-0.016109,1.111123
3.130000,1.015499,-0.015803,1.111634
3.140000,1.015198,-0.015499,1.112132
3.150000,1.014900,-0.015198,1.112617
3.160000,1.014604,-0.014900,1.113088
3.170000,1.014311,-0.014604,1.113547
3.180000,1.014021,-0.014311,1.113992
3.190000,1.013733,-0.014021,1.114426
3.200000,1.013448,-0.013733,1.114846
3.210000,1.013166,-0.013448,1.115255
3.220000,1.012887,-0.013166,1.115651
3.230000,1.012611,-0.012887,1.116036
3.240000,1.012337,-0.012611,1.116409
3.250000,1.012067,-0.012337,1.116771
3.260000,1.011799,-0.012067,1.117121
3.270000,1.011534,-0.011799,1.117460
3.280000,1.011273,-0.011534,1.117789
3.290000,1.011014,-0.011273,1.118106
3.300000,1.010758,-0.011014,1.118413
3.310000,1.010506,-0.010758,1.118710
3.320000,1.010256,-0.010506,1.118996
3.330000,1.010010,-0.010256,1.119272
3.340000,1.009766,-0.010010,1.119539
3.350000,1.009526,-0.009766,1.119796
3.360000,1.009288,-0.009526,1.120043
3.370000,1.009054,-0.009288,1.120281
3.380000,1.008823,-0.009054,1.120510
3.390000,1.008595,-0.008823,1.120730
3.400000,1.008369,-0.008595,1.120941
3.410000,1.008148,-0.008369,1.121143
3.420000,1.007929,-0.008148,1.121337
3.430000,1.007713,-0.007929,1.121522
3.440000,1.007500,-0.007713,1.121700
3.450000,1.007291,-0.007500,1.121869
3.460000,1.007084,-0.007291,1.122031
3.470000,1.006880,-0.007084,1.122184
3.480000,1.006680,-0.006880,1.122331
3.490000,1.006483,-0.006680,1.122470
3.500000,1.006288,-0.006483,1.122601
3.510000,1.006097,-0.006288,1.122726
3.520000,1.005909,-0.006097,1.122843
3.530000,1.005723,-0.005909,1.122954
3.540000,1.005541,-0.005723,1.123059
3.550000,1.005362,-0.005541,1.123156
3.560000,1.005186,-0.005362,1.123248
3.570000,1.005012,-0.005186,1.123333
3.580000,1.004842,-0.005012,1.123412
3.590000,1.004674,-0.004842,1.123486
3.600000,1.004510,-0.004674,1.123553
3.610000,1.004348,-0.004510,1.123615
3.620000,1.004189,-0.004348,1.123671
3.630000,1.004033,-0.004189,1.123722
3.640000,1.003880,-0.004033,1.123768
3.650000,1.003729,-0.003880,1.123809
3.660000,1.003582,-0.003729,1.123844
3.670000,1.003437,-0.003582,1.123875
3.680000,1.003295,-0.003437,1.123901
3.690000,1.003155,-0.003295,1.123923
3.700000,1.003019,-0.003155,1.123940
3.710000,1.002885,-0.003019,1.123953
3.720000,1.002753,-0.002885,1.123961
3.730000,1.002625,-0.002753,1.123965
3.740000,1.002499,-0.002625,1.123966
3.750000,1.002375,-0.002499,1.123962
3.760000,1.002254,-0.002375,1.123954
3.770000,1.002136,-0.002254,1.123943
3.780000,1.002020,-0.002136,1.123929
3.790000,1.001906,-0.002020,1.123911
3.800000,1.001795,-0.001906,1.123889
3.810000,1.001687,-0.001795,1.123864
3.820000,1.001581,-0.001687,1.123836
3.830000,1.001477,-0.001581,1.123805
3.840000,1.001375,-0.001477,1.123771
3.850000,1.001276,-0.001375,1.123734
3.860000,1.001179,-0.001276,1.123695
3.870000,1.001085,-0.001179,1.123653
3.880000,1.000992,-0.001085,1.123608
3.890000,1.000902,-0.000992,1.123560
3.900000,1.000814,-0.000902,1.123511
3.910000,1.000729,-0.000814,1.123459
3.920000,1.000645,-0.000729,1.123404
3.930000,1.000563,-0.000645,1.123348
3.940000,1.000484,-0.000563,1.123289
3.950000,1.000407,-0.000484,1.123229
3.960000,1.000331,-0.000407,1.123166
3.970000,1.000258,-0.000331,1.123102
3.980000,1.000186,-0.000258,1.123036
3.990000,1.000117,-0.000186,1.122969
4.000000,1.000049,-0.000117,1.122899
4.010000,0.999984,-0.000049,1.122828
4.020000,0.999920,0.000016,1.122756
4.030000,0.999858,0.000080,1.122683
4.040000,0.999798,0.000142,1.122608
4.050000,0.999739,0.000202,1.122531
4.060000,0.999683,0.000261,1.122454
4.070000,0.999628,0.000317,1.122375
4.080000,0.999574,0.000372,1.122296
4.090000,0.999523,0.000426,1.122215
4.100000,0.999473,0.000477,1.122133
4.110000,0.999424,0.000527,1.122051
4.120000,0.999378,0.000576,1.121968
4.130000,0.999332,0.000622,1.121884
4.140000,0.999289,0.000668,1.121799
4.150000,0.999246,0.000711,1.121713
4.160000,0.999206,0.000754,1.121627
4.170000,0.999167,0.000794,1.121541
4.180000,0.999129,0.000833,1.121453
4.190000,0.999092,0.000871,1.121366
4.200000,0.999057,0.000908,1.121278
4.210000,0.999024,0.000943,1.121189
4.220000,0.998991,0.000976,1.121101
4.230000,0.998960,0.001009,1.121011
4.240000,0.998930,0.001040,1.120922
4.250000,0.998902,0.001070,1.120833
4.260000,0.998875,0.001098,1.120743
4.270000,0.998848,0.001125,1.120653
4.280000,0.998824,0.001152,1.120563
4.290000,0.998800,0.001176,1.120474
4.300000,0.998777,0.001200,1.120384
4.310000,0.998756,0.001223,1.120294
4.320000,0.998735,0.001244,1.120204
4.330000,0.998716,0.001265,1.120114
4.340000,0.998698,0.001284,1.120025
4.350000,0.998680,0.001302,1.119935
4.360000,0.998664,0.001320,1.119846
4.370000,0.998649,0.001336,1.119757
4.380000,0.998634,0.001351,1.119668
4.390000,0.998621,0.001366,1.119579
4.400000,0.998608,0.001379,1.119491
4.410000,0.998597,0.001392,1.119403
4.420000,0.998586,0.001403,1.119316
4.430000,0.998576,0.001414,1.119229
4.440000,0.998567,0.001424,1.119142
4.450000,0.998559,0.001433,1.119055
4.460000,0.998551,0.001441,1.118969
4.470000,0.998545,0.001449,1.118884
4.480000,0.998539,0.001455,1.118799
4.490000,0.998533,0.001461,1.118715
4.500000,0.998529,0.001467,1.118631
4.510000,0.998525,0.001471,1.118547
4.520000,0.998522,0.001475,1.118464
4.530000,0.998520,0.001478,1.118382
4.540000,0.998518,0.001480,1.118300
4.550000,0.998517,0.001482,1.118219
4.560000,0.998516,0.001483,1.118139
4.570000,0.998516,0.001484,1.118059
4.580000,0.998517,0.001484,1.117980
4.590000,0.998518,0.001483,1.117901
4.600000,0.998520,0.001482,1.117823
4.610000,0.998522,0.001480,1.117746
4.620000,0.998524,0.001478,1.117669
4.630000,0.998528,0.001476,1.117593
4.640000,0.998531,0.001472,1.117518
4.650000,0.998536,0.001469,1.117444
4.660000,0.998540,0.001464,1.117370
4.670000,0.998545,0.001460,1.117297
4.680000,0.998551,0.001455,1.117225
4.690000,0.998557,0.001449,1.117154
4.700000,0.998563,0.001443,1.117083
4.710000,0.998570,0.001437,1.117013
4.720000,0.998577,0.001430,1.116944
4.730000,0.998584,0.001423,1.116876
4.740000,0.998592,0.001416,1.116808
4.750000,0.998600,0.001408,1.116741
4.760000,0.998608,0.001400,1.116675
4.770000,0.998617,0.001392,1.116610
4.780000,0.998626,0.001383,1.116546
4.790000,0.998635,0.001374,1.116482
4.800000,0.998645,0.001365,1.116419
4.810000,0.998654,0.001355,1.116357
4.820000,0.998664,0.001346,1.116296
4.830000,0.998675,0.001336,1.116235
4.840000,0.998685,0.001325,1.116176
4.850000,0.998696,0.001315,1.116117
4.860000,0.998707,0.001304,1.116059
4.870000,0.998718,0.001293,1.116002
4.880000,0.998729,0.001282,1.115945
4.890000,0.998741,0.001271,1.115890
4.900000,0.998752,0.001259,1.115835
4.910000,0.998764,0.001248,1.115781
4.920000,0.998776,0.001236,1.115728
4.930000,0.998788,0.001224,1.115675
4.940000,0.998800,0.001212,1.115624
4.950000,0.998812,0.001200,1.115573
4.960000,0.998825,0.001188,1.115523
4.970000,0.998837,0.001175,1.115474
4.980000,0.998850,0.001163,1.115425
4.990000,0.998863,0.001150,1.115378
