t_s,G_Wm2,T_amb_C,phi_amb,v_w_ms,m_dot_w_kgs,kr,Tw1_C,Tw2_C,T_ai_C,ma_dot_kgs,Q_cond_kW,W_comp_kW,EER,Me_calc,Me_target,Tc_C,eta_PV,W_PV_W,vi_ms,Q_op_ls,W_pump_W,eta_pump,EER_grid,W_net_kW,ref_Tw1_C,error_Tw1_C
0.000000,920.000000,35.600000,0.350000,3.028000,0.151267,0.850000,13.910847,7.000000,12.273911,0.122055,4.375961,0.575961,6.597673,1.822531,0.662024,57.406482,0.134614,247.689028,3.158876,0.521552,531.943278,0.244171,4.417501,0.860215,40.000000,26.089153
10.000000,920.000000,35.600000,0.350000,3.028000,0.220000,0.850000,11.717633,7.000000,12.084545,0.118913,4.344562,0.544562,6.978080,1.166142,0.581102,59.121984,0.133429,245.508502,2.540630,0.521552,531.943278,0.244171,4.572819,0.830997,40.000000,28.282367
20.000000,920.000000,35.600000,0.350000,3.028000,0.220000,0.850000,11.717633,7.000000,12.084545,0.118913,4.344562,0.544562,6.978080,1.166142,0.581102,59.121984,0.133429,245.508502,2.540630,0.521552,531.943278,0.244171,4.572819,0.830997,40.000000,28.282367
30.000000,920.000000,35.600000,0.350000,3.028000,0.220000,0.850000,11.717633,7.000000,12.084545,0.118913,4.344562,0.544562,6.978080,1.166142,0.581102,59.121984,0.133429,245.508502,2.540630,0.521552,531.943278,0.244171,4.572819,0.830997,40.000000,28.282367
40.000000,920.000000,35.600000,0.350000,3.028000,0.220000,0.850000,11.717633,7.000000,12.084545,0.118913,4.344562,0.544562,6.978080,1.166142,0.581102,59.121984,0.133429,245.508502,2.540630,0.521552,531.943278,0.244171,4.572819,0.830997,40.000000,28.282367
50.000000,920.000000,35.600000,0.350000,3.028000,0.220000,0.850000,11.717633,7.000000,12.084545,0.118913,4.344562,0.544562,6.978080,1.166142,0.581102,59.121984,0.133429,245.508502,2.540630,0.521552,531.943278,0.244171,4.572819,0.830997,40.000000,28.282367
60.000000,920.000000,35.600000,0.350000,3.028000,0.220000,0.850000,11.717633,7.000000,12.084545,0.118913,4.344562,0.544562,6.978080,1.166142,0.581102,59.121984,0.133429,245.508502,2.540630,0.521552,531.943278,0.244171,4.572819,0.830997,40.000000,28.282367
70.000000,920.000000,35.600000,0.350000,3.028000,0.220000,0.850000,11.717633,7.000000,12.084545,0.118913,4.344562,0.544562,6.978080,1.166142,0.581102,59.121984,0.133429,245.508502,2.540630,0.521552,531.943278,0.244171,4.572819,0.830997,40.000000,28.282367
80.000000,920.000000,35.600000,0.350000,3.028000,0.220000,0.850000,11.717633,7.000000,12.084545,0.118913,4.344562,0.544562,6.978080,1.166142,0.581102,59.121984,0.133429,245.508502,2.540630,0.521552,531.943278,0.244171,4.572819,0.830997,40.000000,28.282367
90.000000,920.000000,35.600000,0.350000,3.028000,0.220000,0.850000,11.717633,7.000000,12.084545,0.118913,4.344562,0.544562,6.978080,1.166142,0.581102,59.121984,0.133429,245.508502,2.540630,0.521552,531.943278,0.244171,4.572819,0.830997,40.000000,28.282367
100.000000,920.000000,35.600000,0.350000,3.028000,0.220000,0.850000,11.717633,7.000000,12.084545,0.118913,4.344562,0.544562,6.978080,1.166142,0.581102,59.121984,0.133429,245.508502,2.540630,0.521552,531.943278,0.244171,4.572819,0.830997,40.000000,28.282367
110.000000,920.000000,35.600000,0.350000,3.028000,0.220000,0.850000,11.717633,7.000000,12.084545,0.118913,4.344562,0.544562,6.978080,1.166142,0.581102,59.121984,0.133429,245.508502,2.540630,0.521552,531.943278,0.244171,4.572819,0.830997,40.000000,28.282367
120.000000,920.000000,35.600000,0.350000,3.028000,0.220000,0.850000,11.717633,7.000000,12.084545,0.118913,4.344562,0.544562,6.978080,1.166142,0.581102,59.121984,0.133429,245.508502,2.540630,0.521552,531.943278,0.244171,4.572819,0.830997,40.000000,28.282367
130.000000,920.000000,35.600000,0.350000,3.028000,0.220000,0.850000,11.717633,7.000000,12.084545,0.118913,4.344562,0.544562,6.978080,1.166142,0.581102,59.121984,0.133429,245.508502,2.540630,0.521552,531.943278,0.244171,4.572819,0.830997,40.000000,28.282367
140.000000,920.000000,35.600000,0.350000,3.028000,0.220000,0.850000,11.717633,7.000000,12.084545,0.118913,4.344562,0.544562,6.978080,1.166142,0.581102,59.121984,0.133429,245.508502,2.540630,0.521552,531.943278,0.244171,4.572819,0.830997,40.000000,28.282367
150.000000,920.000000,35.600000,0.350000,3.028000,0.220000,0.850000,11.717633,7.000000,12.084545,0.118913,4.344562,0.544562,6.978080,1.166142,0.581102,59.121984,0.133429,245.508502,2.540630,0.521552,531.943278,0.244171,4.572819,0.830997,40.000000,28.282367
160.000000,920.000000,35.600000,0.350000,3.028000,0.220000,0.850000,11.717633,7.000000,12.084545,0.118913,4.344562,0.544562,6.978080,1.166142,0.581102,59.121984,0.133429,245.508502,2.540630,0.521552,531.943278,0.244171,4.572819,0.830997,40.000000,28.282367
170.000000,920.000000,35.600000,0.350000,3.028000,0.220000,0.850000,11.717633,7.000000,12.084545,0.118913,4.344562,0.544562,6.978080,1.166142,0.581102,59.121984,0.133429,245.508502,2.540630,0.521552,531.943278,0.244171,4.572819,0.830997,40.000000,28.282367
180.000000,920.000000,35.600000,0.350000,3.028000,0.220000,0.850000,11.717633,7.000000,12.084545,0.118913,4.344562,0.544562,6.978080,1.166142,0.581102,59.121984,0.133429,245.508502,2.540630,0.521552,531.943278,0.244171,4.572819,0.830997,40.000000,28.282367
190.000000,920.000000,35.600000,0.350000,3.028000,0.220000,0.850000,11.717633,7.000000,12.084545,0.118913,4.344562,0.544562,6.978080,1.166142,0.581102,59.121984,0.133429,245.508502,2.540630,0.521552,531.943278,0.244171,4.572819,0.830997,40.000000,28.282367
200.000000,920.000000,35.600000,0.350000,3.028000,0.220000,0.850000,11.717633,7.000000,12.084545,0.118913,4.344562,0.544562,6.978080,1.166142,0.581102,59.121984,0.133429,245.508502,2.540630,0.521552,531.943278,0.244171,4.572819,0.830997,40.000000,28.282367
210.000000,920.000000,35.600000,0.350000,3.028000,0.220000,0.850000,11.717633,7.000000,12.084545,0.118913,4.344562,0.544562,6.978080,1.166142,0.581102,59.121984,0.133429,245.508502,2.540630,0.521552,531.943278,0.244171,4.572819,0.830997,40.000000,28.282367
220.000000,920.000000,35.600000,0.350000,3.028000,0.220000,0.850000,11.717633,7.000000,12.084545,0.118913,4.344562,0.544562,6.978080,1.166142,0.581102,59.121984,0.133429,245.508502,2.540630,0.521552,531.943278,0.244171,4.572819,0.830997,40.000000,28.282367
230.000000,920.000000,35.600000,0.350000,3.028000,0.220000,0.850000,11.717633,7.000000,12.084545,0.118913,4.344562,0.544562,6.978080,1.166142,0.581102,59.121984,0.133429,245.508502,2.540630,0.521552,531.943278,0.244171,4.572819,0.830997,40.000000,28.282367
240.000000,920.000000,35.600000,0.350000,3.028000,0.220000,0.850000,11.717633,7.000000,12.084545,0.118913,4.344562,0.544562,6.978080,1.166142,0.581102,59.121984,0.133429,245.508502,2.540630,0.521552,531.943278,0.244171,4.572819,0.830997,40.000000,28.282367
250.000000,920.000000,35.600000,0.350000,3.028000,0.220000,0.850000,11.717633,7.000000,12.084545,0.118913,4.344562,0.544562,6.978080,1.166142,0.581102,59.121984,0.133429,245.508502,2.540630,0.521552,531.943278,0.244171,4.572819,0.830997,40.000000,28.282367
260.000000,920.000000,35.600000,0.350000,3.028000,0.220000,0.850000,11.717633,7.000000,12.084545,0.118913,4.344562,0.544562,6.978080,1.166142,0.581102,59.121984,0.133429,245.508502,2.540630,0.521552,531.943278,0.244171,4.572819,0.830997,40.000000,28.282367
270.000000,920.000000,35.600000,0.350000,3.028000,0.220000,0.850000,11.717633,7.000000,12.084545,0.118913,4.344562,0.544562,6.978080,1.166142,0.581102,59.121984,0.133429,245.508502,2.540630,0.521552,531.943278,0.244171,4.572819,0.830997,40.000000,28.282367
280.000000,920.000000,35.600000,0.350000,3.028000,0.220000,0.850000,11.717633,7.000000,12.084545,0.118913,4.344562,0.544562,6.978080,1.166142,0.581102,59.121984,0.133429,245.508502,2.540630,0.521552,531.943278,0.244171,4.572819,0.830997,40.000000,28.282367
290.000000,920.000000,35.600000,0.350000,3.028000,0.220000,0.850000,11.717633,7.000000,12.084545,0.118913,4.344562,0.544562,6.978080,1.166142,0.581102,59.121984,0.133429,245.508502,2.540630,0.521552,531.943278,0.244171,4.572819,0.830997,40.000000,28.282367
300.000000,920.000000,35.600000,0.350000,3.028000,0.220000,0.850000,11.717633,7.000000,12.084545,0.118913,4.344562,0.544562,6.978080,1.166142,0.581102,59.121984,0.133429,245.508502,2.540630,0.521552,531.943278,0.244171,4.572819,0.830997,40.000000,28.282367
310.000000,920.000000,35.600000,0.350000,3.028000,0.220000,0.850000,11.717633,7.000000,12.084545,0.118913,4.344562,0.544562,6.978080,1.166142,0.581102,59.121984,0.133429,245.508502,2.540630,0.521552,531.943278,0.244171,4.572819,0.830997,40.000000,28.282367
320.000000,920.000000,35.600000,0.350000,3.028000,0.220000,0.850000,11.717633,7.000000,12.084545,0.118913,4.344562,0.544562,6.978080,1.166142,0.581102,59.121984,0.133429,245.508502,2.540630,0.521552,531.943278,0.244171,4.572819,0.830997,40.000000,28.282367
330.000000,920.000000,35.600000,0.350000,3.028000,0.220000,0.850000,11.717633,7.000000,12.084545,0.118913,4.344562,0.544562,6.978080,1.166142,0.581102,59.121984,0.133429,245.508502,2.540630,0.521552,531.943278,0.244171,4.572819,0.830997,40.000000,28.282367
340.000000,920.000000,35.600000,0.350000,3.028000,0.220000,0.850000,11.717633,7.000000,12.084545,0.118913,4.344562,0.544562,6.978080,1.166142,0.581102,59.121984,0.133429,245.508502,2.540630,0.521552,531.943278,0.244171,4.572819,0.830997,40.000000,28.282367
350.000000,920.000000,35.600000,0.350000,3.028000,0.220000,0.850000,11.717633,7.000000,12.084545,0.118913,4.344562,0.544562,6.978080,1.166142,0.581102,59.121984,0.133429,245.508502,2.540630,0.521552,531.943278,0.244171,4.572819,0.830997,40.000000,28.282367
360.000000,920.000000,35.600000,0.350000,3.028000,0.220000,0.850000,11.717633,7.000000,12.084545,0.118913,4.344562,0.544562,6.978080,1.166142,0.581102,59.121984,0.133429,245.508502,2.540630,0.521552,531.943278,0.244171,4.572819,0.830997,40.000000,28.282367
370.000000,920.000000,35.600000,0.350000,3.028000,0.220000,0.850000,11.717633,7.000000,12.084545,0.118913,4.344562,0.544562,6.978080,1.166142,0.581102,59.121984,0.133429,245.508502,2.540630,0.521552,531.943278,0.244171,4.572819,0.830997,40.000000,28.282367
380.000000,920.000000,35.600000,0.350000,3.028000,0.220000,0.850000,11.717633,7.000000,12.084545,0.118913,4.344562,0.544562,6.978080,1.166142,0.581102,59.121984,0.133429,245.508502,2.540630,0.521552,531.943278,0.244171,4.572819,0.830997,40.000000,28.282367
390.000000,920.000000,35.600000,0.350000,3.028000,0.220000,0.850000,11.717633,7.000000,12.084545,0.118913,4.344562,0.544562,6.978080,1.166142,0.581102,59.121984,0.133429,245.508502,2.540630,0.521552,531.943278,0.244171,4.572819,0.830997,40.000000,28.282367
400.000000,920.000000,35.600000,0.350000,3.028000,0.220000,0.850000,11.717633,7.000000,12.084545,0.118913,4.344562,0.544562,6.978080,1.166142,0.581102,59.121984,0.133429,245.508502,2.540630,0.521552,531.943278,0.244171,4.572819,0.830997,40.000000,28.282367
410.000000,920.000000,35.600000,0.350000,3.028000,0.220000,0.850000,11.717633,7.000000,12.084545,0.118913,4.344562,0.544562,6.978080,1.166142,0.581102,59.121984,0.133429,245.508502,2.540630,0.521552,531.943278,0.244171,4.572819,0.830997,40.000000,28.282367
420.000000,920.000000,35.600000,0.350000,3.028000,0.220000,0.850000,11.717633,7.000000,12.084545,0.118913,4.344562,0.544562,6.978080,1.166142,0.581102,59.121984,0.133429,245.508502,2.540630,0.521552,531.943278,0.244171,4.572819,0.830997,40.000000,28.282367
430.000000,920.000000,35.600000,0.350000,3.028000,0.220000,0.850000,11.717633,7.000000,12.084545,0.118913,4.344562,0.544562,6.978080,1.166142,0.581102,59.121984,0.133429,245.508502,2.540630,0.521552,531.943278,0.244171,4.572819,0.830997,40.000000,28.282367
440.000000,920.000000,35.600000,0.350000,3.028000,0.220000,0.850000,11.717633,7.000000,12.084545,0.118913,4.344562,0.544562,6.978080,1.166142,0.581102,59.121984,0.133429,245.508502,2.540630,0.521552,531.943278,0.244171,4.572819,0.830997,40.000000,28.282367
450.000000,920.000000,35.600000,0.350000,3.028000,0.220000,0.850000,11.717633,7.000000,12.084545,0.118913,4.344562,0.544562,6.978080,1.166142,0.581102,59.121984,0.133429,245.508502,2.540630,0.521552,531.943278,0.244171,4.572819,0.830997,40.000000,28.282367
460.000000,920.000000,35.600000,0.350000,3.028000,0.220000,0.850000,11.717633,7.000000,12.084545,0.118913,4.344562,0.544562,6.978080,1.166142,0.581102,59.121984,0.133429,245.508502,2.540630,0.521552,531.943278,0.244171,4.572819,0.830997,40.000000,28.282367
470.000000,920.000000,35.600000,0.350000,3.028000,0.220000,0.850000,11.717633,7.000000,12.084545,0.118913,4.344562,0.544562,6.978080,1.166142,0.581102,59.121984,0.133429,245.508502,2.540630,0.521552,531.943278,0.244171,4.572819,0.830997,40.000000,28.282367
480.000000,920.000000,35.600000,0.350000,3.028000,0.220000,0.850000,11.717633,7.000000,12.084545,0.118913,4.344562,0.544562,6.978080,1.166142,0.581102,59.121984,0.133429,245.508502,2.540630,0.521552,531.943278,0.244171,4.572819,0.830997,40.000000,28.282367
490.000000,920.000000,35.600000,0.350000,3.028000,0.220000,0.850000,11.717633,7.000000,12.084545,0.118913,4.344562,0.544562,6.978080,1.166142,0.581102,59.121984,0.133429,245.508502,2.540630,0.521552,531.943278,0.244171,4.572819,0.830997,40.000000,28.282367
500.000000,920.000000,35.600000,0.350000,3.028000,0.220000,0.850000,11.717633,7.000000,12.084545,0.118913,4.344562,0.544562,6.978080,1.166142,0.581102,59.121984,0.133429,245.508502,2.540630,0.521552,531.943278,0.244171,4.572819,0.830997,40.000000,28.282367
510.000000,920.000000,35.600000,0.350000,3.028000,0.220000,0.850000,11.717633,7.000000,12.084545,0.118913,4.344562,0.544562,6.978080,1.166142,0.581102,59.121984,0.133429,245.508502,2.540630,0.521552,531.943278,0.244171,4.572819,0.830997,40.000000,28.282367
520.000000,920.000000,35.600000,0.350000,3.028000,0.220000,0.850000,11.717633,7.000000,12.084545,0.118913,4.344562,0.544562,6.978080,1.166142,0.581102,59.121984,0.133429,245.508502,2.540630,0.521552,531.943278,0.244171,4.572819,0.830997,40.000000,28.282367
530.000000,920.000000,35.600000,0.350000,3.028000,0.220000,0.850000,11.717633,7.000000,12.084545,0.118913,4.344562,0.544562,6.978080,1.166142,0.581102,59.121984,0.133429,245.508502,2.540630,0.521552,531.943278,0.244171,4.572819,0.830997,40.000000,28.282367
540.000000,920.000000,35.600000,0.350000,3.028000,0.220000,0.850000,11.717633,7.000000,12.084545,0.118913,4.344562,0.544562,6.978080,1.166142,0.581102,59.121984,0.133429,245.508502,2.540630,0.521552,531.943278,0.244171,4.572819,0.830997,40.000000,28.282367
550.000000,920.000000,35.600000,0.350000,3.028000,0.220000,0.850000,11.717633,7.000000,12.084545,0.118913,4.344562,0.544562,6.978080,1.166142,0.581102,59.121984,0.133429,245.508502,2.540630,0.521552,531.943278,0.244171,4.572819,0.830997,40.000000,28.282367
560.000000,920.000000,35.600000,0.350000,3.028000,0.220000,0.850000,11.717633,7.000000,12.084545,0.118913,4.344562,0.544562,6.978080,1.166142,0.581102,59.121984,0.133429,245.508502,2.540630,0.521552,531.943278,0.244171,4.572819,0.830997,40.000000,28.282367
570.000000,920.000000,35.600000,0.350000,3.028000,0.220000,0.850000,11.717633,7.000000,12.084545,0.118913,4.344562,0.544562,6.978080,1.166142,0.581102,59.121984,0.133429,245.508502,2.540630,0.521552,531.943278,0.244171,4.572819,0.830997,40.000000,28.282367
580.000000,920.000000,35.600000,0.350000,3.028000,0.220000,0.850000,11.717633,7.000000,12.084545,0.118913,4.344562,0.544562,6.978080,1.166142,0.581102,59.121984,0.133429,245.508502,2.540630,0.521552,531.943278,0.244171,4.572819,0.830997,40.000000,28.282367
590.000000,920.000000,35.600000,0.350000,3.028000,0.220000,0.850000,11.717633,7.000000,12.084545,0.118913,4.344562,0.544562,6.978080,1.166142,0.581102,59.121984,0.133429,245.508502,2.540630,0.521552,531.943278,0.244171,4.572819,0.830997,40.000000,28.282367
600.000000,920.000000,35.600000,0.350000,3.028000,0.220000,0.850000,11.717633,7.000000,12.084545,0.118913,4.344562,0.544562,6.978080,1.166142,0.581102,59.121984,0.133429,245.508502,2.540630,0.521552,531.943278,0.244171,4.572819,0.830997,40.000000,28.282367
610.000000,920.000000,35.600000,0.350000,3.028000,0.220000,0.850000,11.717633,7.000000,12.084545,0.118913,4.344562,0.544562,6.978080,1.166142,0.581102,59.121984,0.133429,245.508502,2.540630,0.521552,531.943278,0.244171,4.572819,0.830997,40.000000,28.282367
620.000000,920.000000,35.600000,0.350000,3.028000,0.220000,0.850000,11.717633,7.000000,12.084545,0.118913,4.344562,0.544562,6.978080,1.166142,0.581102,59.121984,0.133429,245.508502,2.540630,0.521552,531.943278,0.244171,4.572819,0.830997,40.000000,28.282367
630.000000,920.000000,35.600000,0.350000,3.028000,0.220000,0.850000,11.717633,7.000000,12.084545,0.118913,4.344562,0.544562,6.978080,1.166142,0.581102,59.121984,0.133429,245.508502,2.540630,0.521552,531.943278,0.244171,4.572819,0.830997,40.000000,28.282367
640.000000,920.000000,35.600000,0.350000,3.028000,0.220000,0.850000,11.717633,7.000000,12.084545,0.118913,4.344562,0.544562,6.978080,1.166142,0.581102,59.121984,0.133429,245.508502,2.540630,0.521552,531.943278,0.244171,4.572819,0.830997,40.000000,28.282367
650.000000,920.000000,35.600000,0.350000,3.028000,0.220000,0.850000,11.717633,7.000000,12.084545,0.118913,4.344562,0.544562,6.978080,1.166142,0.581102,59.121984,0.133429,245.508502,2.540630,0.521552,531.943278,0.244171,4.572819,0.830997,40.000000,28.282367
660.000000,920.000000,35.600000,0.350000,3.028000,0.220000,0.850000,11.717633,7.000000,12.084545,0.118913,4.344562,0.544562,6.978080,1.166142,0.581102,59.121984,0.133429,245.508502,2.540630,0.521552,531.943278,0.244171,4.572819,0.830997,40.000000,28.282367
670.000000,920.000000,35.600000,0.350000,3.028000,0.220000,0.850000,11.717633,7.000000,12.084545,0.118913,4.344562,0.544562,6.978080,1.166142,0.581102,59.121984,0.133429,245.508502,2.540630,0.521552,531.943278,0.244171,4.572819,0.830997,40.000000,28.282367
680.000000,920.000000,35.600000,0.350000,3.028000,0.220000,0.850000,11.717633,7.000000,12.084545,0.118913,4.344562,0.544562,6.978080,1.166142,0.581102,59.121984,0.133429,245.508502,2.540630,0.521552,531.943278,0.244171,4.572819,0.830997,40.000000,28.282367
690.000000,920.000000,35.600000,0.350000,3.028000,0.220000,0.850000,11.717633,7.000000,12.084545,0.118913,4.344562,0.544562,6.978080,1.166142,0.581102,59.121984,0.133429,245.508502,2.540630,0.521552,531.943278,0.244171,4.572819,0.830997,40.000000,28.282367
700.000000,920.000000,35.600000,0.350000,3.028000,0.220000,0.850000,11.717633,7.000000,12.084545,0.118913,4.344562,0.544562,6.978080,1.166142,0.581102,59.121984,0.133429,245.508502,2.540630,0.521552,531.943278,0.244171,4.572819,0.830997,40.000000,28.282367
710.000000,920.000000,35.600000,0.350000,3.028000,0.220000,0.850000,11.717633,7.000000,12.084545,0.118913,4.344562,0.544562,6.978080,1.166142,0.581102,59.121984,0.133429,245.508502,2.540630,0.521552,531.943278,0.244171,4.572819,0.830997,40.000000,28.282367
720.000000,920.000000,35.600000,0.350000,3.028000,0.220000,0.850000,11.717633,7.000000,12.084545,0.118913,4.344562,0.544562,6.978080,1.166142,0.581102,59.121984,0.133429,245.508502,2.540630,0.521552,531.943278,0.244171,4.572819,0.830997,40.000000,28.282367
730.000000,920.000000,35.600000,0.350000,3.028000,0.220000,0.850000,11.717633,7.000000,12.084545,0.118913,4.344562,0.544562,6.978080,1.166142,0.581102,59.121984,0.133429,245.508502,2.540630,0.521552,531.943278,0.244171,4.572819,0.830997,40.000000,28.282367
740.000000,920.000000,35.600000,0.350000,3.028000,0.220000,0.850000,11.717633,7.000000,12.084545,0.118913,4.344562,0.544562,6.978080,1.166142,0.581102,59.121984,0.133429,245.508502,2.540630,0.521552,531.943278,0.244171,4.572819,0.830997,40.000000,28.282367
750.000000,920.000000,35.600000,0.350000,3.028000,0.220000,0.850000,11.717633,7.000000,12.084545,0.118913,4.344562,0.544562,6.978080,1.166142,0.581102,59.121984,0.133429,245.508502,2.540630,0.521552,531.943278,0.244171,4.572819,0.830997,40.000000,28.282367
760.000000,920.000000,35.600000,0.350000,3.028000,0.220000,0.850000,11.717633,7.000000,12.084545,0.118913,4.344562,0.544562,6.978080,1.166142,0.581102,59.121984,0.133429,245.508502,2.540630,0.521552,531.943278,0.244171,4.572819,0.830997,40.000000,28.282367
770.000000,920.000000,35.600000,0.350000,3.028000,0.220000,0.850000,11.717633,7.000000,12.084545,0.118913,4.344562,0.544562,6.978080,1.166142,0.581102,59.121984,0.133429,245.508502,2.540630,0.521552,531.943278,0.244171,4.572819,0.830997,40.000000,28.282367
780.000000,920.000000,35.600000,0.350000,3.028000,0.220000,0.850000,11.717633,7.000000,12.084545,0.118913,4.344562,0.544562,6.978080,1.166142,0.581102,59.121984,0.133429,245.508502,2.540630,0.521552,531.943278,0.244171,4.572819,0.830997,40.000000,28.282367
790.000000,920.000000,35.600000,0.350000,3.028000,0.220000,0.850000,11.717633,7.000000,12.084545,0.118913,4.344562,0.544562,6.978080,1.166142,0.581102,59.121984,0.133429,245.508502,2.540630,0.521552,531.943278,0.244171,4.572819,0.830997,40.000000,28.282367
800.000000,920.000000,35.600000,0.350000,3.028000,0.220000,0.850000,11.717633,7.000000,12.084545,0.118913,4.344562,0.544562,6.978080,1.166142,0.581102,59.121984,0.133429,245.508502,2.540630,0.521552,531.943278,0.244171,4.572819,0.830997,40.000000,28.282367
810.000000,920.000000,35.600000,0.350000,3.028000,0.220000,0.850000,11.717633,7.000000,12.084545,0.118913,4.344562,0.544562,6.978080,1.166142,0.581102,59.121984,0.133429,245.508502,2.540630,0.521552,531.943278,0.244171,4.572819,0.830997,40.000000,28.282367
820.000000,920.000000,35.600000,0.350000,3.028000,0.220000,0.850000,11.717633,7.000000,12.084545,0.118913,4.344562,0.544562,6.978080,1.166142,0.581102,59.121984,0.133429,245.508502,2.540630,0.521552,531.943278,0.244171,4.572819,0.830997,40.000000,28.282367
830.000000,920.000000,35.600000,0.350000,3.028000,0.220000,0.850000,11.717633,7.000000,12.084545,0.118913,4.344562,0.544562,6.978080,1.166142,0.581102,59.121984,0.133429,245.508502,2.540630,0.521552,531.943278,0.244171,4.572819,0.830997,40.000000,28.282367
840.000000,920.000000,35.600000,0.350000,3.028000,0.220000,0.850000,11.717633,7.000000,12.084545,0.118913,4.344562,0.544562,6.978080,1.166142,0.581102,59.121984,0.133429,245.508502,2.540630,0.521552,531.943278,0.244171,4.572819,0.830997,40.000000,28.282367
850.000000,920.000000,35.600000,0.350000,3.028000,0.220000,0.850000,11.717633,7.000000,12.084545,0.118913,4.344562,0.544562,6.978080,1.166142,0.581102,59.121984,0.133429,245.508502,2.540630,0.521552,531.943278,0.244171,4.572819,0.830997,40.000000,28.282367
860.000000,920.000000,35.600000,0.350000,3.028000,0.220000,0.850000,11.717633,7.000000,12.084545,0.118913,4.344562,0.544562,6.978080,1.166142,0.581102,59.121984,0.133429,245.508502,2.540630,0.521552,531.943278,0.244171,4.572819,0.830997,40.000000,28.282367
870.000000,920.000000,35.600000,0.350000,3.028000,0.220000,0.850000,11.717633,7.000000,12.084545,0.118913,4.344562,0.544562,6.978080,1.166142,0.581102,59.121984,0.133429,245.508502,2.540630,0.521552,531.943278,0.244171,4.572819,0.830997,40.000000,28.282367
880.000000,920.000000,35.600000,0.350000,3.028000,0.220000,0.850000,11.717633,7.000000,12.084545,0.118913,4.344562,0.544562,6.978080,1.166142,0.581102,59.121984,0.133429,245.508502,2.540630,0.521552,531.943278,0.244171,4.572819,0.830997,40.000000,28.282367
890.000000,920.000000,35.600000,0.350000,3.028000,0.220000,0.850000,11.717633,7.000000,12.084545,0.118913,4.344562,0.544562,6.978080,1.166142,0.581102,59.121984,0.133429,245.508502,2.540630,0.521552,531.943278,0.244171,4.572819,0.830997,40.000000,28.282367
900.000000,920.000000,35.600000,0.350000,3.028000,0.220000,0.850000,11.717633,7.000000,12.084545,0.118913,4.344562,0.544562,6.978080,1.166142,0.581102,59.121984,0.133429,245.508502,2.540630,0.521552,531.943278,0.244171,4.572819,0.830997,40.000000,28.282367
910.000000,920.000000,35.600000,0.350000,3.028000,0.220000,0.850000,11.717633,7.000000,12.084545,0.118913,4.344562,0.544562,6.978080,1.166142,0.581102,59.121984,0.133429,245.508502,2.540630,0.521552,531.943278,0.244171,4.572819,0.830997,40.000000,28.282367
920.000000,920.000000,35.600000,0.350000,3.028000,0.220000,0.850000,11.717633,7.000000,12.084545,0.118913,4.344562,0.544562,6.978080,1.166142,0.581102,59.121984,0.133429,245.508502,2.540630,0.521552,531.943278,0.244171,4.572819,0.830997,40.000000,28.282367
930.000000,920.000000,35.600000,0.350000,3.028000,0.220000,0.850000,11.717633,7.000000,12.084545,0.118913,4.344562,0.544562,6.978080,1.166142,0.581102,59.121984,0.133429,245.508502,2.540630,0.521552,531.943278,0.244171,4.572819,0.830997,40.000000,28.282367
940.000000,920.000000,35.600000,0.350000,3.028000,0.220000,0.850000,11.717633,7.000000,12.084545,0.118913,4.344562,0.544562,6.978080,1.166142,0.581102,59.121984,0.133429,245.508502,2.540630,0.521552,531.943278,0.244171,4.572819,0.830997,40.000000,28.282367
950.000000,920.000000,35.600000,0.350000,3.028000,0.220000,0.850000,11.717633,7.000000,12.084545,0.118913,4.344562,0.544562,6.978080,1.166142,0.581102,59.121984,0.133429,245.508502,2.540630,0.521552,531.943278,0.244171,4.572819,0.830997,40.000000,28.282367
960.000000,920.000000,35.600000,0.350000,3.028000,0.220000,0.850000,11.717633,7.000000,12.084545,0.118913,4.344562,0.544562,6.978080,1.166142,0.581102,59.121984,0.133429,245.508502,2.540630,0.521552,531.943278,0.244171,4.572819,0.830997,40.000000,28.282367
970.000000,920.000000,35.600000,0.350000,3.028000,0.220000,0.850000,11.717633,7.000000,12.084545,0.118913,4.344562,0.544562,6.978080,1.166142,0.581102,59.121984,0.133429,245.508502,2.540630,0.521552,531.943278,0.244171,4.572819,0.830997,40.000000,28.282367
980.000000,920.000000,35.600000,0.350000,3.028000,0.220000,0.850000,11.717633,7.000000,12.084545,0.118913,4.344562,0.544562,6.978080,1.166142,0.581102,59.121984,0.133429,245.508502,2.540630,0.521552,531.943278,0.244171,4.572819,0.830997,40.000000,28.282367
990.000000,920.000000,35.600000,0.350000,3.028000,0.220000,0.850000,11.717633,7.000000,12.084545,0.118913,4.344562,0.544562,6.978080,1.166142,0.581102,59.121984,0.133429,245.508502,2.540630,0.521552,531.943278,0.244171,4.572819,0.830997,40.000000,28.282367
1000.000000,920.000000,35.600000,0.350000,3.028000,0.220000,0.850000,11.717633,7.000000,12.084545,0.118913,4.344562,0.544562,6.978080,1.166142,0.581102,59.121984,0.133429,245.508502,2.540630,0.521552,531.943278,0.244171,4.572819,0.830997,40.000000,28.282367
1010.000000,920.000000,35.600000,0.350000,3.028000,0.220000,0.850000,11.717633,7.000000,12.084545,0.118913,4.344562,0.544562,6.978080,1.166142,0.581102,59.121984,0.133429,245.508502,2.540630,0.521552,531.943278,0.244171,4.572819,0.830997,40.000000,28.282367
1020.000000,920.000000,35.600000,0.350000,3.028000,0.220000,0.850000,11.717633,7.000000,12.084545,0.118913,4.344562,0.544562,6.978080,1.166142,0.581102,59.121984,0.133429,245.508502,2.540630,0.521552,531.943278,0.244171,4.572819,0.830997,40.000000,28.282367
1030.000000,920.000000,35.600000,0.350000,3.028000,0.220000,0.850000,11.717633,7.000000,12.084545,0.118913,4.344562,0.544562,6.978080,1.166142,0.581102,59.121984,0.133429,245.508502,2.540630,0.521552,531.943278,0.244171,4.572819,0.830997,40.000000,28.282367
1040.000000,920.000000,35.600000,0.350000,3.028000,0.220000,0.850000,11.717633,7.000000,12.084545,0.118913,4.344562,0.544562,6.978080,1.166142,0.581102,59.121984,0.133429,245.508502,2.540630,0.521552,531.943278,0.244171,4.572819,0.830997,40.000000,28.282367
1050.000000,920.000000,35.600000,0.350000,3.028000,0.220000,0.850000,11.717633,7.000000,12.084545,0.118913,4.344562,0.544562,6.978080,1.166142,0.581102,59.121984,0.133429,245.508502,2.540630,0.521552,531.943278,0.244171,4.572819,0.830997,40.000000,28.282367
1060.000000,920.000000,35.600000,0.350000,3.028000,0.220000,0.850000,11.717633,7.000000,12.084545,0.118913,4.344562,0.544562,6.978080,1.166142,0.581102,59.121984,0.133429,245.508502,2.540630,0.521552,531.943278,0.244171,4.572819,0.830997,40.000000,28.282367
1070.000000,920.000000,35.600000,0.350000,3.028000,0.220000,0.850000,11.717633,7.000000,12.084545,0.118913,4.344562,0.544562,6.978080,1.166142,0.581102,59.121984,0.133429,245.508502,2.540630,0.521552,531.943278,0.244171,4.572819,0.830997,40.000000,28.282367
1080.000000,920.000000,35.600000,0.350000,3.028000,0.220000,0.850000,11.717633,7.000000,12.084545,0.118913,4.344562,0.544562,6.978080,1.166142,0.581102,59.121984,0.133429,245.508502,2.540630,0.521552,531.943278,0.244171,4.572819,0.830997,40.000000,28.282367
1090.000000,920.000000,35.600000,0.350000,3.028000,0.220000,0.850000,11.717633,7.000000,12.084545,0.118913,4.344562,0.544562,6.978080,1.166142,0.581102,59.121984,0.133429,245.508502,2.540630,0.521552,531.943278,0.244171,4.572819,0.830997,40.000000,28.282367
1100.000000,920.000000,35.600000,0.350000,3.028000,0.220000,0.850000,11.717633,7.000000,12.084545,0.118913,4.344562,0.544562,6.978080,1.166142,0.581102,59.121984,0.133429,245.508502,2.540630,0.521552,531.943278,0.244171,4.572819,0.830997,40.000000,28.282367
1110.000000,920.000000,35.600000,0.350000,3.028000,0.220000,0.850000,11.717633,7.000000,12.084545,0.118913,4.344562,0.544562,6.978080,1.166142,0.581102,59.121984,0.133429,245.508502,2.540630,0.521552,531.943278,0.244171,4.572819,0.830997,40.000000,28.282367
1120.000000,920.000000,35.600000,0.350000,3.028000,0.220000,0.850000,11.717633,7.000000,12.084545,0.118913,4.344562,0.544562,6.978080,1.166142,0.581102,59.121984,0.133429,245.508502,2.540630,0.521552,531.943278,0.244171,4.572819,0.830997,40.000000,28.282367
1130.000000,920.000000,35.600000,0.350000,3.028000,0.220000,0.850000,11.717633,7.000000,12.084545,0.118913,4.344562,0.544562,6.978080,1.166142,0.581102,59.121984,0.133429,245.508502,2.540630,0.521552,531.943278,0.244171,4.572819,0.830997,40.000000,28.282367
1140.000000,920.000000,35.600000,0.350000,3.028000,0.220000,0.850000,11.717633,7.000000,12.084545,0.118913,4.344562,0.544562,6.978080,1.166142,0.581102,59.121984,0.133429,245.508502,2.540630,0.521552,531.943278,0.244171,4.572819,0.830997,40.000000,28.282367
1150.000000,920.000000,35.600000,0.350000,3.028000,0.220000,0.850000,11.717633,7.000000,12.084545,0.118913,4.344562,0.544562,6.978080,1.166142,0.581102,59.121984,0.133429,245.508502,2.540630,0.521552,531.943278,0.244171,4.572819,0.830997,40.000000,28.282367
1160.000000,920.000000,35.600000,0.350000,3.028000,0.220000,0.850000,11.717633,7.000000,12.084545,0.118913,4.344562,0.544562,6.978080,1.166142,0.581102,59.121984,0.133429,245.508502,2.540630,0.521552,531.943278,0.244171,4.572819,0.830997,40.000000,28.282367
1170.000000,920.000000,35.600000,0.350000,3.028000,0.220000,0.850000,11.717633,7.000000,12.084545,0.118913,4.344562,0.544562,6.978080,1.166142,0.581102,59.121984,0.133429,245.508502,2.540630,0.521552,531.943278,0.244171,4.572819,0.830997,40.000000,28.282367
1180.000000,920.000000,35.600000,0.350000,3.028000,0.220000,0.850000,11.717633,7.000000,12.084545,0.118913,4.344562,0.544562,6.978080,1.166142,0.581102,59.121984,0.133429,245.508502,2.540630,0.521552,531.943278,0.244171,4.572819,0.830997,40.000000,28.282367
1190.000000,920.000000,35.600000,0.350000,3.028000,0.220000,0.850000,11.717633,7.000000,12.084545,0.118913,4.344562,0.544562,6.978080,1.166142,0.581102,59.121984,0.133429,245.508502,2.540630,0.521552,531.943278,0.244171,4.572819,0.830997,40.000000,28.282367
1200.000000,920.000000,35.600000,0.350000,3.028000,0.220000,0.850000,11.717633,7.000000,12.084545,0.118913,4.344562,0.544562,6.978080,1.166142,0.581102,59.121984,0.133429,245.508502,2.540630,0.521552,531.943278,0.244171,4.572819,0.830997,40.000000,28.282367
1210.000000,920.000000,35.600000,0.350000,3.028000,0.220000,0.850000,11.717633,7.000000,12.084545,0.118913,4.344562,0.544562,6.978080,1.166142,0.581102,59.121984,0.133429,245.508502,2.540630,0.521552,531.943278,0.244171,4.572819,0.830997,40.000000,28.282367
1220.000000,920.000000,35.600000,0.350000,3.028000,0.220000,0.850000,11.717633,7.000000,12.084545,0.118913,4.344562,0.544562,6.978080,1.166142,0.581102,59.121984,0.133429,245.508502,2.540630,0.521552,531.943278,0.244171,4.572819,0.830997,40.000000,28.282367
1230.000000,920.000000,35.600000,0.350000,3.028000,0.220000,0.850000,11.717633,7.000000,12.084545,0.118913,4.344562,0.544562,6.978080,1.166142,0.581102,59.121984,0.133429,245.508502,2.540630,0.521552,531.943278,0.244171,4.572819,0.830997,40.000000,28.282367
1240.000000,920.000000,35.600000,0.350000,3.028000,0.220000,0.850000,11.717633,7.000000,12.084545,0.118913,4.344562,0.544562,6.978080,1.166142,0.581102,59.121984,0.133429,245.508502,2.540630,0.521552,531.943278,0.244171,4.572819,0.830997,40.000000,28.282367
1250.000000,920.000000,35.600000,0.350000,3.028000,0.220000,0.850000,11.717633,7.000000,12.084545,0.118913,4.344562,0.544562,6.978080,1.166142,0.581102,59.121984,0.133429,245.508502,2.540630,0.521552,531.943278,0.244171,4.572819,0.830997,40.000000,28.282367
1260.000000,920.000000,35.600000,0.350000,3.028000,0.220000,0.850000,11.717633,7.000000,12.084545,0.118913,4.344562,0.544562,6.978080,1.166142,0.581102,59.121984,0.133429,245.508502,2.540630,0.521552,531.943278,0.244171,4.572819,0.830997,40.000000,28.282367
1270.000000,920.000000,35.600000,0.350000,3.028000,0.220000,0.850000,11.717633,7.000000,12.084545,0.118913,4.344562,0.544562,6.978080,1.166142,0.581102,59.121984,0.133429,245.508502,2.540630,0.521552,531.943278,0.244171,4.572819,0.830997,40.000000,28.282367
1280.000000,920.000000,35.600000,0.350000,3.028000,0.220000,0.850000,11.717633,7.000000,12.084545,0.118913,4.344562,0.544562,6.978080,1.166142,0.581102,59.121984,0.133429,245.508502,2.540630,0.521552,531.943278,0.244171,4.572819,0.830997,40.000000,28.282367
1290.000000,920.000000,35.600000,0.350000,3.028000,0.220000,0.850000,11.717633,7.000000,12.084545,0.118913,4.344562,0.544562,6.978080,1.166142,0.581102,59.121984,0.133429,245.508502,2.540630,0.521552,531.943278,0.244171,4.572819,0.830997,40.000000,28.282367
1300.000000,920.000000,35.600000,0.350000,3.028000,0.220000,0.850000,11.717633,7.000000,12.084545,0.118913,4.344562,0.544562,6.978080,1.166142,0.581102,59.121984,0.133429,245.508502,2.540630,0.521552,531.943278,0.244171,4.572819,0.830997,40.000000,28.282367
1310.000000,920.000000,35.600000,0.350000,3.028000,0.220000,0.850000,11.717633,7.000000,12.084545,0.118913,4.344562,0.544562,6.978080,1.166142,0.581102,59.121984,0.133429,245.508502,2.540630,0.521552,531.943278,0.244171,4.572819,0.830997,40.000000,28.282367
1320.000000,920.000000,35.600000,0.350000,3.028000,0.220000,0.850000,11.717633,7.000000,12.084545,0.118913,4.344562,0.544562,6.978080,1.166142,0.581102,59.121984,0.133429,245.508502,2.540630,0.521552,531.943278,0.244171,4.572819,0.830997,40.000000,28.282367
1330.000000,920.000000,35.600000,0.350000,3.028000,0.220000,0.850000,11.717633,7.000000,12.084545,0.118913,4.344562,0.544562,6.978080,1.166142,0.581102,59.121984,0.133429,245.508502,2.540630,0.521552,531.943278,0.244171,4.572819,0.830997,40.000000,28.282367
1340.000000,920.000000,35.600000,0.350000,3.028000,0.220000,0.850000,11.717633,7.000000,12.084545,0.118913,4.344562,0.544562,6.978080,1.166142,0.581102,59.121984,0.133429,245.508502,2.540630,0.521552,531.943278,0.244171,4.572819,0.830997,40.000000,28.282367
1350.000000,920.000000,35.600000,0.350000,3.028000,0.220000,0.850000,11.717633,7.000000,12.084545,0.118913,4.344562,0.544562,6.978080,1.166142,0.581102,59.121984,0.133429,245.508502,2.540630,0.521552,531.943278,0.244171,4.572819,0.830997,40.000000,28.282367
1360.000000,920.000000,35.600000,0.350000,3.028000,0.220000,0.850000,11.717633,7.000000,12.084545,0.118913,4.344562,0.544562,6.978080,1.166142,0.581102,59.121984,0.133429,245.508502,2.540630,0.521552,531.943278,0.244171,4.572819,0.830997,40.000000,28.282367
1370.000000,920.000000,35.600000,0.350000,3.028000,0.220000,0.850000,11.717633,7.000000,12.084545,0.118913,4.344562,0.544562,6.978080,1.166142,0.581102,59.121984,0.133429,245.508502,2.540630,0.521552,531.943278,0.244171,4.572819,0.830997,40.000000,28.282367
1380.000000,920.000000,35.600000,0.350000,3.028000,0.220000,0.850000,11.717633,7.000000,12.084545,0.118913,4.344562,0.544562,6.978080,1.166142,0.581102,59.121984,0.133429,245.508502,2.540630,0.521552,531.943278,0.244171,4.572819,0.830997,40.000000,28.282367
1390.000000,920.000000,35.600000,0.350000,3.028000,0.220000,0.850000,11.717633,7.000000,12.084545,0.118913,4.344562,0.544562,6.978080,1.166142,0.581102,59.121984,0.133429,245.508502,2.540630,0.521552,531.943278,0.244171,4.572819,0.830997,40.000000,28.282367
1400.000000,920.000000,35.600000,0.350000,3.028000,0.220000,0.850000,11.717633,7.000000,12.084545,0.118913,4.344562,0.544562,6.978080,1.166142,0.581102,59.121984,0.133429,245.508502,2.540630,0.521552,531.943278,0.244171,4.572819,0.830997,40.000000,28.282367
1410.000000,920.000000,35.600000,0.350000,3.028000,0.220000,0.850000,11.717633,7.000000,12.084545,0.118913,4.344562,0.544562,6.978080,1.166142,0.581102,59.121984,0.133429,245.508502,2.540630,0.521552,531.943278,0.244171,4.572819,0.830997,40.000000,28.282367
1420.000000,920.000000,35.600000,0.350000,3.028000,0.220000,0.850000,11.717633,7.000000,12.084545,0.118913,4.344562,0.544562,6.978080,1.166142,0.581102,59.121984,0.133429,245.508502,2.540630,0.521552,531.943278,0.244171,4.572819,0.830997,40.000000,28.282367
1430.000000,920.000000,35.600000,0.350000,3.028000,0.220000,0.850000,11.717633,7.000000,12.084545,0.118913,4.344562,0.544562,6.978080,1.166142,0.581102,59.121984,0.133429,245.508502,2.540630,0.521552,531.943278,0.244171,4.572819,0.830997,40.000000,28.282367
1440.000000,920.000000,35.600000,0.350000,3.028000,0.220000,0.850000,11.717633,7.000000,12.084545,0.118913,4.344562,0.544562,6.978080,1.166142,0.581102,59.121984,0.133429,245.508502,2.540630,0.521552,531.943278,0.244171,4.572819,0.830997,40.000000,28.282367
1450.000000,920.000000,35.600000,0.350000,3.028000,0.220000,0.850000,11.717633,7.000000,12.084545,0.118913,4.344562,0.544562,6.978080,1.166142,0.581102,59.121984,0.133429,245.508502,2.540630,0.521552,531.943278,0.244171,4.572819,0.830997,40.000000,28.282367
1460.000000,920.000000,35.600000,0.350000,3.028000,0.220000,0.850000,11.717633,7.000000,12.084545,0.118913,4.344562,0.544562,6.978080,1.166142,0.581102,59.121984,0.133429,245.508502,2.540630,0.521552,531.943278,0.244171,4.572819,0.830997,40.000000,28.282367
1470.000000,920.000000,35.600000,0.350000,3.028000,0.220000,0.850000,11.717633,7.000000,12.084545,0.118913,4.344562,0.544562,6.978080,1.166142,0.581102,59.121984,0.133429,245.508502,2.540630,0.521552,531.943278,0.244171,4.572819,0.830997,40.000000,28.282367
1480.000000,920.000000,35.600000,0.350000,3.028000,0.220000,0.850000,11.717633,7.000000,12.084545,0.118913,4.344562,0.544562,6.978080,1.166142,0.581102,59.121984,0.133429,245.508502,2.540630,0.521552,531.943278,0.244171,4.572819,0.830997,40.000000,28.282367
1490.000000,920.000000,35.600000,0.350000,3.028000,0.220000,0.850000,11.717633,7.000000,12.084545,0.118913,4.344562,0.544562,6.978080,1.166142,0.581102,59.121984,0.133429,245.508502,2.540630,0.521552,531.943278,0.244171,4.572819,0.830997,40.000000,28.282367
1500.000000,920.000000,35.600000,0.350000,3.028000,0.220000,0.850000,11.717633,7.000000,12.084545,0.118913,4.344562,0.544562,6.978080,1.166142,0.581102,59.121984,0.133429,245.508502,2.540630,0.521552,531.943278,0.244171,4.572819,0.830997,40.000000,28.282367
1510.000000,920.000000,35.600000,0.350000,3.028000,0.220000,0.850000,11.717633,7.000000,12.084545,0.118913,4.344562,0.544562,6.978080,1.166142,0.581102,59.121984,0.133429,245.508502,2.540630,0.521552,531.943278,0.244171,4.572819,0.830997,40.000000,28.282367
1520.000000,920.000000,35.600000,0.350000,3.028000,0.220000,0.850000,11.717633,7.000000,12.084545,0.118913,4.344562,0.544562,6.978080,1.166142,0.581102,59.121984,0.133429,245.508502,2.540630,0.521552,531.943278,0.244171,4.572819,0.830997,40.000000,28.282367
1530.000000,920.000000,35.600000,0.350000,3.028000,0.220000,0.850000,11.717633,7.000000,12.084545,0.118913,4.344562,0.544562,6.978080,1.166142,0.581102,59.121984,0.133429,245.508502,2.540630,0.521552,531.943278,0.244171,4.572819,0.830997,40.000000,28.282367
1540.000000,920.000000,35.600000,0.350000,3.028000,0.220000,0.850000,11.717633,7.000000,12.084545,0.118913,4.344562,0.544562,6.978080,1.166142,0.581102,59.121984,0.133429,245.508502,2.540630,0.521552,531.943278,0.244171,4.572819,0.830997,40.000000,28.282367
1550.000000,920.000000,35.600000,0.350000,3.028000,0.220000,0.850000,11.717633,7.000000,12.084545,0.118913,4.344562,0.544562,6.978080,1.166142,0.581102,59.121984,0.133429,245.508502,2.540630,0.521552,531.943278,0.244171,4.572819,0.830997,40.000000,28.282367
1560.000000,920.000000,35.600000,0.350000,3.028000,0.220000,0.850000,11.717633,7.000000,12.084545,0.118913,4.344562,0.544562,6.978080,1.166142,0.581102,59.121984,0.133429,245.508502,2.540630,0.521552,531.943278,0.244171,4.572819,0.830997,40.000000,28.282367
1570.000000,920.000000,35.600000,0.350000,3.028000,0.220000,0.850000,11.717633,7.000000,12.084545,0.118913,4.344562,0.544562,6.978080,1.166142,0.581102,59.121984,0.133429,245.508502,2.540630,0.521552,531.943278,0.244171,4.572819,0.830997,40.000000,28.282367
1580.000000,920.000000,35.600000,0.350000,3.028000,0.220000,0.850000,11.717633,7.000000,12.084545,0.118913,4.344562,0.544562,6.978080,1.166142,0.581102,59.121984,0.133429,245.508502,2.540630,0.521552,531.943278,0.244171,4.572819,0.830997,40.000000,28.282367
1590.000000,920.000000,35.600000,0.350000,3.028000,0.220000,0.850000,11.717633,7.000000,12.084545,0.118913,4.344562,0.544562,6.978080,1.166142,0.581102,59.121984,0.133429,245.508502,2.540630,0.521552,531.943278,0.244171,4.572819,0.830997,40.000000,28.282367
1600.000000,920.000000,35.600000,0.350000,3.028000,0.220000,0.850000,11.717633,7.000000,12.084545,0.118913,4.344562,0.544562,6.978080,1.166142,0.581102,59.121984,0.133429,245.508502,2.540630,0.521552,531.943278,0.244171,4.572819,0.830997,40.000000,28.282367
1610.000000,920.000000,35.600000,0.350000,3.028000,0.220000,0.850000,11.717633,7.000000,12.084545,0.118913,4.344562,0.544562,6.978080,1.166142,0.581102,59.121984,0.133429,245.508502,2.540630,0.521552,531.943278,0.244171,4.572819,0.830997,40.000000,28.282367
1620.000000,920.000000,35.600000,0.350000,3.028000,0.220000,0.850000,11.717633,7.000000,12.084545,0.118913,4.344562,0.544562,6.978080,1.166142,0.581102,59.121984,0.133429,245.508502,2.540630,0.521552,531.943278,0.244171,4.572819,0.830997,40.000000,28.282367
1630.000000,920.000000,35.600000,0.350000,3.028000,0.220000,0.850000,11.717633,7.000000,12.084545,0.118913,4.344562,0.544562,6.978080,1.166142,0.581102,59.121984,0.133429,245.508502,2.540630,0.521552,531.943278,0.244171,4.572819,0.830997,40.000000,28.282367
1640.000000,920.000000,35.600000,0.350000,3.028000,0.220000,0.850000,11.717633,7.000000,12.084545,0.118913,4.344562,0.544562,6.978080,1.166142,0.581102,59.121984,0.133429,245.508502,2.540630,0.521552,531.943278,0.244171,4.572819,0.830997,40.000000,28.282367
1650.000000,920.000000,35.600000,0.350000,3.028000,0.220000,0.850000,11.717633,7.000000,12.084545,0.118913,4.344562,0.544562,6.978080,1.166142,0.581102,59.121984,0.133429,245.508502,2.540630,0.521552,531.943278,0.244171,4.572819,0.830997,40.000000,28.282367
1660.000000,920.000000,35.600000,0.350000,3.028000,0.220000,0.850000,11.717633,7.000000,12.084545,0.118913,4.344562,0.544562,6.978080,1.166142,0.581102,59.121984,0.133429,245.508502,2.540630,0.521552,531.943278,0.244171,4.572819,0.830997,40.000000,28.282367
1670.000000,920.000000,35.600000,0.350000,3.028000,0.220000,0.850000,11.717633,7.000000,12.084545,0.118913,4.344562,0.544562,6.978080,1.166142,0.581102,59.121984,0.133429,245.508502,2.540630,0.521552,531.943278,0.244171,4.572819,0.830997,40.000000,28.282367
1680.000000,920.000000,35.600000,0.350000,3.028000,0.220000,0.850000,11.717633,7.000000,12.084545,0.118913,4.344562,0.544562,6.978080,1.166142,0.581102,59.121984,0.133429,245.508502,2.540630,0.521552,531.943278,0.244171,4.572819,0.830997,40.000000,28.282367
1690.000000,920.000000,35.600000,0.350000,3.028000,0.220000,0.850000,11.717633,7.000000,12.084545,0.118913,4.344562,0.544562,6.978080,1.166142,0.581102,59.121984,0.133429,245.508502,2.540630,0.521552,531.943278,0.244171,4.572819,0.830997,40.000000,28.282367
1700.000000,920.000000,35.600000,0.350000,3.028000,0.220000,0.850000,11.717633,7.000000,12.084545,0.118913,4.344562,0.544562,6.978080,1.166142,0.581102,59.121984,0.133429,245.508502,2.540630,0.521552,531.943278,0.244171,4.572819,0.830997,40.000000,28.282367
1710.000000,920.000000,35.600000,0.350000,3.028000,0.220000,0.850000,11.717633,7.000000,12.084545,0.118913,4.344562,0.544562,6.978080,1.166142,0.581102,59.121984,0.133429,245.508502,2.540630,0.521552,531.943278,0.244171,4.572819,0.830997,40.000000,28.282367
1720.000000,920.000000,35.600000,0.350000,3.028000,0.220000,0.850000,11.717633,7.000000,12.084545,0.118913,4.344562,0.544562,6.978080,1.166142,0.581102,59.121984,0.133429,245.508502,2.540630,0.521552,531.943278,0.244171,4.572819,0.830997,40.000000,28.282367
1730.000000,920.000000,35.600000,0.350000,3.028000,0.220000,0.850000,11.717633,7.000000,12.084545,0.118913,4.344562,0.544562,6.978080,1.166142,0.581102,59.121984,0.133429,245.508502,2.540630,0.521552,531.943278,0.244171,4.572819,0.830997,40.000000,28.282367
1740.000000,920.000000,35.600000,0.350000,3.028000,0.220000,0.850000,11.717633,7.000000,12.084545,0.118913,4.344562,0.544562,6.978080,1.166142,0.581102,59.121984,0.133429,245.508502,2.540630,0.521552,531.943278,0.244171,4.572819,0.830997,40.000000,28.282367
1750.000000,920.000000,35.600000,0.350000,3.028000,0.220000,0.850000,11.717633,7.000000,12.084545,0.118913,4.344562,0.544562,6.978080,1.166142,0.581102,59.121984,0.133429,245.508502,2.540630,0.521552,531.943278,0.244171,4.572819,0.830997,40.000000,28.282367
1760.000000,920.000000,35.600000,0.350000,3.028000,0.220000,0.850000,11.717633,7.000000,12.084545,0.118913,4.344562,0.544562,6.978080,1.166142,0.581102,59.121984,0.133429,245.508502,2.540630,0.521552,531.943278,0.244171,4.572819,0.830997,40.000000,28.282367
1770.000000,920.000000,35.600000,0.350000,3.028000,0.220000,0.850000,11.717633,7.000000,12.084545,0.118913,4.344562,0.544562,6.978080,1.166142,0.581102,59.121984,0.133429,245.508502,2.540630,0.521552,531.943278,0.244171,4.572819,0.830997,40.000000,28.282367
1780.000000,920.000000,35.600000,0.350000,3.028000,0.220000,0.850000,11.717633,7.000000,12.084545,0.118913,4.344562,0.544562,6.978080,1.166142,0.581102,59.121984,0.133429,245.508502,2.540630,0.521552,531.943278,0.244171,4.572819,0.830997,40.000000,28.282367
1790.000000,920.000000,35.600000,0.350000,3.028000,0.220000,0.850000,11.717633,7.000000,12.084545,0.118913,4.344562,0.544562,6.978080,1.166142,0.581102,59.121984,0.133429,245.508502,2.540630,0.521552,531.943278,0.244171,4.572819,0.830997,40.000000,28.282367
1800.000000,920.000000,35.600000,0.350000,3.028000,0.220000,0.850000,11.717633,7.000000,12.084545,0.118913,4.344562,0.544562,6.978080,1.166142,0.581102,59.121984,0.133429,245.508502,2.540630,0.521552,531.943278,0.244171,4.572819,0.830997,40.000000,28.282367
1810.000000,920.000000,35.600000,0.350000,3.028000,0.220000,0.850000,11.717633,7.000000,12.084545,0.118913,4.344562,0.544562,6.978080,1.166142,0.581102,59.121984,0.133429,245.508502,2.540630,0.521552,531.943278,0.244171,4.572819,0.830997,40.000000,28.282367
1820.000000,920.000000,35.600000,0.350000,3.028000,0.220000,0.850000,11.717633,7.000000,12.084545,0.118913,4.344562,0.544562,6.978080,1.166142,0.581102,59.121984,0.133429,245.508502,2.540630,0.521552,531.943278,0.244171,4.572819,0.830997,40.000000,28.282367
1830.000000,920.000000,35.600000,0.350000,3.028000,0.220000,0.850000,11.717633,7.000000,12.084545,0.118913,4.344562,0.544562,6.978080,1.166142,0.581102,59.121984,0.133429,245.508502,2.540630,0.521552,531.943278,0.244171,4.572819,0.830997,40.000000,28.282367
1840.000000,920.000000,35.600000,0.350000,3.028000,0.220000,0.850000,11.717633,7.000000,12.084545,0.118913,4.344562,0.544562,6.978080,1.166142,0.581102,59.121984,0.133429,245.508502,2.540630,0.521552,531.943278,0.244171,4.572819,0.830997,40.000000,28.282367
1850.000000,920.000000,35.600000,0.350000,3.028000,0.220000,0.850000,11.717633,7.000000,12.084545,0.118913,4.344562,0.544562,6.978080,1.166142,0.581102,59.121984,0.133429,245.508502,2.540630,0.521552,531.943278,0.244171,4.572819,0.830997,40.000000,28.282367
1860.000000,920.000000,35.600000,0.350000,3.028000,0.220000,0.850000,11.717633,7.000000,12.084545,0.118913,4.344562,0.544562,6.978080,1.166142,0.581102,59.121984,0.133429,245.508502,2.540630,0.521552,531.943278,0.244171,4.572819,0.830997,40.000000,28.282367
1870.000000,920.000000,35.600000,0.350000,3.028000,0.220000,0.850000,11.717633,7.000000,12.084545,0.118913,4.344562,0.544562,6.978080,1.166142,0.581102,59.121984,0.133429,245.508502,2.540630,0.521552,531.943278,0.244171,4.572819,0.830997,40.000000,28.282367
1880.000000,920.000000,35.600000,0.350000,3.028000,0.220000,0.850000,11.717633,7.000000,12.084545,0.118913,4.344562,0.544562,6.978080,1.166142,0.581102,59.121984,0.133429,245.508502,2.540630,0.521552,531.943278,0.244171,4.572819,0.830997,40.000000,28.282367
1890.000000,920.000000,35.600000,0.350000,3.028000,0.220000,0.850000,11.717633,7.000000,12.084545,0.118913,4.344562,0.544562,6.978080,1.166142,0.581102,59.121984,0.133429,245.508502,2.540630,0.521552,531.943278,0.244171,4.572819,0.830997,40.000000,28.282367
1900.000000,920.000000,35.600000,0.350000,3.028000,0.220000,0.850000,11.717633,7.000000,12.084545,0.118913,4.344562,0.544562,6.978080,1.166142,0.581102,59.121984,0.133429,245.508502,2.540630,0.521552,531.943278,0.244171,4.572819,0.830997,40.000000,28.282367
1910.000000,920.000000,35.600000,0.350000,3.028000,0.220000,0.850000,11.717633,7.000000,12.084545,0.118913,4.344562,0.544562,6.978080,1.166142,0.581102,59.121984,0.133429,245.508502,2.540630,0.521552,531.943278,0.244171,4.572819,0.830997,40.000000,28.282367
1920.000000,920.000000,35.600000,0.350000,3.028000,0.220000,0.850000,11.717633,7.000000,12.084545,0.118913,4.344562,0.544562,6.978080,1.166142,0.581102,59.121984,0.133429,245.508502,2.540630,0.521552,531.943278,0.244171,4.572819,0.830997,40.000000,28.282367
1930.000000,920.000000,35.600000,0.350000,3.028000,0.220000,0.850000,11.717633,7.000000,12.084545,0.118913,4.344562,0.544562,6.978080,1.166142,0.581102,59.121984,0.133429,245.508502,2.540630,0.521552,531.943278,0.244171,4.572819,0.830997,40.000000,28.282367
1940.000000,920.000000,35.600000,0.350000,3.028000,0.220000,0.850000,11.717633,7.000000,12.084545,0.118913,4.344562,0.544562,6.978080,1.166142,0.581102,59.121984,0.133429,245.508502,2.540630,0.521552,531.943278,0.244171,4.572819,0.830997,40.000000,28.282367
1950.000000,920.000000,35.600000,0.350000,3.028000,0.220000,0.850000,11.717633,7.000000,12.084545,0.118913,4.344562,0.544562,6.978080,1.166142,0.581102,59.121984,0.133429,245.508502,2.540630,0.521552,531.943278,0.244171,4.572819,0.830997,40.000000,28.282367
1960.000000,920.000000,35.600000,0.350000,3.028000,0.220000,0.850000,11.717633,7.000000,12.084545,0.118913,4.344562,0.544562,6.978080,1.166142,0.581102,59.121984,0.133429,245.508502,2.540630,0.521552,531.943278,0.244171,4.572819,0.830997,40.000000,28.282367
1970.000000,920.000000,35.600000,0.350000,3.028000,0.220000,0.850000,11.717633,7.000000,12.084545,0.118913,4.344562,0.544562,6.978080,1.166142,0.581102,59.121984,0.133429,245.508502,2.540630,0.521552,531.943278,0.244171,4.572819,0.830997,40.000000,28.282367
1980.000000,920.000000,35.600000,0.350000,3.028000,0.220000,0.850000,11.717633,7.000000,12.084545,0.118913,4.344562,0.544562,6.978080,1.166142,0.581102,59.121984,0.133429,245.508502,2.540630,0.521552,531.943278,0.244171,4.572819,0.830997,40.000000,28.282367
1990.000000,920.000000,35.600000,0.350000,3.028000,0.220000,0.850000,11.717633,7.000000,12.084545,0.118913,4.344562,0.544562,6.978080,1.166142,0.581102,59.121984,0.133429,245.508502,2.540630,0.521552,531.943278,0.244171,4.572819,0.830997,40.000000,28.282367
2000.000000,920.000000,35.600000,0.350000,3.028000,0.220000,0.850000,11.717633,7.000000,12.084545,0.118913,4.344562,0.544562,6.978080,1.166142,0.581102,59.121984,0.133429,245.508502,2.540630,0.521552,531.943278,0.244171,4.572819,0.830997,40.000000,28.282367
2010.000000,920.000000,35.600000,0.350000,3.028000,0.220000,0.850000,11.717633,7.000000,12.084545,0.118913,4.344562,0.544562,6.978080,1.166142,0.581102,59.121984,0.133429,245.508502,2.540630,0.521552,531.943278,0.244171,4.572819,0.830997,40.000000,28.282367
2020.000000,920.000000,35.600000,0.350000,3.028000,0.220000,0.850000,11.717633,7.000000,12.084545,0.118913,4.344562,0.544562,6.978080,1.166142,0.581102,59.121984,0.133429,245.508502,2.540630,0.521552,531.943278,0.244171,4.572819,0.830997,40.000000,28.282367
2030.000000,920.000000,35.600000,0.350000,3.028000,0.220000,0.850000,11.717633,7.000000,12.084545,0.118913,4.344562,0.544562,6.978080,1.166142,0.581102,59.121984,0.133429,245.508502,2.540630,0.521552,531.943278,0.244171,4.572819,0.830997,40.000000,28.282367
2040.000000,920.000000,35.600000,0.350000,3.028000,0.220000,0.850000,11.717633,7.000000,12.084545,0.118913,4.344562,0.544562,6.978080,1.166142,0.581102,59.121984,0.133429,245.508502,2.540630,0.521552,531.943278,0.244171,4.572819,0.830997,40.000000,28.282367
2050.000000,920.000000,35.600000,0.350000,3.028000,0.220000,0.850000,11.717633,7.000000,12.084545,0.118913,4.344562,0.544562,6.978080,1.166142,0.581102,59.121984,0.133429,245.508502,2.540630,0.521552,531.943278,0.244171,4.572819,0.830997,40.000000,28.282367
2060.000000,920.000000,35.600000,0.350000,3.028000,0.220000,0.850000,11.717633,7.000000,12.084545,0.118913,4.344562,0.544562,6.978080,1.166142,0.581102,59.121984,0.133429,245.508502,2.540630,0.521552,531.943278,0.244171,4.572819,0.830997,40.000000,28.282367
2070.000000,920.000000,35.600000,0.350000,3.028000,0.220000,0.850000,11.717633,7.000000,12.084545,0.118913,4.344562,0.544562,6.978080,1.166142,0.581102,59.121984,0.133429,245.508502,2.540630,0.521552,531.943278,0.244171,4.572819,0.830997,40.000000,28.282367
2080.000000,920.000000,35.600000,0.350000,3.028000,0.220000,0.850000,11.717633,7.000000,12.084545,0.118913,4.344562,0.544562,6.978080,1.166142,0.581102,59.121984,0.133429,245.508502,2.540630,0.521552,531.943278,0.244171,4.572819,0.830997,40.000000,28.282367
2090.000000,920.000000,35.600000,0.350000,3.028000,0.220000,0.850000,11.717633,7.000000,12.084545,0.118913,4.344562,0.544562,6.978080,1.166142,0.581102,59.121984,0.133429,245.508502,2.540630,0.521552,531.943278,0.244171,4.572819,0.830997,40.000000,28.282367
2100.000000,920.000000,35.600000,0.350000,3.028000,0.220000,0.850000,11.717633,7.000000,12.084545,0.118913,4.344562,0.544562,6.978080,1.166142,0.581102,59.121984,0.133429,245.508502,2.540630,0.521552,531.943278,0.244171,4.572819,0.830997,40.000000,28.282367
2110.000000,920.000000,35.600000,0.350000,3.028000,0.220000,0.850000,11.717633,7.000000,12.084545,0.118913,4.344562,0.544562,6.978080,1.166142,0.581102,59.121984,0.133429,245.508502,2.540630,0.521552,531.943278,0.244171,4.572819,0.830997,40.000000,28.282367
2120.000000,920.000000,35.600000,0.350000,3.028000,0.220000,0.850000,11.717633,7.000000,12.084545,0.118913,4.344562,0.544562,6.978080,1.166142,0.581102,59.121984,0.133429,245.508502,2.540630,0.521552,531.943278,0.244171,4.572819,0.830997,40.000000,28.282367
2130.000000,920.000000,35.600000,0.350000,3.028000,0.220000,0.850000,11.717633,7.000000,12.084545,0.118913,4.344562,0.544562,6.978080,1.166142,0.581102,59.121984,0.133429,245.508502,2.540630,0.521552,531.943278,0.244171,4.572819,0.830997,40.000000,28.282367
2140.000000,920.000000,35.600000,0.350000,3.028000,0.220000,0.850000,11.717633,7.000000,12.084545,0.118913,4.344562,0.544562,6.978080,1.166142,0.581102,59.121984,0.133429,245.508502,2.540630,0.521552,531.943278,0.244171,4.572819,0.830997,40.000000,28.282367
2150.000000,920.000000,35.600000,0.350000,3.028000,0.220000,0.850000,11.717633,7.000000,12.084545,0.118913,4.344562,0.544562,6.978080,1.166142,0.581102,59.121984,0.133429,245.508502,2.540630,0.521552,531.943278,0.244171,4.572819,0.830997,40.000000,28.282367
2160.000000,920.000000,35.600000,0.350000,3.028000,0.220000,0.850000,11.717633,7.000000,12.084545,0.118913,4.344562,0.544562,6.978080,1.166142,0.581102,59.121984,0.133429,245.508502,2.540630,0.521552,531.943278,0.244171,4.572819,0.830997,40.000000,28.282367
2170.000000,920.000000,35.600000,0.350000,3.028000,0.220000,0.850000,11.717633,7.000000,12.084545,0.118913,4.344562,0.544562,6.978080,1.166142,0.581102,59.121984,0.133429,245.508502,2.540630,0.521552,531.943278,0.244171,4.572819,0.830997,40.000000,28.282367
2180.000000,920.000000,35.600000,0.350000,3.028000,0.220000,0.850000,11.717633,7.000000,12.084545,0.118913,4.344562,0.544562,6.978080,1.166142,0.581102,59.121984,0.133429,245.508502,2.540630,0.521552,531.943278,0.244171,4.572819,0.830997,40.000000,28.282367
2190.000000,920.000000,35.600000,0.350000,3.028000,0.220000,0.850000,11.717633,7.000000,12.084545,0.118913,4.344562,0.544562,6.978080,1.166142,0.581102,59.121984,0.133429,245.508502,2.540630,0.521552,531.943278,0.244171,4.572819,0.830997,40.000000,28.282367
2200.000000,920.000000,35.600000,0.350000,3.028000,0.220000,0.850000,11.717633,7.000000,12.084545,0.118913,4.344562,0.544562,6.978080,1.166142,0.581102,59.121984,0.133429,245.508502,2.540630,0.521552,531.943278,0.244171,4.572819,0.830997,40.000000,28.282367
2210.000000,920.000000,35.600000,0.350000,3.028000,0.220000,0.850000,11.717633,7.000000,12.084545,0.118913,4.344562,0.544562,6.978080,1.166142,0.581102,59.121984,0.133429,245.508502,2.540630,0.521552,531.943278,0.244171,4.572819,0.830997,40.000000,28.282367
2220.000000,920.000000,35.600000,0.350000,3.028000,0.220000,0.850000,11.717633,7.000000,12.084545,0.118913,4.344562,0.544562,6.978080,1.166142,0.581102,59.121984,0.133429,245.508502,2.540630,0.521552,531.943278,0.244171,4.572819,0.830997,40.000000,28.282367
2230.000000,920.000000,35.600000,0.350000,3.028000,0.220000,0.850000,11.717633,7.000000,12.084545,0.118913,4.344562,0.544562,6.978080,1.166142,0.581102,59.121984,0.133429,245.508502,2.540630,0.521552,531.943278,0.244171,4.572819,0.830997,40.000000,28.282367
2240.000000,920.000000,35.600000,0.350000,3.028000,0.220000,0.850000,11.717633,7.000000,12.084545,0.118913,4.344562,0.544562,6.978080,1.166142,0.581102,59.121984,0.133429,245.508502,2.540630,0.521552,531.943278,0.244171,4.572819,0.830997,40.000000,28.282367
2250.000000,920.000000,35.600000,0.350000,3.028000,0.220000,0.850000,11.717633,7.000000,12.084545,0.118913,4.344562,0.544562,6.978080,1.166142,0.581102,59.121984,0.133429,245.508502,2.540630,0.521552,531.943278,0.244171,4.572819,0.830997,40.000000,28.282367
2260.000000,920.000000,35.600000,0.350000,3.028000,0.220000,0.850000,11.717633,7.000000,12.084545,0.118913,4.344562,0.544562,6.978080,1.166142,0.581102,59.121984,0.133429,245.508502,2.540630,0.521552,531.943278,0.244171,4.572819,0.830997,40.000000,28.282367
2270.000000,920.000000,35.600000,0.350000,3.028000,0.220000,0.850000,11.717633,7.000000,12.084545,0.118913,4.344562,0.544562,6.978080,1.166142,0.581102,59.121984,0.133429,245.508502,2.540630,0.521552,531.943278,0.244171,4.572819,0.830997,40.000000,28.282367
2280.000000,920.000000,35.600000,0.350000,3.028000,0.220000,0.850000,11.717633,7.000000,12.084545,0.118913,4.344562,0.544562,6.978080,1.166142,0.581102,59.121984,0.133429,245.508502,2.540630,0.521552,531.943278,0.244171,4.572819,0.830997,40.000000,28.282367
2290.000000,920.000000,35.600000,0.350000,3.028000,0.220000,0.850000,11.717633,7.000000,12.084545,0.118913,4.344562,0.544562,6.978080,1.166142,0.581102,59.121984,0.133429,245.508502,2.540630,0.521552,531.943278,0.244171,4.572819,0.830997,40.000000,28.282367
2300.000000,920.000000,35.600000,0.350000,3.028000,0.220000,0.850000,11.717633,7.000000,12.084545,0.118913,4.344562,0.544562,6.978080,1.166142,0.581102,59.121984,0.133429,245.508502,2.540630,0.521552,531.943278,0.244171,4.572819,0.830997,40.000000,28.282367
2310.000000,920.000000,35.600000,0.350000,3.028000,0.220000,0.850000,11.717633,7.000000,12.084545,0.118913,4.344562,0.544562,6.978080,1.166142,0.581102,59.121984,0.133429,245.508502,2.540630,0.521552,531.943278,0.244171,4.572819,0.830997,40.000000,28.282367
2320.000000,920.000000,35.600000,0.350000,3.028000,0.220000,0.850000,11.717633,7.000000,12.084545,0.118913,4.344562,0.544562,6.978080,1.166142,0.581102,59.121984,0.133429,245.508502,2.540630,0.521552,531.943278,0.244171,4.572819,0.830997,40.000000,28.282367
2330.000000,920.000000,35.600000,0.350000,3.028000,0.220000,0.850000,11.717633,7.000000,12.084545,0.118913,4.344562,0.544562,6.978080,1.166142,0.581102,59.121984,0.133429,245.508502,2.540630,0.521552,531.943278,0.244171,4.572819,0.830997,40.000000,28.282367
2340.000000,920.000000,35.600000,0.350000,3.028000,0.220000,0.850000,11.717633,7.000000,12.084545,0.118913,4.344562,0.544562,6.978080,1.166142,0.581102,59.121984,0.133429,245.508502,2.540630,0.521552,531.943278,0.244171,4.572819,0.830997,40.000000,28.282367
2350.000000,920.000000,35.600000,0.350000,3.028000,0.220000,0.850000,11.717633,7.000000,12.084545,0.118913,4.344562,0.544562,6.978080,1.166142,0.581102,59.121984,0.133429,245.508502,2.540630,0.521552,531.943278,0.244171,4.572819,0.830997,40.000000,28.282367
2360.000000,920.000000,35.600000,0.350000,3.028000,0.220000,0.850000,11.717633,7.000000,12.084545,0.118913,4.344562,0.544562,6.978080,1.166142,0.581102,59.121984,0.133429,245.508502,2.540630,0.521552,531.943278,0.244171,4.572819,0.830997,40.000000,28.282367
2370.000000,920.000000,35.600000,0.350000,3.028000,0.220000,0.850000,11.717633,7.000000,12.084545,0.118913,4.344562,0.544562,6.978080,1.166142,0.581102,59.121984,0.133429,245.508502,2.540630,0.521552,531.943278,0.244171,4.572819,0.830997,40.000000,28.282367
2380.000000,920.000000,35.600000,0.350000,3.028000,0.220000,0.850000,11.717633,7.000000,12.084545,0.118913,4.344562,0.544562,6.978080,1.166142,0.581102,59.121984,0.133429,245.508502,2.540630,0.521552,531.943278,0.244171,4.572819,0.830997,40.000000,28.282367
2390.000000,920.000000,35.600000,0.350000,3.028000,0.220000,0.850000,11.717633,7.000000,12.084545,0.118913,4.344562,0.544562,6.978080,1.166142,0.581102,59.121984,0.133429,245.508502,2.540630,0.521552,531.943278,0.244171,4.572819,0.830997,40.000000,28.282367
2400.000000,920.000000,35.600000,0.350000,3.028000,0.220000,0.850000,11.717633,7.000000,12.084545,0.118913,4.344562,0.544562,6.978080,1.166142,0.581102,59.121984,0.133429,245.508502,2.540630,0.521552,531.943278,0.244171,4.572819,0.830997,40.000000,28.282367
2410.000000,920.000000,35.600000,0.350000,3.028000,0.220000,0.850000,11.717633,7.000000,12.084545,0.118913,4.344562,0.544562,6.978080,1.166142,0.581102,59.121984,0.133429,245.508502,2.540630,0.521552,531.943278,0.244171,4.572819,0.830997,40.000000,28.282367
2420.000000,920.000000,35.600000,0.350000,3.028000,0.220000,0.850000,11.717633,7.000000,12.084545,0.118913,4.344562,0.544562,6.978080,1.166142,0.581102,59.121984,0.133429,245.508502,2.540630,0.521552,531.943278,0.244171,4.572819,0.830997,40.000000,28.282367
2430.000000,920.000000,35.600000,0.350000,3.028000,0.220000,0.850000,11.717633,7.000000,12.084545,0.118913,4.344562,0.544562,6.978080,1.166142,0.581102,59.121984,0.133429,245.508502,2.540630,0.521552,531.943278,0.244171,4.572819,0.830997,40.000000,28.282367
2440.000000,920.000000,35.600000,0.350000,3.028000,0.220000,0.850000,11.717633,7.000000,12.084545,0.118913,4.344562,0.544562,6.978080,1.166142,0.581102,59.121984,0.133429,245.508502,2.540630,0.521552,531.943278,0.244171,4.572819,0.830997,40.000000,28.282367
2450.000000,920.000000,35.600000,0.350000,3.028000,0.220000,0.850000,11.717633,7.000000,12.084545,0.118913,4.344562,0.544562,6.978080,1.166142,0.581102,59.121984,0.133429,245.508502,2.540630,0.521552,531.943278,0.244171,4.572819,0.830997,40.000000,28.282367
2460.000000,920.000000,35.600000,0.350000,3.028000,0.220000,0.850000,11.717633,7.000000,12.084545,0.118913,4.344562,0.544562,6.978080,1.166142,0.581102,59.121984,0.133429,245.508502,2.540630,0.521552,531.943278,0.244171,4.572819,0.830997,40.000000,28.282367
2470.000000,920.000000,35.600000,0.350000,3.028000,0.220000,0.850000,11.717633,7.000000,12.084545,0.118913,4.344562,0.544562,6.978080,1.166142,0.581102,59.121984,0.133429,245.508502,2.540630,0.521552,531.943278,0.244171,4.572819,0.830997,40.000000,28.282367
2480.000000,920.000000,35.600000,0.350000,3.028000,0.220000,0.850000,11.717633,7.000000,12.084545,0.118913,4.344562,0.544562,6.978080,1.166142,0.581102,59.121984,0.133429,245.508502,2.540630,0.521552,531.943278,0.244171,4.572819,0.830997,40.000000,28.282367
2490.000000,920.000000,35.600000,0.350000,3.028000,0.220000,0.850000,11.717633,7.000000,12.084545,0.118913,4.344562,0.544562,6.978080,1.166142,0.581102,59.121984,0.133429,245.508502,2.540630,0.521552,531.943278,0.244171,4.572819,0.830997,40.000000,28.282367
2500.000000,920.000000,35.600000,0.350000,3.028000,0.220000,0.850000,11.717633,7.000000,12.084545,0.118913,4.344562,0.544562,6.978080,1.166142,0.581102,59.121984,0.133429,245.508502,2.540630,0.521552,531.943278,0.244171,4.572819,0.830997,40.000000,28.282367
2510.000000,920.000000,35.600000,0.350000,3.028000,0.220000,0.850000,11.717633,7.000000,12.084545,0.118913,4.344562,0.544562,6.978080,1.166142,0.581102,59.121984,0.133429,245.508502,2.540630,0.521552,531.943278,0.244171,4.572819,0.830997,40.000000,28.282367
2520.000000,920.000000,35.600000,0.350000,3.028000,0.220000,0.850000,11.717633,7.000000,12.084545,0.118913,4.344562,0.544562,6.978080,1.166142,0.581102,59.121984,0.133429,245.508502,2.540630,0.521552,531.943278,0.244171,4.572819,0.830997,40.000000,28.282367
2530.000000,920.000000,35.600000,0.350000,3.028000,0.220000,0.850000,11.717633,7.000000,12.084545,0.118913,4.344562,0.544562,6.978080,1.166142,0.581102,59.121984,0.133429,245.508502,2.540630,0.521552,531.943278,0.244171,4.572819,0.830997,40.000000,28.282367
2540.000000,920.000000,35.600000,0.350000,3.028000,0.220000,0.850000,11.717633,7.000000,12.084545,0.118913,4.344562,0.544562,6.978080,1.166142,0.581102,59.121984,0.133429,245.508502,2.540630,0.521552,531.943278,0.244171,4.572819,0.830997,40.000000,28.282367
2550.000000,920.000000,35.600000,0.350000,3.028000,0.220000,0.850000,11.717633,7.000000,12.084545,0.118913,4.344562,0.544562,6.978080,1.166142,0.581102,59.121984,0.133429,245.508502,2.540630,0.521552,531.943278,0.244171,4.572819,0.830997,40.000000,28.282367
2560.000000,920.000000,35.600000,0.350000,3.028000,0.220000,0.850000,11.717633,7.000000,12.084545,0.118913,4.344562,0.544562,6.978080,1.166142,0.581102,59.121984,0.133429,245.508502,2.540630,0.521552,531.943278,0.244171,4.572819,0.830997,40.000000,28.282367
2570.000000,920.000000,35.600000,0.350000,3.028000,0.220000,0.850000,11.717633,7.000000,12.084545,0.118913,4.344562,0.544562,6.978080,1.166142,0.581102,59.121984,0.133429,245.508502,2.540630,0.521552,531.943278,0.244171,4.572819,0.830997,40.000000,28.282367
2580.000000,920.000000,35.600000,0.350000,3.028000,0.220000,0.850000,11.717633,7.000000,12.084545,0.118913,4.344562,0.544562,6.978080,1.166142,0.581102,59.121984,0.133429,245.508502,2.540630,0.521552,531.943278,0.244171,4.572819,0.830997,40.000000,28.282367
2590.000000,920.000000,35.600000,0.350000,3.028000,0.220000,0.850000,11.717633,7.000000,12.084545,0.118913,4.344562,0.544562,6.978080,1.166142,0.581102,59.121984,0.133429,245.508502,2.540630,0.521552,531.943278,0.244171,4.572819,0.830997,40.000000,28.282367
2600.000000,920.000000,35.600000,0.350000,3.028000,0.220000,0.850000,11.717633,7.000000,12.084545,0.118913,4.344562,0.544562,6.978080,1.166142,0.581102,59.121984,0.133429,245.508502,2.540630,0.521552,531.943278,0.244171,4.572819,0.830997,40.000000,28.282367
2610.000000,920.000000,35.600000,0.350000,3.028000,0.220000,0.850000,11.717633,7.000000,12.084545,0.118913,4.344562,0.544562,6.978080,1.166142,0.581102,59.121984,0.133429,245.508502,2.540630,0.521552,531.943278,0.244171,4.572819,0.830997,40.000000,28.282367
2620.000000,920.000000,35.600000,0.350000,3.028000,0.220000,0.850000,11.717633,7.000000,12.084545,0.118913,4.344562,0.544562,6.978080,1.166142,0.581102,59.121984,0.133429,245.508502,2.540630,0.521552,531.943278,0.244171,4.572819,0.830997,40.000000,28.282367
2630.000000,920.000000,35.600000,0.350000,3.028000,0.220000,0.850000,11.717633,7.000000,12.084545,0.118913,4.344562,0.544562,6.978080,1.166142,0.581102,59.121984,0.133429,245.508502,2.540630,0.521552,531.943278,0.244171,4.572819,0.830997,40.000000,28.282367
2640.000000,920.000000,35.600000,0.350000,3.028000,0.220000,0.850000,11.717633,7.000000,12.084545,0.118913,4.344562,0.544562,6.978080,1.166142,0.581102,59.121984,0.133429,245.508502,2.540630,0.521552,531.943278,0.244171,4.572819,0.830997,40.000000,28.282367
2650.000000,920.000000,35.600000,0.350000,3.028000,0.220000,0.850000,11.717633,7.000000,12.084545,0.118913,4.344562,0.544562,6.978080,1.166142,0.581102,59.121984,0.133429,245.508502,2.540630,0.521552,531.943278,0.244171,4.572819,0.830997,40.000000,28.282367
2660.000000,920.000000,35.600000,0.350000,3.028000,0.220000,0.850000,11.717633,7.000000,12.084545,0.118913,4.344562,0.544562,6.978080,1.166142,0.581102,59.121984,0.133429,245.508502,2.540630,0.521552,531.943278,0.244171,4.572819,0.830997,40.000000,28.282367
2670.000000,920.000000,35.600000,0.350000,3.028000,0.220000,0.850000,11.717633,7.000000,12.084545,0.118913,4.344562,0.544562,6.978080,1.166142,0.581102,59.121984,0.133429,245.508502,2.540630,0.521552,531.943278,0.244171,4.572819,0.830997,40.000000,28.282367
2680.000000,920.000000,35.600000,0.350000,3.028000,0.220000,0.850000,11.717633,7.000000,12.084545,0.118913,4.344562,0.544562,6.978080,1.166142,0.581102,59.121984,0.133429,245.508502,2.540630,0.521552,531.943278,0.244171,4.572819,0.830997,40.000000,28.282367
2690.000000,920.000000,35.600000,0.350000,3.028000,0.220000,0.850000,11.717633,7.000000,12.084545,0.118913,4.344562,0.544562,6.978080,1.166142,0.581102,59.121984,0.133429,245.508502,2.540630,0.521552,531.943278,0.244171,4.572819,0.830997,40.000000,28.282367
2700.000000,920.000000,35.600000,0.350000,3.028000,0.220000,0.850000,11.717633,7.000000,12.084545,0.118913,4.344562,0.544562,6.978080,1.166142,0.581102,59.121984,0.133429,245.508502,2.540630,0.521552,531.943278,0.244171,4.572819,0.830997,40.000000,28.282367
2710.000000,920.000000,35.600000,0.350000,3.028000,0.220000,0.850000,11.717633,7.000000,12.084545,0.118913,4.344562,0.544562,6.978080,1.166142,0.581102,59.121984,0.133429,245.508502,2.540630,0.521552,531.943278,0.244171,4.572819,0.830997,40.000000,28.282367
2720.000000,920.000000,35.600000,0.350000,3.028000,0.220000,0.850000,11.717633,7.000000,12.084545,0.118913,4.344562,0.544562,6.978080,1.166142,0.581102,59.121984,0.133429,245.508502,2.540630,0.521552,531.943278,0.244171,4.572819,0.830997,40.000000,28.282367
2730.000000,920.000000,35.600000,0.350000,3.028000,0.220000,0.850000,11.717633,7.000000,12.084545,0.118913,4.344562,0.544562,6.978080,1.166142,0.581102,59.121984,0.133429,245.508502,2.540630,0.521552,531.943278,0.244171,4.572819,0.830997,40.000000,28.282367
2740.000000,920.000000,35.600000,0.350000,3.028000,0.220000,0.850000,11.717633,7.000000,12.084545,0.118913,4.344562,0.544562,6.978080,1.166142,0.581102,59.121984,0.133429,245.508502,2.540630,0.521552,531.943278,0.244171,4.572819,0.830997,40.000000,28.282367
2750.000000,920.000000,35.600000,0.350000,3.028000,0.220000,0.850000,11.717633,7.000000,12.084545,0.118913,4.344562,0.544562,6.978080,1.166142,0.581102,59.121984,0.133429,245.508502,2.540630,0.521552,531.943278,0.244171,4.572819,0.830997,40.000000,28.282367
2760.000000,920.000000,35.600000,0.350000,3.028000,0.220000,0.850000,11.717633,7.000000,12.084545,0.118913,4.344562,0.544562,6.978080,1.166142,0.581102,59.121984,0.133429,245.508502,2.540630,0.521552,531.943278,0.244171,4.572819,0.830997,40.000000,28.282367
2770.000000,920.000000,35.600000,0.350000,3.028000,0.220000,0.850000,11.717633,7.000000,12.084545,0.118913,4.344562,0.544562,6.978080,1.166142,0.581102,59.121984,0.133429,245.508502,2.540630,0.521552,531.943278,0.244171,4.572819,0.830997,40.000000,28.282367
2780.000000,920.000000,35.600000,0.350000,3.028000,0.220000,0.850000,11.717633,7.000000,12.084545,0.118913,4.344562,0.544562,6.978080,1.166142,0.581102,59.121984,0.133429,245.508502,2.540630,0.521552,531.943278,0.244171,4.572819,0.830997,40.000000,28.282367
2790.000000,920.000000,35.600000,0.350000,3.028000,0.220000,0.850000,11.717633,7.000000,12.084545,0.118913,4.344562,0.544562,6.978080,1.166142,0.581102,59.121984,0.133429,245.508502,2.540630,0.521552,531.943278,0.244171,4.572819,0.830997,40.000000,28.282367
2800.000000,920.000000,35.600000,0.350000,3.028000,0.220000,0.850000,11.717633,7.000000,12.084545,0.118913,4.344562,0.544562,6.978080,1.166142,0.581102,59.121984,0.133429,245.508502,2.540630,0.521552,531.943278,0.244171,4.572819,0.830997,40.000000,28.282367
2810.000000,920.000000,35.600000,0.350000,3.028000,0.220000,0.850000,11.717633,7.000000,12.084545,0.118913,4.344562,0.544562,6.978080,1.166142,0.581102,59.121984,0.133429,245.508502,2.540630,0.521552,531.943278,0.244171,4.572819,0.830997,40.000000,28.282367
2820.000000,920.000000,35.600000,0.350000,3.028000,0.220000,0.850000,11.717633,7.000000,12.084545,0.118913,4.344562,0.544562,6.978080,1.166142,0.581102,59.121984,0.133429,245.508502,2.540630,0.521552,531.943278,0.244171,4.572819,0.830997,40.000000,28.282367
2830.000000,920.000000,35.600000,0.350000,3.028000,0.220000,0.850000,11.717633,7.000000,12.084545,0.118913,4.344562,0.544562,6.978080,1.166142,0.581102,59.121984,0.133429,245.508502,2.540630,0.521552,531.943278,0.244171,4.572819,0.830997,40.000000,28.282367
2840.000000,920.000000,35.600000,0.350000,3.028000,0.220000,0.850000,11.717633,7.000000,12.084545,0.118913,4.344562,0.544562,6.978080,1.166142,0.581102,59.121984,0.133429,245.508502,2.540630,0.521552,531.943278,0.244171,4.572819,0.830997,40.000000,28.282367
2850.000000,920.000000,35.600000,0.350000,3.028000,0.220000,0.850000,11.717633,7.000000,12.084545,0.118913,4.344562,0.544562,6.978080,1.166142,0.581102,59.121984,0.133429,245.508502,2.540630,0.521552,531.943278,0.244171,4.572819,0.830997,40.000000,28.282367
2860.000000,920.000000,35.600000,0.350000,3.028000,0.220000,0.850000,11.717633,7.000000,12.084545,0.118913,4.344562,0.544562,6.978080,1.166142,0.581102,59.121984,0.133429,245.508502,2.540630,0.521552,531.943278,0.244171,4.572819,0.830997,40.000000,28.282367
2870.000000,920.000000,35.600000,0.350000,3.028000,0.220000,0.850000,11.717633,7.000000,12.084545,0.118913,4.344562,0.544562,6.978080,1.166142,0.581102,59.121984,0.133429,245.508502,2.540630,0.521552,531.943278,0.244171,4.572819,0.830997,40.000000,28.282367
2880.000000,920.000000,35.600000,0.350000,3.028000,0.220000,0.850000,11.717633,7.000000,12.084545,0.118913,4.344562,0.544562,6.978080,1.166142,0.581102,59.121984,0.133429,245.508502,2.540630,0.521552,531.943278,0.244171,4.572819,0.830997,40.000000,28.282367
2890.000000,920.000000,35.600000,0.350000,3.028000,0.220000,0.850000,11.717633,7.000000,12.084545,0.118913,4.344562,0.544562,6.978080,1.166142,0.581102,59.121984,0.133429,245.508502,2.540630,0.521552,531.943278,0.244171,4.572819,0.830997,40.000000,28.282367
2900.000000,920.000000,35.600000,0.350000,3.028000,0.220000,0.850000,11.717633,7.000000,12.084545,0.118913,4.344562,0.544562,6.978080,1.166142,0.581102,59.121984,0.133429,245.508502,2.540630,0.521552,531.943278,0.244171,4.572819,0.830997,40.000000,28.282367
2910.000000,920.000000,35.600000,0.350000,3.028000,0.220000,0.850000,11.717633,7.000000,12.084545,0.118913,4.344562,0.544562,6.978080,1.166142,0.581102,59.121984,0.133429,245.508502,2.540630,0.521552,531.943278,0.244171,4.572819,0.830997,40.000000,28.282367
2920.000000,920.000000,35.600000,0.350000,3.028000,0.220000,0.850000,11.717633,7.000000,12.084545,0.118913,4.344562,0.544562,6.978080,1.166142,0.581102,59.121984,0.133429,245.508502,2.540630,0.521552,531.943278,0.244171,4.572819,0.830997,40.000000,28.282367
2930.000000,920.000000,35.600000,0.350000,3.028000,0.220000,0.850000,11.717633,7.000000,12.084545,0.118913,4.344562,0.544562,6.978080,1.166142,0.581102,59.121984,0.133429,245.508502,2.540630,0.521552,531.943278,0.244171,4.572819,0.830997,40.000000,28.282367
2940.000000,920.000000,35.600000,0.350000,3.028000,0.220000,0.850000,11.717633,7.000000,12.084545,0.118913,4.344562,0.544562,6.978080,1.166142,0.581102,59.121984,0.133429,245.508502,2.540630,0.521552,531.943278,0.244171,4.572819,0.830997,40.000000,28.282367
2950.000000,920.000000,35.600000,0.350000,3.028000,0.220000,0.850000,11.717633,7.000000,12.084545,0.118913,4.344562,0.544562,6.978080,1.166142,0.581102,59.121984,0.133429,245.508502,2.540630,0.521552,531.943278,0.244171,4.572819,0.830997,40.000000,28.282367
2960.000000,920.000000,35.600000,0.350000,3.028000,0.220000,0.850000,11.717633,7.000000,12.084545,0.118913,4.344562,0.544562,6.978080,1.166142,0.581102,59.121984,0.133429,245.508502,2.540630,0.521552,531.943278,0.244171,4.572819,0.830997,40.000000,28.282367
2970.000000,920.000000,35.600000,0.350000,3.028000,0.220000,0.850000,11.717633,7.000000,12.084545,0.118913,4.344562,0.544562,6.978080,1.166142,0.581102,59.121984,0.133429,245.508502,2.540630,0.521552,531.943278,0.244171,4.572819,0.830997,40.000000,28.282367
2980.000000,920.000000,35.600000,0.350000,3.028000,0.220000,0.850000,11.717633,7.000000,12.084545,0.118913,4.344562,0.544562,6.978080,1.166142,0.581102,59.121984,0.133429,245.508502,2.540630,0.521552,531.943278,0.244171,4.572819,0.830997,40.000000,28.282367
2990.000000,920.000000,35.600000,0.350000,3.028000,0.220000,0.850000,11.717633,7.000000,12.084545,0.118913,4.344562,0.544562,6.978080,1.166142,0.581102,59.121984,0.133429,245.508502,2.540630,0.521552,531.943278,0.244171,4.572819,0.830997,40.000000,28.282367
3000.000000,920.000000,35.600000,0.350000,3.028000,0.220000,0.850000,11.717633,7.000000,12.084545,0.118913,4.344562,0.544562,6.978080,1.166142,0.581102,59.121984,0.133429,245.508502,2.540630,0.521552,531.943278,0.244171,4.572819,0.830997,40.000000,28.282367
3010.000000,920.000000,35.600000,0.350000,3.028000,0.220000,0.850000,11.717633,7.000000,12.084545,0.118913,4.344562,0.544562,6.978080,1.166142,0.581102,59.121984,0.133429,245.508502,2.540630,0.521552,531.943278,0.244171,4.572819,0.830997,40.000000,28.282367
3020.000000,920.000000,35.600000,0.350000,3.028000,0.220000,0.850000,11.717633,7.000000,12.084545,0.118913,4.344562,0.544562,6.978080,1.166142,0.581102,59.121984,0.133429,245.508502,2.540630,0.521552,531.943278,0.244171,4.572819,0.830997,40.000000,28.282367
3030.000000,920.000000,35.600000,0.350000,3.028000,0.220000,0.850000,11.717633,7.000000,12.084545,0.118913,4.344562,0.544562,6.978080,1.166142,0.581102,59.121984,0.133429,245.508502,2.540630,0.521552,531.943278,0.244171,4.572819,0.830997,40.000000,28.282367
3040.000000,920.000000,35.600000,0.350000,3.028000,0.220000,0.850000,11.717633,7.000000,12.084545,0.118913,4.344562,0.544562,6.978080,1.166142,0.581102,59.121984,0.133429,245.508502,2.540630,0.521552,531.943278,0.244171,4.572819,0.830997,40.000000,28.282367
3050.000000,920.000000,35.600000,0.350000,3.028000,0.220000,0.850000,11.717633,7.000000,12.084545,0.118913,4.344562,0.544562,6.978080,1.166142,0.581102,59.121984,0.133429,245.508502,2.540630,0.521552,531.943278,0.244171,4.572819,0.830997,40.000000,28.282367
3060.000000,920.000000,35.600000,0.350000,3.028000,0.220000,0.850000,11.717633,7.000000,12.084545,0.118913,4.344562,0.544562,6.978080,1.166142,0.581102,59.121984,0.133429,245.508502,2.540630,0.521552,531.943278,0.244171,4.572819,0.830997,40.000000,28.282367
3070.000000,920.000000,35.600000,0.350000,3.028000,0.220000,0.850000,11.717633,7.000000,12.084545,0.118913,4.344562,0.544562,6.978080,1.166142,0.581102,59.121984,0.133429,245.508502,2.540630,0.521552,531.943278,0.244171,4.572819,0.830997,40.000000,28.282367
3080.000000,920.000000,35.600000,0.350000,3.028000,0.220000,0.850000,11.717633,7.000000,12.084545,0.118913,4.344562,0.544562,6.978080,1.166142,0.581102,59.121984,0.133429,245.508502,2.540630,0.521552,531.943278,0.244171,4.572819,0.830997,40.000000,28.282367
3090.000000,920.000000,35.600000,0.350000,3.028000,0.220000,0.850000,11.717633,7.000000,12.084545,0.118913,4.344562,0.544562,6.978080,1.166142,0.581102,59.121984,0.133429,245.508502,2.540630,0.521552,531.943278,0.244171,4.572819,0.830997,40.000000,28.282367
3100.000000,920.000000,35.600000,0.350000,3.028000,0.220000,0.850000,11.717633,7.000000,12.084545,0.118913,4.344562,0.544562,6.978080,1.166142,0.581102,59.121984,0.133429,245.508502,2.540630,0.521552,531.943278,0.244171,4.572819,0.830997,40.000000,28.282367
3110.000000,920.000000,35.600000,0.350000,3.028000,0.220000,0.850000,11.717633,7.000000,12.084545,0.118913,4.344562,0.544562,6.978080,1.166142,0.581102,59.121984,0.133429,245.508502,2.540630,0.521552,531.943278,0.244171,4.572819,0.830997,40.000000,28.282367
3120.000000,920.000000,35.600000,0.350000,3.028000,0.220000,0.850000,11.717633,7.000000,12.084545,0.118913,4.344562,0.544562,6.978080,1.166142,0.581102,59.121984,0.133429,245.508502,2.540630,0.521552,531.943278,0.244171,4.572819,0.830997,40.000000,28.282367
3130.000000,920.000000,35.600000,0.350000,3.028000,0.220000,0.850000,11.717633,7.000000,12.084545,0.118913,4.344562,0.544562,6.978080,1.166142,0.581102,59.121984,0.133429,245.508502,2.540630,0.521552,531.943278,0.244171,4.572819,0.830997,40.000000,28.282367
3140.000000,920.000000,35.600000,0.350000,3.028000,0.220000,0.850000,11.717633,7.000000,12.084545,0.118913,4.344562,0.544562,6.978080,1.166142,0.581102,59.121984,0.133429,245.508502,2.540630,0.521552,531.943278,0.244171,4.572819,0.830997,40.000000,28.282367
3150.000000,920.000000,35.600000,0.350000,3.028000,0.220000,0.850000,11.717633,7.000000,12.084545,0.118913,4.344562,0.544562,6.978080,1.166142,0.581102,59.121984,0.133429,245.508502,2.540630,0.521552,531.943278,0.244171,4.572819,0.830997,40.000000,28.282367
3160.000000,920.000000,35.600000,0.350000,3.028000,0.220000,0.850000,11.717633,7.000000,12.084545,0.118913,4.344562,0.544562,6.978080,1.166142,0.581102,59.121984,0.133429,245.508502,2.540630,0.521552,531.943278,0.244171,4.572819,0.830997,40.000000,28.282367
3170.000000,920.000000,35.600000,0.350000,3.028000,0.220000,0.850000,11.717633,7.000000,12.084545,0.118913,4.344562,0.544562,6.978080,1.166142,0.581102,59.121984,0.133429,245.508502,2.540630,0.521552,531.943278,0.244171,4.572819,0.830997,40.000000,28.282367
3180.000000,920.000000,35.600000,0.350000,3.028000,0.220000,0.850000,11.717633,7.000000,12.084545,0.118913,4.344562,0.544562,6.978080,1.166142,0.581102,59.121984,0.133429,245.508502,2.540630,0.521552,531.943278,0.244171,4.572819,0.830997,40.000000,28.282367
3190.000000,920.000000,35.600000,0.350000,3.028000,0.220000,0.850000,11.717633,7.000000,12.084545,0.118913,4.344562,0.544562,6.978080,1.166142,0.581102,59.121984,0.133429,245.508502,2.540630,0.521552,531.943278,0.244171,4.572819,0.830997,40.000000,28.282367
3200.000000,920.000000,35.600000,0.350000,3.028000,0.220000,0.850000,11.717633,7.000000,12.084545,0.118913,4.344562,0.544562,6.978080,1.166142,0.581102,59.121984,0.133429,245.508502,2.540630,0.521552,531.943278,0.244171,4.572819,0.830997,40.000000,28.282367
3210.000000,920.000000,35.600000,0.350000,3.028000,0.220000,0.850000,11.717633,7.000000,12.084545,0.118913,4.344562,0.544562,6.978080,1.166142,0.581102,59.121984,0.133429,245.508502,2.540630,0.521552,531.943278,0.244171,4.572819,0.830997,40.000000,28.282367
3220.000000,920.000000,35.600000,0.350000,3.028000,0.220000,0.850000,11.717633,7.000000,12.084545,0.118913,4.344562,0.544562,6.978080,1.166142,0.581102,59.121984,0.133429,245.508502,2.540630,0.521552,531.943278,0.244171,4.572819,0.830997,40.000000,28.282367
3230.000000,920.000000,35.600000,0.350000,3.028000,0.220000,0.850000,11.717633,7.000000,12.084545,0.118913,4.344562,0.544562,6.978080,1.166142,0.581102,59.121984,0.133429,245.508502,2.540630,0.521552,531.943278,0.244171,4.572819,0.830997,40.000000,28.282367
3240.000000,920.000000,35.600000,0.350000,3.028000,0.220000,0.850000,11.717633,7.000000,12.084545,0.118913,4.344562,0.544562,6.978080,1.166142,0.581102,59.121984,0.133429,245.508502,2.540630,0.521552,531.943278,0.244171,4.572819,0.830997,40.000000,28.282367
3250.000000,920.000000,35.600000,0.350000,3.028000,0.220000,0.850000,11.717633,7.000000,12.084545,0.118913,4.344562,0.544562,6.978080,1.166142,0.581102,59.121984,0.133429,245.508502,2.540630,0.521552,531.943278,0.244171,4.572819,0.830997,40.000000,28.282367
3260.000000,920.000000,35.600000,0.350000,3.028000,0.220000,0.850000,11.717633,7.000000,12.084545,0.118913,4.344562,0.544562,6.978080,1.166142,0.581102,59.121984,0.133429,245.508502,2.540630,0.521552,531.943278,0.244171,4.572819,0.830997,40.000000,28.282367
3270.000000,920.000000,35.600000,0.350000,3.028000,0.220000,0.850000,11.717633,7.000000,12.084545,0.118913,4.344562,0.544562,6.978080,1.166142,0.581102,59.121984,0.133429,245.508502,2.540630,0.521552,531.943278,0.244171,4.572819,0.830997,40.000000,28.282367
3280.000000,920.000000,35.600000,0.350000,3.028000,0.220000,0.850000,11.717633,7.000000,12.084545,0.118913,4.344562,0.544562,6.978080,1.166142,0.581102,59.121984,0.133429,245.508502,2.540630,0.521552,531.943278,0.244171,4.572819,0.830997,40.000000,28.282367
3290.000000,920.000000,35.600000,0.350000,3.028000,0.220000,0.850000,11.717633,7.000000,12.084545,0.118913,4.344562,0.544562,6.978080,1.166142,0.581102,59.121984,0.133429,245.508502,2.540630,0.521552,531.943278,0.244171,4.572819,0.830997,40.000000,28.282367
3300.000000,920.000000,35.600000,0.350000,3.028000,0.220000,0.850000,11.717633,7.000000,12.084545,0.118913,4.344562,0.544562,6.978080,1.166142,0.581102,59.121984,0.133429,245.508502,2.540630,0.521552,531.943278,0.244171,4.572819,0.830997,40.000000,28.282367
3310.000000,920.000000,35.600000,0.350000,3.028000,0.220000,0.850000,11.717633,7.000000,12.084545,0.118913,4.344562,0.544562,6.978080,1.166142,0.581102,59.121984,0.133429,245.508502,2.540630,0.521552,531.943278,0.244171,4.572819,0.830997,40.000000,28.282367
3320.000000,920.000000,35.600000,0.350000,3.028000,0.220000,0.850000,11.717633,7.000000,12.084545,0.118913,4.344562,0.544562,6.978080,1.166142,0.581102,59.121984,0.133429,245.508502,2.540630,0.521552,531.943278,0.244171,4.572819,0.830997,40.000000,28.282367
3330.000000,920.000000,35.600000,0.350000,3.028000,0.220000,0.850000,11.717633,7.000000,12.084545,0.118913,4.344562,0.544562,6.978080,1.166142,0.581102,59.121984,0.133429,245.508502,2.540630,0.521552,531.943278,0.244171,4.572819,0.830997,40.000000,28.282367
3340.000000,920.000000,35.600000,0.350000,3.028000,0.220000,0.850000,11.717633,7.000000,12.084545,0.118913,4.344562,0.544562,6.978080,1.166142,0.581102,59.121984,0.133429,245.508502,2.540630,0.521552,531.943278,0.244171,4.572819,0.830997,40.000000,28.282367
3350.000000,920.000000,35.600000,0.350000,3.028000,0.220000,0.850000,11.717633,7.000000,12.084545,0.118913,4.344562,0.544562,6.978080,1.166142,0.581102,59.121984,0.133429,245.508502,2.540630,0.521552,531.943278,0.244171,4.572819,0.830997,40.000000,28.282367
3360.000000,920.000000,35.600000,0.350000,3.028000,0.220000,0.850000,11.717633,7.000000,12.084545,0.118913,4.344562,0.544562,6.978080,1.166142,0.581102,59.121984,0.133429,245.508502,2.540630,0.521552,531.943278,0.244171,4.572819,0.830997,40.000000,28.282367
3370.000000,920.000000,35.600000,0.350000,3.028000,0.220000,0.850000,11.717633,7.000000,12.084545,0.118913,4.344562,0.544562,6.978080,1.166142,0.581102,59.121984,0.133429,245.508502,2.540630,0.521552,531.943278,0.244171,4.572819,0.830997,40.000000,28.282367
3380.000000,920.000000,35.600000,0.350000,3.028000,0.220000,0.850000,11.717633,7.000000,12.084545,0.118913,4.344562,0.544562,6.978080,1.166142,0.581102,59.121984,0.133429,245.508502,2.540630,0.521552,531.943278,0.244171,4.572819,0.830997,40.000000,28.282367
3390.000000,920.000000,35.600000,0.350000,3.028000,0.220000,0.850000,11.717633,7.000000,12.084545,0.118913,4.344562,0.544562,6.978080,1.166142,0.581102,59.121984,0.133429,245.508502,2.540630,0.521552,531.943278,0.244171,4.572819,0.830997,40.000000,28.282367
3400.000000,920.000000,35.600000,0.350000,3.028000,0.220000,0.850000,11.717633,7.000000,12.084545,0.118913,4.344562,0.544562,6.978080,1.166142,0.581102,59.121984,0.133429,245.508502,2.540630,0.521552,531.943278,0.244171,4.572819,0.830997,40.000000,28.282367
3410.000000,920.000000,35.600000,0.350000,3.028000,0.220000,0.850000,11.717633,7.000000,12.084545,0.118913,4.344562,0.544562,6.978080,1.166142,0.581102,59.121984,0.133429,245.508502,2.540630,0.521552,531.943278,0.244171,4.572819,0.830997,40.000000,28.282367
3420.000000,920.000000,35.600000,0.350000,3.028000,0.220000,0.850000,11.717633,7.000000,12.084545,0.118913,4.344562,0.544562,6.978080,1.166142,0.581102,59.121984,0.133429,245.508502,2.540630,0.521552,531.943278,0.244171,4.572819,0.830997,40.000000,28.282367
3430.000000,920.000000,35.600000,0.350000,3.028000,0.220000,0.850000,11.717633,7.000000,12.084545,0.118913,4.344562,0.544562,6.978080,1.166142,0.581102,59.121984,0.133429,245.508502,2.540630,0.521552,531.943278,0.244171,4.572819,0.830997,40.000000,28.282367
3440.000000,920.000000,35.600000,0.350000,3.028000,0.220000,0.850000,11.717633,7.000000,12.084545,0.118913,4.344562,0.544562,6.978080,1.166142,0.581102,59.121984,0.133429,245.508502,2.540630,0.521552,531.943278,0.244171,4.572819,0.830997,40.000000,28.282367
3450.000000,920.000000,35.600000,0.350000,3.028000,0.220000,0.850000,11.717633,7.000000,12.084545,0.118913,4.344562,0.544562,6.978080,1.166142,0.581102,59.121984,0.133429,245.508502,2.540630,0.521552,531.943278,0.244171,4.572819,0.830997,40.000000,28.282367
3460.000000,920.000000,35.600000,0.350000,3.028000,0.220000,0.850000,11.717633,7.000000,12.084545,0.118913,4.344562,0.544562,6.978080,1.166142,0.581102,59.121984,0.133429,245.508502,2.540630,0.521552,531.943278,0.244171,4.572819,0.830997,40.000000,28.282367
3470.000000,920.000000,35.600000,0.350000,3.028000,0.220000,0.850000,11.717633,7.000000,12.084545,0.118913,4.344562,0.544562,6.978080,1.166142,0.581102,59.121984,0.133429,245.508502,2.540630,0.521552,531.943278,0.244171,4.572819,0.830997,40.000000,28.282367
3480.000000,920.000000,35.600000,0.350000,3.028000,0.220000,0.850000,11.717633,7.000000,12.084545,0.118913,4.344562,0.544562,6.978080,1.166142,0.581102,59.121984,0.133429,245.508502,2.540630,0.521552,531.943278,0.244171,4.572819,0.830997,40.000000,28.282367
3490.000000,920.000000,35.600000,0.350000,3.028000,0.220000,0.850000,11.717633,7.000000,12.084545,0.118913,4.344562,0.544562,6.978080,1.166142,0.581102,59.121984,0.133429,245.508502,2.540630,0.521552,531.943278,0.244171,4.572819,0.830997,40.000000,28.282367
3500.000000,920.000000,35.600000,0.350000,3.028000,0.220000,0.850000,11.717633,7.000000,12.084545,0.118913,4.344562,0.544562,6.978080,1.166142,0.581102,59.121984,0.133429,245.508502,2.540630,0.521552,531.943278,0.244171,4.572819,0.830997,40.000000,28.282367
3510.000000,920.000000,35.600000,0.350000,3.028000,0.220000,0.850000,11.717633,7.000000,12.084545,0.118913,4.344562,0.544562,6.978080,1.166142,0.581102,59.121984,0.133429,245.508502,2.540630,0.521552,531.943278,0.244171,4.572819,0.830997,40.000000,28.282367
3520.000000,920.000000,35.600000,0.350000,3.028000,0.220000,0.850000,11.717633,7.000000,12.084545,0.118913,4.344562,0.544562,6.978080,1.166142,0.581102,59.121984,0.133429,245.508502,2.540630,0.521552,531.943278,0.244171,4.572819,0.830997,40.000000,28.282367
3530.000000,920.000000,35.600000,0.350000,3.028000,0.220000,0.850000,11.717633,7.000000,12.084545,0.118913,4.344562,0.544562,6.978080,1.166142,0.581102,59.121984,0.133429,245.508502,2.540630,0.521552,531.943278,0.244171,4.572819,0.830997,40.000000,28.282367
3540.000000,920.000000,35.600000,0.350000,3.028000,0.220000,0.850000,11.717633,7.000000,12.084545,0.118913,4.344562,0.544562,6.978080,1.166142,0.581102,59.121984,0.133429,245.508502,2.540630,0.521552,531.943278,0.244171,4.572819,0.830997,40.000000,28.282367
3550.000000,920.000000,35.600000,0.350000,3.028000,0.220000,0.850000,11.717633,7.000000,12.084545,0.118913,4.344562,0.544562,6.978080,1.166142,0.581102,59.121984,0.133429,245.508502,2.540630,0.521552,531.943278,0.244171,4.572819,0.830997,40.000000,28.282367
3560.000000,920.000000,35.600000,0.350000,3.028000,0.220000,0.850000,11.717633,7.000000,12.084545,0.118913,4.344562,0.544562,6.978080,1.166142,0.581102,59.121984,0.133429,245.508502,2.540630,0.521552,531.943278,0.244171,4.572819,0.830997,40.000000,28.282367
3570.000000,920.000000,35.600000,0.350000,3.028000,0.220000,0.850000,11.717633,7.000000,12.084545,0.118913,4.344562,0.544562,6.978080,1.166142,0.581102,59.121984,0.133429,245.508502,2.540630,0.521552,531.943278,0.244171,4.572819,0.830997,40.000000,28.282367
3580.000000,920.000000,35.600000,0.350000,3.028000,0.220000,0.850000,11.717633,7.000000,12.084545,0.118913,4.344562,0.544562,6.978080,1.166142,0.581102,59.121984,0.133429,245.508502,2.540630,0.521552,531.943278,0.244171,4.572819,0.830997,40.000000,28.282367
3590.000000,920.000000,35.600000,0.350000,3.028000,0.220000,0.850000,11.717633,7.000000,12.084545,0.118913,4.344562,0.544562,6.978080,1.166142,0.581102,59.121984,0.133429,245.508502,2.540630,0.521552,531.943278,0.244171,4.572819,0.830997,40.000000,28.282367
