t,DeltaT_ref,DeltaT,T_max,T_min,T_avg,flow_pattern,phi_b_kWm3,soc,n_switches,iae_cumulative
0.0,0.000,0.0000,298.1500,298.1500,298.1500,L,69.26,1.0000,1,0.00
1.0,0.000,0.0000,298.1836,298.1836,298.1836,L,69.22,0.9986,1,0.00
2.0,0.000,0.0000,298.2171,298.2170,298.2171,L,69.18,0.9972,1,0.00
3.0,0.000,0.0001,298.2505,298.2504,298.2504,L,69.14,0.9958,1,0.00
4.0,0.000,0.0002,298.2838,298.2836,298.2837,L,69.10,0.9944,1,0.00
5.0,0.000,0.0003,298.3171,298.3167,298.3169,L,69.06,0.9931,1,0.00
6.0,0.000,0.0005,298.3503,298.3498,298.3500,L,69.02,0.9917,1,0.00
7.0,0.000,0.0007,298.3833,298.3827,298.3830,L,68.98,0.9903,1,0.00
8.0,0.000,0.0009,298.4164,298.4155,298.4159,L,68.95,0.9889,1,0.00
9.0,0.000,0.0012,298.4493,298.4481,298.4487,L,68.91,0.9875,1,0.00
10.0,0.000,0.0015,298.4822,298.4807,298.4814,L,68.87,0.9861,1,0.01
11.0,0.000,0.0018,298.5149,298.5132,298.5140,L,68.83,0.9847,1,0.01
12.0,0.000,0.0021,298.5477,298.5455,298.5465,L,68.80,0.9833,1,0.01
13.0,0.000,0.0025,298.5803,298.5778,298.5790,L,68.76,0.9819,1,0.01
14.0,0.000,0.0029,298.6128,298.6099,298.6113,L,68.72,0.9806,1,0.01
15.0,0.000,0.0034,298.6453,298.6419,298.6435,L,68.69,0.9792,1,0.02
16.0,0.000,0.0038,298.6777,298.6739,298.6757,L,68.65,0.9778,1,0.02
17.0,0.000,0.0044,298.7100,298.7057,298.7077,L,68.62,0.9764,1,0.03
18.0,0.000,0.0049,298.7423,298.7374,298.7397,L,68.58,0.9750,1,0.03
19.0,0.000,0.0055,298.7745,298.7690,298.7716,L,68.55,0.9736,1,0.04
20.0,0.000,0.0061,298.8066,298.8005,298.8034,L,68.51,0.9722,1,0.04
21.0,0.000,0.0067,298.8386,298.8319,298.8351,L,68.48,0.9708,1,0.05
22.0,0.000,0.0073,298.8705,298.8632,298.8667,L,68.45,0.9694,1,0.06
23.0,0.000,0.0080,298.9024,298.8944,298.8982,L,68.42,0.9681,1,0.06
24.0,0.000,0.0087,298.9342,298.9255,298.9296,L,68.38,0.9667,1,0.07
25.0,0.000,0.0095,298.9659,298.9565,298.9609,L,68.35,0.9653,1,0.08
26.0,0.000,0.0102,298.9976,298.9873,298.9922,L,68.32,0.9639,1,0.09
27.0,0.000,0.0110,299.0292,299.0181,299.0233,L,68.29,0.9625,1,0.10
28.0,0.000,0.0119,299.0607,299.0488,299.0544,L,68.26,0.9611,1,0.12
29.0,0.000,0.0127,299.0921,299.0794,299.0854,L,68.23,0.9597,1,0.13
30.0,0.000,0.0136,299.1235,299.1099,299.1163,L,68.20,0.9583,1,0.14
31.0,0.000,0.0145,299.1548,299.1402,299.1471,L,68.17,0.9569,1,0.16
32.0,0.000,0.0155,299.1860,299.1705,299.1778,L,68.14,0.9556,1,0.17
33.0,0.000,0.0164,299.2171,299.2007,299.2085,L,68.11,0.9542,1,0.19
34.0,0.000,0.0174,299.2482,299.2308,299.2390,L,68.08,0.9528,1,0.21
35.0,0.000,0.0185,299.2792,299.2608,299.2695,L,68.05,0.9514,1,0.22
36.0,0.000,0.0195,299.3102,299.2907,299.2999,L,68.02,0.9500,1,0.24
37.0,0.000,0.0206,299.3410,299.3205,299.3302,L,68.00,0.9486,1,0.26
38.0,0.000,0.0217,299.3719,299.3501,299.3604,L,67.97,0.9472,1,0.29
39.0,0.000,0.0228,299.4026,299.3797,299.3905,L,67.94,0.9458,1,0.31
40.0,0.000,0.0240,299.4332,299.4092,299.4206,L,67.92,0.9444,1,0.33
41.0,0.000,0.0252,299.4638,299.4387,299.4506,L,67.89,0.9431,1,0.36
42.0,0.000,0.0264,299.4944,299.4680,299.4805,L,67.86,0.9417,1,0.39
43.0,0.000,0.0276,299.5248,299.4972,299.5103,L,67.84,0.9403,1,0.41
44.0,0.000,0.0289,299.5552,299.5263,299.5400,L,67.81,0.9389,1,0.44
45.0,0.000,0.0302,299.5855,299.5553,299.5696,L,67.79,0.9375,1,0.47
46.0,0.000,0.0315,299.6158,299.5843,299.5992,L,67.76,0.9361,1,0.50
47.0,0.000,0.0329,299.6460,299.6131,299.6287,L,67.74,0.9347,1,0.54
48.0,0.000,0.0342,299.6761,299.6419,299.6581,L,67.72,0.9333,1,0.57
49.0,0.000,0.0356,299.7062,299.6705,299.6874,L,67.69,0.9319,1,0.61
50.0,0.000,0.0370,299.7362,299.6991,299.7166,L,67.67,0.9306,1,0.64
51.0,0.000,0.0385,299.7661,299.7276,299.7458,L,67.65,0.9292,1,0.68
52.0,0.000,0.0400,299.7960,299.7560,299.7749,L,67.62,0.9278,1,0.72
53.0,0.000,0.0415,299.8258,299.7843,299.8039,L,67.60,0.9264,1,0.76
54.0,0.000,0.0430,299.8555,299.8125,299.8328,L,67.58,0.9250,1,0.81
55.0,0.000,0.0445,299.8851,299.8406,299.8617,L,67.56,0.9236,1,0.85
56.0,0.000,0.0461,299.9148,299.8687,299.8904,L,67.54,0.9222,1,0.90
57.0,0.000,0.0477,299.9443,299.8966,299.9191,L,67.52,0.9208,1,0.94
58.0,0.000,0.0493,299.9738,299.9244,299.9477,L,67.50,0.9194,1,0.99
59.0,0.000,0.0510,300.0032,299.9522,299.9763,L,67.48,0.9181,1,1.04
60.0,0.000,0.0526,300.0325,299.9799,300.0048,L,67.46,0.9167,1,1.10
61.0,0.000,0.0543,300.0618,300.0075,300.0331,L,67.44,0.9153,1,1.15
62.0,0.000,0.0560,300.0910,300.0350,300.0615,L,67.42,0.9139,1,1.21
63.0,0.000,0.0578,300.1202,300.0624,300.0897,L,67.40,0.9125,1,1.27
64.0,0.000,0.0595,300.1493,300.0898,300.1179,L,67.38,0.9111,1,1.32
65.0,0.000,0.0613,300.1783,300.1170,300.1460,L,67.37,0.9097,1,1.39
66.0,0.000,0.0631,300.2073,300.1442,300.1740,L,67.35,0.9083,1,1.45
67.0,0.000,0.0650,300.2362,300.1713,300.2019,L,67.33,0.9069,1,1.51
68.0,0.000,0.0668,300.2651,300.1983,300.2298,L,67.31,0.9056,1,1.58
69.0,0.000,0.0687,300.2939,300.2252,300.2576,L,67.30,0.9042,1,1.65
70.0,0.000,0.0706,300.3226,300.2520,300.2853,L,67.28,0.9028,1,1.72
71.0,0.000,0.0725,300.3513,300.2788,300.3130,L,67.26,0.9014,1,1.79
72.0,0.000,0.0745,300.3799,300.3054,300.3406,L,67.25,0.9000,1,1.87
73.0,0.000,0.0764,300.4084,300.3320,300.3681,L,67.23,0.8986,1,1.94
74.0,0.000,0.0784,300.4369,300.3585,300.3955,L,67.22,0.8972,1,2.02
75.0,0.000,0.0804,300.4654,300.3849,300.4229,L,67.20,0.8958,1,2.10
76.0,0.000,0.0825,300.4938,300.4113,300.4502,L,67.19,0.8944,1,2.19
77.0,0.000,0.0845,300.5221,300.4375,300.4774,L,67.18,0.8931,1,2.27
78.0,0.000,0.0866,300.5503,300.4637,300.5046,L,67.16,0.8917,1,2.36
79.0,0.000,0.0887,300.5785,300.4898,300.5316,L,67.15,0.8903,1,2.45
80.0,0.000,0.0908,300.6067,300.5158,300.5587,L,67.13,0.8889,1,2.54
81.0,0.000,0.0930,300.6348,300.5418,300.5856,L,67.12,0.8875,1,2.63
82.0,0.000,0.0951,300.6628,300.5676,300.6125,L,67.11,0.8861,1,2.72
83.0,0.000,0.0973,300.6908,300.5934,300.6393,L,67.10,0.8847,1,2.82
84.0,0.000,0.0995,300.7187,300.6191,300.6661,L,67.09,0.8833,1,2.92
85.0,0.000,0.1018,300.7465,300.6448,300.6927,L,67.07,0.8819,1,3.02
86.0,0.000,0.1040,300.7743,300.6703,300.7193,L,67.06,0.8806,1,3.13
87.0,0.000,0.1063,300.8021,300.6958,300.7459,L,67.05,0.8792,1,3.23
88.0,0.000,0.1086,300.8298,300.7212,300.7724,L,67.04,0.8778,1,3.34
89.0,0.000,0.1109,300.8574,300.7465,300.7988,L,67.03,0.8764,1,3.45
90.0,0.000,0.1132,300.8850,300.7718,300.8251,L,67.02,0.8750,1,3.57
91.0,0.000,0.1156,300.9125,300.7969,300.8514,L,67.01,0.8736,1,3.68
92.0,0.000,0.1179,300.9400,300.8220,300.8776,L,67.00,0.8722,1,3.80
93.0,0.000,0.1203,300.9674,300.8471,300.9037,L,66.99,0.8708,1,3.92
94.0,0.000,0.1227,300.9948,300.8720,300.9298,L,66.98,0.8694,1,4.04
95.0,0.000,0.1252,301.0221,300.8969,300.9558,L,66.97,0.8681,1,4.17
96.0,0.000,0.1276,301.0493,300.9217,300.9818,L,66.97,0.8667,1,4.30
97.0,0.000,0.1301,301.0765,300.9464,301.0077,L,66.96,0.8653,1,4.43
98.0,0.000,0.1326,301.1037,300.9711,301.0335,L,66.95,0.8639,1,4.56
99.0,0.000,0.1351,301.1308,300.9957,301.0593,L,66.94,0.8625,1,4.69
100.0,0.000,0.1376,301.1578,301.0202,301.0850,L,66.93,0.8611,1,4.83
101.0,0.000,0.1402,301.1848,301.0446,301.1106,L,66.93,0.8597,1,4.97
102.0,0.000,0.1427,301.2117,301.0690,301.1362,L,66.92,0.8583,1,5.11
103.0,0.000,0.1453,301.2386,301.0933,301.1617,L,66.91,0.8569,1,5.26
104.0,0.000,0.1479,301.2654,301.1175,301.1871,L,66.91,0.8556,1,5.41
105.0,0.000,0.1506,301.2922,301.1417,301.2125,L,66.90,0.8542,1,5.56
106.0,0.000,0.1532,301.3189,301.1657,301.2378,L,66.90,0.8528,1,5.71
107.0,0.000,0.1559,301.3456,301.1897,301.2631,L,66.89,0.8514,1,5.87
108.0,0.000,0.1585,301.3722,301.2137,301.2883,L,66.89,0.8500,1,6.02
109.0,0.000,0.1612,301.3988,301.2376,301.3134,L,66.88,0.8486,1,6.19
110.0,0.000,0.1640,301.4253,301.2614,301.3385,L,66.88,0.8472,1,6.35
111.0,0.000,0.1667,301.4518,301.2851,301.3635,L,66.87,0.8458,1,6.52
112.0,0.000,0.1695,301.4782,301.3088,301.3885,L,66.87,0.8444,1,6.69
113.0,0.000,0.1722,301.5046,301.3324,301.4134,L,66.86,0.8431,1,6.86
114.0,0.000,0.1750,301.5309,301.3559,301.4382,L,66.86,0.8417,1,7.03
115.0,0.000,0.1778,301.5572,301.3794,301.4630,L,66.86,0.8403,1,7.21
116.0,0.000,0.1806,301.5834,301.4028,301.4877,L,66.85,0.8389,1,7.39
117.0,0.000,0.1835,301.6096,301.4261,301.5124,L,66.85,0.8375,1,7.58
118.0,0.000,0.1863,301.6357,301.4494,301.5370,L,66.85,0.8361,1,7.76
119.0,0.000,0.1892,301.6618,301.4726,301.5615,L,66.85,0.8347,1,7.95
120.0,0.000,0.1921,301.6878,301.4957,301.5860,L,66.85,0.8333,1,8.14
121.0,0.000,0.1950,301.7138,301.5188,301.6105,L,66.84,0.8319,1,8.34
122.0,0.000,0.1979,301.7398,301.5418,301.6348,L,66.84,0.8306,1,8.54
123.0,0.000,0.2009,301.7656,301.5647,301.6592,L,66.84,0.8292,1,8.74
124.0,0.000,0.2039,301.7915,301.5876,301.6834,L,66.84,0.8278,1,8.94
125.0,0.000,0.2068,301.8173,301.6104,301.7076,L,66.84,0.8264,1,9.15
126.0,0.000,0.2098,301.8430,301.6332,301.7318,L,66.84,0.8250,1,9.36
127.0,0.000,0.2128,301.8687,301.6559,301.7559,L,66.84,0.8236,1,9.57
128.0,0.000,0.2159,301.8944,301.6785,301.7799,L,66.84,0.8222,1,9.79
129.0,0.000,0.2189,301.9200,301.7010,301.8039,L,66.84,0.8208,1,10.01
130.0,0.000,0.2220,301.9455,301.7235,301.8278,L,66.84,0.8194,1,10.23
131.0,0.000,0.2250,301.9710,301.7460,301.8517,L,66.84,0.8181,1,10.45
132.0,0.000,0.2281,301.9965,301.7683,301.8755,L,66.84,0.8167,1,10.68
133.0,0.000,0.2313,302.0219,301.7907,301.8992,L,66.84,0.8153,1,10.91
134.0,0.000,0.2344,302.0473,301.8129,301.9230,L,66.84,0.8139,1,11.15
135.0,0.000,0.2375,302.0726,301.8351,301.9466,L,66.84,0.8125,1,11.38
136.0,0.000,0.2407,302.0979,301.8572,301.9702,L,66.85,0.8111,1,11.62
137.0,0.000,0.2438,302.1231,301.8793,301.9937,L,66.85,0.8097,1,11.87
138.0,0.000,0.2470,302.1483,301.9013,302.0172,L,66.85,0.8083,1,12.12
139.0,0.000,0.2502,302.1735,301.9232,302.0407,L,66.85,0.8069,1,12.37
140.0,0.000,0.2535,302.1986,301.9451,302.0641,L,66.85,0.8056,1,12.62
141.0,0.000,0.2567,302.2236,301.9669,302.0874,L,66.86,0.8042,1,12.88
142.0,0.000,0.2599,302.2486,301.9887,302.1107,L,66.86,0.8028,1,13.14
143.0,0.000,0.2632,302.2736,302.0104,302.1339,L,66.86,0.8014,1,13.40
144.0,0.000,0.2665,302.2985,302.0320,302.1571,L,66.87,0.8000,1,13.67
145.0,0.000,0.2698,302.3234,302.0536,302.1802,L,66.87,0.7986,1,13.93
146.0,0.000,0.2731,302.3482,302.0751,302.2033,L,66.87,0.7972,1,14.21
147.0,0.000,0.2764,302.3730,302.0966,302.2263,L,66.88,0.7958,1,14.48
148.0,0.000,0.2797,302.3978,302.1180,302.2493,L,66.88,0.7944,1,14.76
149.0,0.000,0.2831,302.4225,302.1394,302.2722,L,66.89,0.7931,1,15.05
150.0,0.000,0.2865,302.4471,302.1607,302.2950,L,66.89,0.7917,1,15.33
151.0,0.000,0.2899,302.4718,302.1819,302.3179,L,66.90,0.7903,1,15.62
152.0,0.000,0.2932,302.4963,302.2031,302.3406,L,66.90,0.7889,1,15.92
153.0,0.000,0.2967,302.5209,302.2242,302.3633,L,66.91,0.7875,1,16.21
154.0,0.000,0.3001,302.5454,302.2453,302.3860,L,66.91,0.7861,1,16.51
155.0,0.000,0.3035,302.5698,302.2663,302.4086,L,66.92,0.7847,1,16.82
156.0,0.000,0.3070,302.5942,302.2873,302.4312,L,66.92,0.7833,1,17.12
157.0,0.000,0.3104,302.6186,302.3082,302.4537,L,66.93,0.7819,1,17.43
158.0,0.000,0.3139,302.6429,302.3290,302.4762,L,66.94,0.7806,1,17.75
159.0,0.000,0.3174,302.6672,302.3498,302.4986,L,66.94,0.7792,1,18.07
160.0,0.000,0.3209,302.6915,302.3705,302.5210,L,66.95,0.7778,1,18.39
161.0,0.000,0.3244,302.7157,302.3912,302.5433,L,66.95,0.7764,1,18.71
162.0,0.000,0.3280,302.7398,302.4119,302.5656,L,66.96,0.7750,1,19.04
163.0,0.000,0.3315,302.7640,302.4324,302.5878,L,66.97,0.7736,1,19.37
164.0,0.000,0.3351,302.7881,302.4530,302.6100,L,66.98,0.7722,1,19.71
165.0,0.000,0.3387,302.8121,302.4734,302.6321,L,66.98,0.7708,1,20.04
166.0,0.000,0.3423,302.8361,302.4938,302.6542,L,66.99,0.7694,1,20.39
167.0,0.000,0.3459,302.8601,302.5142,302.6762,L,67.00,0.7681,1,20.73
168.0,0.000,0.3495,302.8840,302.5345,302.6982,L,67.01,0.7667,1,21.08
169.0,0.000,0.3531,302.9079,302.5548,302.7201,L,67.01,0.7653,1,21.44
170.0,0.000,0.3567,302.9317,302.5750,302.7420,L,67.02,0.7639,1,21.79
171.0,0.000,0.3604,302.9555,302.5951,302.7639,L,67.03,0.7625,1,22.15
172.0,0.000,0.3641,302.9793,302.6152,302.7857,L,67.04,0.7611,1,22.52
173.0,0.000,0.3677,303.0030,302.6352,302.8074,L,67.05,0.7597,1,22.88
174.0,0.000,0.3714,303.0267,302.6552,302.8291,L,67.06,0.7583,1,23.26
175.0,0.000,0.3751,303.0503,302.6752,302.8508,L,67.06,0.7569,1,23.63
176.0,0.000,0.3789,303.0739,302.6951,302.8724,L,67.07,0.7556,1,24.01
177.0,0.000,0.3826,303.0975,302.7149,302.8940,L,67.08,0.7542,1,24.39
178.0,0.000,0.3863,303.1210,302.7347,302.9155,L,67.09,0.7528,1,24.78
179.0,0.000,0.3901,303.1445,302.7544,302.9370,L,67.10,0.7514,1,25.17
180.0,0.000,0.3939,303.1680,302.7741,302.9584,L,67.11,0.7500,1,25.56
181.0,0.000,0.3976,303.1914,302.7938,302.9798,L,67.12,0.7486,1,25.96
182.0,0.000,0.4014,303.2148,302.8133,303.0012,L,67.13,0.7472,1,26.36
183.0,0.000,0.4052,303.2381,302.8329,303.0225,L,67.14,0.7458,1,26.77
184.0,0.000,0.4090,303.2614,302.8524,303.0438,L,67.15,0.7444,1,27.18
185.0,0.000,0.4129,303.2847,302.8718,303.0650,L,67.16,0.7431,1,27.59
186.0,0.000,0.4167,303.3079,302.8912,303.0861,L,67.17,0.7417,1,28.01
187.0,0.000,0.4206,303.3311,302.9105,303.1073,L,67.18,0.7403,1,28.43
188.0,0.000,0.4244,303.3543,302.9298,303.1283,L,67.19,0.7389,1,28.85
189.0,0.000,0.4283,303.3774,302.9491,303.1494,L,67.20,0.7375,1,29.28
190.0,0.000,0.4322,303.4004,302.9683,303.1704,L,67.21,0.7361,1,29.71
191.0,0.000,0.4361,303.4235,302.9874,303.1913,L,67.22,0.7347,1,30.15
192.0,0.000,0.4400,303.4465,303.0065,303.2122,L,67.24,0.7333,1,30.59
193.0,0.000,0.4439,303.4695,303.0256,303.2331,L,67.25,0.7319,1,31.03
194.0,0.000,0.4478,303.4924,303.0446,303.2539,L,67.26,0.7306,1,31.48
195.0,0.000,0.4518,303.5153,303.0635,303.2747,L,67.27,0.7292,1,31.93
196.0,0.000,0.4557,303.5382,303.0824,303.2955,L,67.28,0.7278,1,32.39
197.0,0.000,0.4597,303.5610,303.1013,303.3162,L,67.29,0.7264,1,32.85
198.0,0.000,0.4637,303.5838,303.1201,303.3368,L,67.30,0.7250,1,33.31
199.0,0.000,0.4676,303.6065,303.1389,303.3574,L,67.32,0.7236,1,33.78
200.0,0.000,0.4716,303.6292,303.1576,303.3780,L,67.33,0.7222,1,34.25
201.0,0.000,0.4756,303.6519,303.1763,303.3985,L,67.34,0.7208,1,34.72
202.0,0.000,0.4797,303.6746,303.1949,303.4190,L,67.35,0.7194,1,35.20
203.0,0.000,0.4837,303.6972,303.2135,303.4395,L,67.36,0.7181,1,35.69
204.0,0.000,0.4877,303.7197,303.2320,303.4599,L,67.38,0.7167,1,36.18
205.0,0.000,0.4918,303.7423,303.2505,303.4803,L,67.39,0.7153,1,36.67
206.0,0.000,0.4958,303.7648,303.2690,303.5006,L,67.40,0.7139,1,37.16
207.0,0.000,0.4999,303.7873,303.2874,303.5209,L,67.41,0.7125,1,37.66
208.0,0.000,0.5040,303.8097,303.3057,303.5411,L,67.43,0.7111,1,38.17
209.0,0.000,0.5081,303.8321,303.3240,303.5613,L,67.44,0.7097,1,38.67
210.0,0.000,0.5122,303.8545,303.3423,303.5815,L,67.45,0.7083,1,39.19
211.0,0.000,0.5163,303.8768,303.3605,303.6016,L,67.47,0.7069,1,39.70
212.0,0.000,0.5204,303.8991,303.3787,303.6217,L,67.48,0.7056,1,40.22
213.0,0.000,0.5245,303.9214,303.3968,303.6417,L,67.49,0.7042,1,40.75
214.0,0.000,0.5287,303.9436,303.4149,303.6617,L,67.51,0.7028,1,41.28
215.0,0.000,0.5328,303.9658,303.4330,303.6817,L,67.52,0.7014,1,41.81
216.0,0.000,0.5370,303.9879,303.4510,303.7016,L,67.53,0.7000,1,42.35
217.0,0.000,0.5411,304.0101,303.4689,303.7215,L,67.55,0.6986,1,42.89
218.0,0.000,0.5453,304.0322,303.4868,303.7413,L,67.56,0.6972,1,43.43
219.0,0.000,0.5495,304.0542,303.5047,303.7612,L,67.57,0.6958,1,43.98
220.0,0.000,0.5537,304.0762,303.5225,303.7809,L,67.59,0.6944,1,44.54
221.0,0.000,0.5579,304.0982,303.5403,303.8007,L,67.60,0.6931,1,45.09
222.0,0.000,0.5621,304.1202,303.5581,303.8203,L,67.61,0.6917,1,45.66
223.0,0.000,0.5664,304.1421,303.5757,303.8400,L,67.63,0.6903,1,46.22
224.0,0.000,0.5706,304.1640,303.5934,303.8596,L,67.64,0.6889,1,46.79
225.0,0.000,0.5748,304.1859,303.6110,303.8792,L,67.65,0.6875,1,47.37
226.0,0.000,0.5791,304.2077,303.6286,303.8987,L,67.67,0.6861,1,47.95
227.0,0.000,0.5834,304.2295,303.6461,303.9182,L,67.68,0.6847,1,48.53
228.0,0.000,0.5876,304.2512,303.6636,303.9377,L,67.70,0.6833,1,49.12
229.0,0.000,0.5919,304.2730,303.6811,303.9571,L,67.71,0.6819,1,49.71
230.0,0.000,0.5962,304.2947,303.6985,303.9765,L,67.73,0.6806,1,50.31
231.0,0.000,0.6005,304.3163,303.7158,303.9958,L,67.74,0.6792,1,50.91
232.0,0.000,0.6048,304.3379,303.7331,304.0151,L,67.75,0.6778,1,51.51
233.0,0.000,0.6091,304.3595,303.7504,304.0344,L,67.77,0.6764,1,52.12
234.0,0.000,0.6135,304.3811,303.7677,304.0536,L,67.78,0.6750,1,52.73
235.0,0.000,0.6178,304.4026,303.7849,304.0728,L,67.80,0.6736,1,53.35
236.0,0.000,0.6221,304.4241,303.8020,304.0920,L,67.81,0.6722,1,53.97
237.0,0.000,0.6265,304.4456,303.8191,304.1111,L,67.83,0.6708,1,54.60
238.0,0.000,0.6308,304.4670,303.8362,304.1302,L,67.84,0.6694,1,55.23
239.0,0.000,0.6352,304.4884,303.8532,304.1493,L,67.86,0.6681,1,55.87
240.0,0.000,0.6396,304.5098,303.8702,304.1683,L,67.87,0.6667,1,56.51
241.0,0.000,0.6440,304.5311,303.8872,304.1872,L,67.88,0.6653,1,57.15
242.0,0.000,0.6484,304.5525,303.9041,304.2062,L,67.90,0.6639,1,57.80
243.0,0.000,0.6528,304.5737,303.9210,304.2251,L,67.91,0.6625,1,58.45
244.0,0.000,0.6572,304.5950,303.9378,304.2440,L,67.93,0.6611,1,59.11
245.0,0.000,0.6616,304.6162,303.9546,304.2628,L,67.94,0.6597,1,59.77
246.0,0.000,0.6660,304.6374,303.9713,304.2816,L,67.96,0.6583,1,60.44
247.0,0.000,0.6704,304.6585,303.9881,304.3003,L,67.97,0.6569,1,61.11
248.0,0.000,0.6749,304.6796,304.0047,304.3191,L,67.99,0.6556,1,61.78
249.0,0.000,0.6793,304.7007,304.0214,304.3378,L,68.00,0.6542,1,62.46
250.0,0.000,0.6838,304.7218,304.0380,304.3564,L,68.02,0.6528,1,63.14
251.0,0.000,0.6883,304.7428,304.0545,304.3750,L,68.03,0.6514,1,63.83
252.0,0.000,0.6927,304.7638,304.0711,304.3936,L,68.05,0.6500,1,64.53
253.0,0.000,0.6972,304.7847,304.0875,304.4121,L,68.06,0.6486,1,65.22
254.0,0.000,0.7017,304.8057,304.1040,304.4307,L,68.08,0.6472,1,65.92
255.0,0.000,0.7062,304.8266,304.1204,304.4491,L,68.09,0.6458,1,66.63
256.0,0.000,0.7107,304.8474,304.1367,304.4676,L,68.11,0.6444,1,67.34
257.0,0.000,0.7152,304.8683,304.1531,304.4860,L,68.12,0.6431,1,68.06
258.0,0.000,0.7197,304.8891,304.1694,304.5043,L,68.14,0.6417,1,68.78
259.0,0.000,0.7242,304.9099,304.1856,304.5227,L,68.15,0.6403,1,69.50
260.0,0.000,0.7288,304.9306,304.2018,304.5410,L,68.17,0.6389,1,70.23
261.0,0.000,0.7333,304.9513,304.2180,304.5592,L,68.18,0.6375,1,70.96
262.0,0.000,0.7379,304.9720,304.2341,304.5775,L,68.20,0.6361,1,71.70
263.0,0.000,0.7424,304.9927,304.2502,304.5957,L,68.21,0.6347,1,72.44
264.0,0.000,0.7470,305.0133,304.2663,304.6138,L,68.23,0.6333,1,73.19
265.0,0.000,0.7516,305.0339,304.2823,304.6319,L,68.24,0.6319,1,73.94
266.0,0.000,0.7561,305.0544,304.2983,304.6500,L,68.26,0.6306,1,74.70
267.0,0.000,0.7607,305.0750,304.3143,304.6681,L,68.27,0.6292,1,75.46
268.0,0.000,0.7653,305.0955,304.3302,304.6861,L,68.29,0.6278,1,76.22
269.0,0.000,0.7699,305.1159,304.3461,304.7041,L,68.30,0.6264,1,76.99
270.0,0.000,0.7745,305.1364,304.3619,304.7221,L,68.32,0.6250,1,77.77
271.0,0.000,0.7791,305.1568,304.3777,304.7400,L,68.33,0.6236,1,78.55
272.0,0.000,0.7837,305.1772,304.3935,304.7579,L,68.35,0.6222,1,79.33
273.0,0.000,0.7883,305.1975,304.4092,304.7757,L,68.36,0.6208,1,80.12
274.0,0.000,0.7930,305.2179,304.4249,304.7935,L,68.38,0.6194,1,80.91
275.0,0.000,0.7976,305.2382,304.4405,304.8113,L,68.39,0.6181,1,81.71
276.0,0.000,0.8023,305.2584,304.4562,304.8291,L,68.41,0.6167,1,82.51
277.0,0.000,0.8069,305.2786,304.4717,304.8468,L,68.42,0.6153,1,83.32
278.0,0.000,0.8116,305.2989,304.4873,304.8645,L,68.44,0.6139,1,84.13
279.0,0.000,0.8162,305.3190,304.5028,304.8821,L,68.45,0.6125,1,84.95
280.0,0.000,0.8209,305.3392,304.5183,304.8998,L,68.47,0.6111,1,85.77
281.0,0.000,0.8256,305.3593,304.5337,304.9174,L,68.48,0.6097,1,86.59
282.0,0.000,0.8302,305.3794,304.5491,304.9349,L,68.50,0.6083,1,87.42
283.0,0.000,0.8349,305.3994,304.5645,304.9524,L,68.51,0.6069,1,88.26
284.0,0.000,0.8396,305.4194,304.5798,304.9699,L,68.53,0.6056,1,89.10
285.0,0.000,0.8443,305.4394,304.5951,304.9874,L,68.54,0.6042,1,89.94
286.0,0.000,0.8490,305.4594,304.6104,305.0048,L,68.56,0.6028,1,90.79
287.0,0.000,0.8537,305.4794,304.6256,305.0222,L,68.57,0.6014,1,91.65
288.0,0.000,0.8585,305.4993,304.6408,305.0395,U,68.58,0.6000,2,92.50
289.0,0.000,0.8639,305.5197,304.6558,305.0525,J,68.60,0.5986,3,93.37
290.0,0.000,0.8468,305.5147,304.6679,305.0620,J,68.61,0.5972,3,94.21
291.0,0.000,0.8529,305.5328,304.6799,305.0715,J,68.63,0.5958,3,95.07
292.0,0.000,0.8590,305.5510,304.6919,305.0810,U,68.64,0.5944,4,95.93
293.0,0.000,0.8412,305.5480,304.7068,305.0939,U,68.66,0.5931,4,96.77
294.0,0.000,0.8234,305.5450,304.7216,305.1067,U,68.67,0.5917,4,97.59
295.0,0.000,0.8149,305.5514,304.7365,305.1195,U,68.68,0.5903,4,98.41
296.0,0.000,0.8205,305.5718,304.7512,305.1323,U,68.70,0.5889,4,99.23
297.0,0.000,0.8261,305.5921,304.7660,305.1451,U,68.71,0.5875,4,100.05
298.0,0.000,0.8318,305.6125,304.7807,305.1579,U,68.73,0.5861,4,100.88
299.0,0.000,0.8374,305.6328,304.7954,305.1706,U,68.74,0.5847,4,101.72
300.0,0.000,0.8430,305.6530,304.8100,305.1833,U,68.76,0.5833,4,102.56
301.0,0.000,0.8487,305.6733,304.8246,305.1959,U,68.77,0.5819,4,103.41
302.0,0.000,0.8543,305.6935,304.8392,305.2086,U,68.78,0.5806,4,104.27
303.0,0.000,0.8600,305.7137,304.8537,305.2212,J,68.80,0.5792,5,105.13
304.0,0.000,0.8375,305.7027,304.8652,305.2302,J,68.81,0.5778,5,105.96
305.0,0.000,0.8151,305.6918,304.8767,305.2392,J,68.83,0.5764,5,106.78
306.0,0.000,0.7928,305.6810,304.8882,305.2482,J,68.84,0.5750,5,107.57
307.0,0.000,0.7707,305.6703,304.8996,305.2571,J,68.85,0.5736,5,108.34
308.0,0.000,0.7486,305.6596,304.9110,305.2661,J,68.87,0.5722,5,109.09
309.0,0.000,0.7267,305.6490,304.9223,305.2750,J,68.88,0.5708,5,109.82
310.0,0.000,0.7132,305.6469,304.9337,305.2839,J,68.89,0.5694,5,110.53
311.0,0.000,0.7200,305.6650,304.9450,305.2928,J,68.91,0.5681,5,111.25
312.0,0.000,0.7268,305.6830,304.9562,305.3017,J,68.92,0.5667,5,111.98
313.0,0.000,0.7335,305.7010,304.9675,305.3105,J,68.93,0.5653,5,112.71
314.0,0.000,0.7403,305.7189,304.9787,305.3194,J,68.95,0.5639,5,113.45
315.0,0.000,0.7470,305.7369,304.9898,305.3282,J,68.96,0.5625,5,114.20
316.0,0.000,0.7538,305.7548,305.0010,305.3370,J,68.97,0.5611,5,114.95
317.0,0.000,0.7605,305.7727,305.0121,305.3458,J,68.99,0.5597,5,115.71
318.0,0.000,0.7673,305.7905,305.0232,305.3546,J,69.00,0.5583,5,116.48
319.0,0.000,0.7741,305.8083,305.0342,305.3634,J,69.01,0.5569,5,117.26
320.0,0.000,0.7808,305.8261,305.0453,305.3722,J,69.03,0.5556,5,118.04
321.0,0.000,0.7876,305.8438,305.0563,305.3809,J,69.04,0.5542,5,118.82
322.0,0.000,0.7943,305.8615,305.0672,305.3897,J,69.05,0.5528,5,119.62
323.0,0.000,0.8011,305.8792,305.0782,305.3984,J,69.07,0.5514,5,120.42
324.0,0.000,0.8078,305.8969,305.0891,305.4071,J,69.08,0.5500,5,121.23
325.0,0.000,0.8146,305.9145,305.0999,305.4158,J,69.09,0.5486,5,122.04
326.0,0.000,0.8213,305.9321,305.1108,305.4244,J,69.10,0.5472,5,122.86
327.0,0.000,0.8281,305.9497,305.1216,305.4331,J,69.12,0.5458,5,123.69
328.0,0.000,0.8348,305.9672,305.1324,305.4418,J,69.13,0.5444,5,124.53
329.0,0.000,0.8416,305.9847,305.1431,305.4504,J,69.14,0.5431,5,125.37
330.0,0.000,0.8483,306.0022,305.1539,305.4590,J,69.16,0.5417,5,126.22
331.0,0.000,0.8551,306.0196,305.1646,305.4676,U,69.17,0.5403,6,127.07
332.0,0.000,0.8363,306.0147,305.1784,305.4795,U,69.18,0.5389,6,127.91
333.0,0.000,0.8176,306.0097,305.1921,305.4913,U,69.19,0.5375,6,128.72
334.0,0.000,0.7990,306.0048,305.2059,305.5032,U,69.21,0.5361,6,129.52
335.0,0.000,0.7804,306.0000,305.2196,305.5150,U,69.22,0.5347,6,130.30
336.0,0.000,0.7619,305.9951,305.2332,305.5268,U,69.23,0.5333,6,131.07
337.0,0.000,0.7434,305.9903,305.2469,305.5385,U,69.24,0.5319,6,131.81
338.0,0.000,0.7251,305.9856,305.2605,305.5503,U,69.26,0.5306,6,132.53
339.0,0.000,0.7068,305.9808,305.2741,305.5620,U,69.27,0.5292,6,133.24
340.0,0.000,0.6885,305.9761,305.2876,305.5737,U,69.28,0.5278,6,133.93
341.0,0.000,0.6704,305.9715,305.3011,305.5854,U,69.29,0.5264,6,134.60
342.0,0.000,0.6522,305.9668,305.3146,305.5970,U,69.31,0.5250,6,135.25
343.0,0.000,0.6342,305.9622,305.3280,305.6087,U,69.32,0.5236,6,135.89
344.0,0.000,0.6162,305.9577,305.3414,305.6203,U,69.33,0.5222,6,136.50
345.0,0.000,0.5983,305.9531,305.3548,305.6319,U,69.34,0.5208,6,137.10
346.0,0.000,0.5805,305.9486,305.3681,305.6434,U,69.35,0.5194,6,137.68
347.0,0.000,0.5627,305.9441,305.3815,305.6550,U,69.37,0.5181,6,138.24
348.0,0.000,0.5450,305.9397,305.3947,305.6665,U,69.38,0.5167,6,138.79
349.0,0.000,0.5273,305.9353,305.4080,305.6780,U,69.39,0.5153,6,139.32
350.0,0.000,0.5097,305.9309,305.4212,305.6895,U,69.40,0.5139,6,139.83
351.0,0.000,0.4922,305.9266,305.4344,305.7010,U,69.41,0.5125,6,140.32
352.0,0.000,0.4747,305.9223,305.4476,305.7124,U,69.42,0.5111,6,140.79
353.0,0.000,0.4587,305.9194,305.4607,305.7239,U,69.44,0.5097,6,141.25
354.0,0.000,0.4552,305.9290,305.4738,305.7353,U,69.45,0.5083,6,141.71
355.0,0.000,0.4603,305.9472,305.4868,305.7466,U,69.46,0.5069,6,142.17
356.0,0.000,0.4655,305.9653,305.4999,305.7580,U,69.47,0.5056,6,142.63
357.0,0.000,0.4706,305.9834,305.5129,305.7693,U,69.48,0.5042,6,143.10
358.0,0.000,0.4757,306.0015,305.5258,305.7806,U,69.49,0.5028,6,143.58
359.0,0.000,0.4809,306.0196,305.5388,305.7919,U,69.51,0.5014,6,144.06
360.0,0.000,0.4860,306.0376,305.5517,305.8032,U,69.52,0.5000,6,144.55
361.0,0.000,0.4911,306.0556,305.5645,305.8145,U,69.53,0.4986,6,145.04
362.0,0.000,0.4962,306.0736,305.5774,305.8257,U,69.54,0.4972,6,145.53
363.0,0.000,0.5014,306.0916,305.5902,305.8369,U,69.55,0.4958,6,146.03
364.0,0.000,0.5065,306.1095,305.6030,305.8481,U,69.56,0.4944,6,146.54
365.0,0.000,0.5131,306.1288,305.6157,305.8593,U,69.57,0.4931,6,147.05
366.0,0.000,0.5202,306.1487,305.6284,305.8704,U,69.58,0.4917,6,147.57
367.0,0.000,0.5274,306.1685,305.6411,305.8815,U,69.59,0.4903,6,148.10
368.0,0.000,0.5346,306.1883,305.6538,305.8926,U,69.61,0.4889,6,148.64
369.0,0.000,0.5417,306.2081,305.6664,305.9037,U,69.62,0.4875,6,149.18
370.0,0.000,0.5489,306.2279,305.6790,305.9148,U,69.63,0.4861,6,149.73
371.0,0.000,0.5561,306.2476,305.6916,305.9258,U,69.64,0.4847,6,150.28
372.0,0.000,0.5632,306.2673,305.7041,305.9369,U,69.65,0.4833,6,150.85
373.0,0.000,0.5704,306.2870,305.7166,305.9479,U,69.66,0.4819,6,151.42
374.0,0.000,0.5776,306.3066,305.7291,305.9588,U,69.67,0.4806,6,151.99
375.0,0.000,0.5847,306.3263,305.7415,305.9698,U,69.68,0.4792,6,152.58
376.0,0.000,0.5919,306.3458,305.7539,305.9807,U,69.69,0.4778,6,153.17
377.0,0.000,0.5991,306.3654,305.7663,305.9916,U,69.70,0.4764,6,153.77
378.0,0.000,0.6062,306.3849,305.7787,306.0025,U,69.71,0.4750,6,154.38
379.0,0.000,0.6134,306.4044,305.7910,306.0134,U,69.72,0.4736,6,154.99
380.0,0.000,0.6206,306.4239,305.8033,306.0243,U,69.73,0.4722,6,155.61
381.0,0.000,0.6335,306.4433,305.8099,306.0351,U,69.74,0.4708,6,156.24
382.0,0.000,0.6563,306.4627,305.8064,306.0459,U,69.76,0.4694,6,156.90
383.0,0.000,0.6792,306.4821,305.8030,306.0567,U,69.77,0.4681,6,157.58
384.0,0.000,0.7019,306.5015,305.7995,306.0675,U,69.78,0.4667,6,158.28
385.0,0.000,0.7246,306.5208,305.7961,306.0783,U,69.79,0.4653,6,159.01
386.0,0.000,0.7473,306.5401,305.7928,306.0890,U,69.80,0.4639,6,159.75
387.0,0.000,0.7699,306.5593,305.7894,306.0997,U,69.81,0.4625,6,160.52
388.0,0.000,0.7925,306.5786,305.7861,306.1104,U,69.82,0.4611,6,161.32
389.0,0.000,0.8150,306.5978,305.7828,306.1211,U,69.83,0.4597,6,162.13
390.0,0.000,0.8374,306.6170,305.7796,306.1317,U,69.84,0.4583,6,162.97
391.0,0.000,0.8598,306.6361,305.7763,306.1423,J,69.85,0.4569,7,163.83
392.0,0.000,0.8256,306.6204,305.7948,306.1485,J,69.86,0.4556,7,164.65
393.0,0.000,0.7916,306.6048,305.8132,306.1547,J,69.87,0.4542,7,165.44
394.0,0.000,0.7577,306.5893,305.8316,306.1609,J,69.88,0.4528,7,166.20
395.0,0.000,0.7240,306.5740,305.8500,306.1671,J,69.89,0.4514,7,166.93
396.0,0.000,0.6996,306.5679,305.8683,306.1733,J,69.90,0.4500,7,167.63
397.0,0.000,0.6785,306.5651,305.8866,306.1794,J,69.91,0.4486,7,168.30
398.0,0.000,0.6575,306.5623,305.9049,306.1856,J,69.92,0.4472,7,168.96
399.0,0.000,0.6365,306.5596,305.9231,306.1917,J,69.93,0.4458,7,169.60
400.0,0.000,0.6155,306.5568,305.9413,306.1979,J,69.94,0.4444,7,170.21
401.0,0.000,0.5946,306.5541,305.9594,306.2040,J,69.95,0.4431,7,170.81
402.0,0.000,0.5738,306.5514,305.9776,306.2102,J,69.96,0.4417,7,171.38
403.0,0.000,0.5530,306.5486,305.9957,306.2163,J,69.97,0.4403,7,171.94
404.0,0.000,0.5322,306.5459,306.0137,306.2224,J,69.98,0.4389,7,172.47
405.0,0.000,0.5115,306.5432,306.0317,306.2286,J,69.99,0.4375,7,172.98
406.0,0.000,0.4908,306.5406,306.0497,306.2347,J,70.00,0.4361,7,173.47
407.0,0.000,0.4702,306.5379,306.0677,306.2408,J,70.01,0.4347,7,173.94
408.0,0.000,0.4578,306.5352,306.0774,306.2469,J,70.02,0.4333,7,174.40
409.0,0.000,0.4471,306.5326,306.0855,306.2530,J,70.03,0.4319,7,174.85
410.0,0.000,0.4364,306.5300,306.0936,306.2591,J,70.04,0.4306,7,175.28
411.0,0.000,0.4257,306.5273,306.1016,306.2652,J,70.05,0.4292,7,175.71
412.0,0.000,0.4151,306.5247,306.1096,306.2712,J,70.06,0.4278,7,176.12
413.0,0.000,0.4045,306.5221,306.1176,306.2773,J,70.07,0.4264,7,176.53
414.0,0.000,0.3939,306.5195,306.1256,306.2834,J,70.08,0.4250,7,176.92
415.0,0.000,0.3834,306.5169,306.1335,306.2895,J,70.09,0.4236,7,177.30
416.0,0.000,0.3729,306.5144,306.1415,306.2955,J,70.10,0.4222,7,177.68
417.0,0.000,0.3624,306.5118,306.1494,306.3016,J,70.11,0.4208,7,178.04
418.0,0.000,0.3520,306.5093,306.1573,306.3076,J,70.12,0.4194,7,178.39
419.0,0.000,0.3465,306.5116,306.1651,306.3136,J,70.13,0.4181,7,178.74
420.0,0.000,0.3534,306.5263,306.1730,306.3197,J,70.14,0.4167,7,179.09
421.0,0.000,0.3602,306.5411,306.1808,306.3257,J,70.15,0.4153,7,179.45
422.0,0.000,0.3671,306.5557,306.1886,306.3317,J,70.16,0.4139,7,179.82
423.0,0.000,0.3873,306.5704,306.1831,306.3378,J,70.17,0.4125,7,180.21
424.0,0.000,0.4145,306.5850,306.1705,306.3438,J,70.18,0.4111,7,180.62
425.0,0.000,0.4417,306.5996,306.1579,306.3498,J,70.19,0.4097,7,181.06
426.0,0.000,0.4687,306.6141,306.1455,306.3558,J,70.20,0.4083,7,181.53
427.0,0.000,0.4956,306.6287,306.1331,306.3618,J,70.21,0.4069,7,182.03
428.0,0.000,0.5224,306.6432,306.1208,306.3677,J,70.22,0.4056,7,182.55
429.0,0.000,0.5491,306.6577,306.1086,306.3737,J,70.23,0.4042,7,183.10
430.0,0.000,0.5756,306.6721,306.0965,306.3797,J,70.24,0.4028,7,183.67
431.0,0.000,0.6021,306.6865,306.0845,306.3857,J,70.25,0.4014,7,184.28
432.0,0.000,0.6284,306.7009,306.0725,306.3916,J,70.26,0.4000,7,184.90
433.0,0.000,0.6547,306.7153,306.0606,306.3976,J,70.28,0.3986,7,185.56
434.0,0.000,0.6808,306.7296,306.0489,306.4036,J,70.29,0.3972,7,186.24
435.0,0.000,0.7068,306.7440,306.0371,306.4095,J,70.30,0.3958,7,186.95
436.0,0.000,0.7327,306.7582,306.0255,306.4154,J,70.31,0.3944,7,187.68
437.0,0.000,0.7585,306.7725,306.0140,306.4214,J,70.32,0.3931,7,188.44
438.0,0.000,0.7842,306.7867,306.0025,306.4273,J,70.33,0.3917,7,189.22
439.0,0.000,0.8098,306.8009,305.9911,306.4332,J,70.34,0.3903,7,190.03
440.0,0.000,0.8353,306.8151,305.9798,306.4392,J,70.35,0.3889,7,190.87
441.0,0.000,0.8607,306.8293,305.9686,306.4451,U,70.36,0.3875,8,191.73
442.0,0.000,0.8417,306.8309,305.9893,306.4547,U,70.38,0.3861,8,192.57
443.0,0.000,0.8227,306.8326,306.0099,306.4642,U,70.39,0.3847,8,193.39
444.0,0.000,0.8037,306.8343,306.0305,306.4738,U,70.40,0.3833,8,194.20
445.0,0.000,0.7848,306.8359,306.0511,306.4834,U,70.41,0.3819,8,194.98
446.0,0.000,0.7659,306.8376,306.0716,306.4929,U,70.42,0.3806,8,195.75
447.0,0.000,0.7471,306.8392,306.0922,306.5024,U,70.44,0.3792,8,196.49
448.0,0.000,0.7282,306.8409,306.1126,306.5120,U,70.45,0.3778,8,197.22
449.0,0.000,0.7094,306.8425,306.1331,306.5214,U,70.46,0.3764,8,197.93
450.0,0.000,0.6906,306.8441,306.1535,306.5309,U,70.47,0.3750,8,198.62
451.0,0.000,0.6718,306.8458,306.1739,306.5404,U,70.49,0.3736,8,199.29
452.0,0.000,0.6531,306.8474,306.1943,306.5499,U,70.50,0.3722,8,199.95
453.0,0.000,0.6344,306.8491,306.2146,306.5593,U,70.51,0.3708,8,200.58
454.0,0.000,0.6157,306.8507,306.2349,306.5687,U,70.52,0.3694,8,201.20
455.0,0.000,0.5971,306.8523,306.2552,306.5781,U,70.54,0.3681,8,201.79
456.0,0.000,0.5785,306.8539,306.2755,306.5875,U,70.55,0.3667,8,202.37
457.0,0.000,0.5599,306.8556,306.2957,306.5969,U,70.56,0.3653,8,202.93
458.0,0.000,0.5413,306.8572,306.3159,306.6063,U,70.58,0.3639,8,203.47
459.0,0.000,0.5228,306.8588,306.3360,306.6156,U,70.59,0.3625,8,204.00
460.0,0.000,0.5043,306.8604,306.3562,306.6250,U,70.60,0.3611,8,204.50
461.0,0.000,0.4858,306.8621,306.3763,306.6343,U,70.62,0.3597,8,204.99
462.0,0.000,0.4673,306.8637,306.3963,306.6436,U,70.63,0.3583,8,205.45
463.0,0.000,0.4489,306.8653,306.4164,306.6529,U,70.65,0.3569,8,205.90
464.0,0.000,0.4305,306.8669,306.4364,306.6622,U,70.66,0.3556,8,206.33
465.0,0.000,0.4121,306.8685,306.4564,306.6715,U,70.68,0.3542,8,206.75
466.0,0.000,0.4070,306.8833,306.4763,306.6807,U,70.69,0.3528,8,207.15
467.0,0.000,0.4174,306.9002,306.4827,306.6900,U,70.70,0.3514,8,207.57
468.0,0.000,0.4405,306.9170,306.4765,306.6992,U,70.72,0.3500,8,208.01
469.0,0.000,0.4634,306.9337,306.4703,306.7084,U,70.73,0.3486,8,208.47
470.0,0.000,0.4863,306.9505,306.4642,306.7176,U,70.75,0.3472,8,208.96
471.0,0.000,0.5091,306.9672,306.4581,306.7268,U,70.77,0.3458,8,209.47
472.0,0.000,0.5318,306.9839,306.4521,306.7360,U,70.78,0.3444,8,210.00
473.0,0.000,0.5545,307.0006,306.4461,306.7452,U,70.80,0.3431,8,210.56
474.0,0.000,0.5771,307.0172,306.4401,306.7543,U,70.81,0.3417,8,211.13
475.0,0.000,0.5997,307.0339,306.4342,306.7635,U,70.83,0.3403,8,211.73
476.0,0.000,0.6222,307.0505,306.4283,306.7726,U,70.85,0.3389,8,212.35
477.0,0.000,0.6446,307.0670,306.4224,306.7817,U,70.86,0.3375,8,213.00
478.0,0.000,0.6670,307.0836,306.4166,306.7909,U,70.88,0.3361,8,213.67
479.0,0.000,0.6893,307.1001,306.4109,306.8000,U,70.90,0.3347,8,214.36
480.0,0.000,0.7115,307.1166,306.4051,306.8090,U,70.91,0.3333,8,215.07
481.0,0.000,0.7336,307.1331,306.3994,306.8181,U,70.93,0.3319,8,215.80
482.0,0.000,0.7557,307.1495,306.3938,306.8272,U,70.95,0.3306,8,216.56
483.0,0.000,0.7778,307.1660,306.3882,306.8362,U,70.97,0.3292,8,217.33
484.0,0.000,0.7998,307.1824,306.3826,306.8453,U,70.99,0.3278,8,218.13
485.0,0.000,0.8217,307.1987,306.3771,306.8543,U,71.00,0.3264,8,218.96
486.0,0.000,0.8435,307.2151,306.3716,306.8633,U,71.02,0.3250,8,219.80
487.0,0.000,0.8653,307.2314,306.3661,306.8723,J,71.04,0.3236,9,220.66
488.0,0.000,0.8421,307.2262,306.3841,306.8767,J,71.06,0.3222,9,221.51
489.0,0.000,0.8189,307.2209,306.4020,306.8812,J,71.08,0.3208,9,222.33
490.0,0.000,0.7958,307.2157,306.4199,306.8856,J,71.10,0.3194,9,223.12
491.0,0.000,0.7728,307.2105,306.4377,306.8900,J,71.12,0.3181,9,223.89
492.0,0.000,0.7498,307.2053,306.4555,306.8945,J,71.14,0.3167,9,224.64
493.0,0.000,0.7268,307.2002,306.4733,306.8989,J,71.16,0.3153,9,225.37
494.0,0.000,0.7040,307.1951,306.4911,306.9033,J,71.18,0.3139,9,226.07
495.0,0.000,0.6811,307.1900,306.5089,306.9078,J,71.20,0.3125,9,226.76
496.0,0.000,0.6584,307.1849,306.5266,306.9123,J,71.22,0.3111,9,227.41
497.0,0.000,0.6357,307.1799,306.5443,306.9167,J,71.24,0.3097,9,228.05
498.0,0.000,0.6130,307.1749,306.5619,306.9212,J,71.27,0.3083,9,228.66
499.0,0.000,0.5904,307.1699,306.5795,306.9257,J,71.29,0.3069,9,229.25
500.0,0.000,0.5678,307.1650,306.5971,306.9301,J,71.31,0.3056,9,229.82
501.0,0.000,0.5453,307.1601,306.6147,306.9346,J,71.33,0.3042,9,230.37
502.0,0.000,0.5229,307.1552,306.6323,306.9391,J,71.36,0.3028,9,230.89
503.0,0.000,0.5089,307.1503,306.6415,306.9436,J,71.38,0.3014,9,231.40
504.0,0.000,0.5186,307.1455,306.6269,306.9481,J,71.40,0.3000,9,231.92
505.0,0.000,0.5440,307.1564,306.6124,306.9526,J,71.43,0.2986,9,232.46
506.0,0.000,0.5721,307.1702,306.5981,306.9572,J,71.45,0.2972,9,233.03
507.0,0.000,0.6002,307.1840,306.5838,306.9617,J,71.48,0.2958,9,233.63
508.0,0.000,0.6281,307.1978,306.5696,306.9662,J,71.50,0.2944,9,234.26
509.0,0.000,0.6560,307.2116,306.5556,306.9708,J,71.53,0.2931,9,234.92
510.0,0.000,0.6837,307.2253,306.5416,306.9753,J,71.55,0.2917,9,235.60
511.0,0.000,0.7113,307.2390,306.5278,306.9799,J,71.58,0.2903,9,236.31
512.0,0.000,0.7387,307.2527,306.5140,306.9844,J,71.61,0.2889,9,237.05
513.0,0.000,0.7661,307.2664,306.5004,306.9890,J,71.63,0.2875,9,237.82
514.0,0.000,0.7933,307.2801,306.4868,306.9936,J,71.66,0.2861,9,238.61
515.0,0.000,0.8204,307.2938,306.4734,306.9981,J,71.69,0.2847,9,239.43
516.0,0.000,0.8474,307.3074,306.4600,307.0027,J,71.72,0.2833,9,240.28
517.0,0.000,0.8743,307.3210,306.4468,307.0073,U,71.75,0.2819,10,241.15
518.0,0.000,0.8541,307.3215,306.4673,307.0160,U,71.78,0.2806,10,242.01
519.0,0.000,0.8340,307.3219,306.4878,307.0247,U,71.81,0.2792,10,242.84
520.0,0.000,0.8140,307.3223,306.5084,307.0334,U,71.84,0.2778,10,243.65
521.0,0.000,0.7939,307.3228,306.5288,307.0421,U,71.87,0.2764,10,244.45
522.0,0.000,0.7739,307.3233,306.5493,307.0508,U,71.90,0.2750,10,245.22
523.0,0.000,0.7540,307.3237,306.5698,307.0595,U,71.93,0.2736,10,245.98
524.0,0.000,0.7340,307.3242,306.5902,307.0682,U,71.96,0.2722,10,246.71
525.0,0.000,0.7141,307.3247,306.6106,307.0769,U,71.99,0.2708,10,247.42
526.0,0.000,0.6943,307.3252,306.6310,307.0855,U,72.02,0.2694,10,248.12
527.0,0.000,0.6744,307.3258,306.6513,307.0942,U,72.06,0.2681,10,248.79
528.0,0.000,0.6546,307.3263,306.6717,307.1029,U,72.09,0.2667,10,249.45
529.0,0.000,0.6349,307.3269,306.6920,307.1116,U,72.13,0.2653,10,250.08
530.0,0.000,0.6151,307.3274,306.7123,307.1202,U,72.16,0.2639,10,250.70
531.0,0.000,0.5954,307.3280,306.7326,307.1289,U,72.20,0.2625,10,251.29
532.0,0.000,0.5841,307.3370,306.7528,307.1376,U,72.23,0.2611,10,251.88
533.0,0.000,0.5805,307.3536,306.7731,307.1463,U,72.27,0.2597,10,252.46
534.0,0.000,0.6010,307.3703,306.7693,307.1549,U,72.30,0.2583,10,253.06
535.0,0.000,0.6243,307.3869,306.7625,307.1636,U,72.34,0.2569,10,253.68
536.0,0.000,0.6476,307.4035,306.7558,307.1723,U,72.38,0.2556,10,254.33
537.0,0.000,0.6709,307.4201,306.7492,307.1809,U,72.42,0.2542,10,255.00
538.0,0.000,0.6940,307.4366,306.7426,307.1896,U,72.46,0.2528,10,255.70
539.0,0.000,0.7171,307.4532,306.7361,307.1983,U,72.49,0.2514,10,256.41
540.0,0.000,0.7402,307.4697,306.7296,307.2069,U,72.53,0.2500,10,257.15
541.0,0.000,0.7631,307.4863,306.7231,307.2156,U,72.57,0.2486,10,257.92
542.0,0.000,0.7860,307.5028,306.7168,307.2243,U,72.62,0.2472,10,258.70
543.0,0.000,0.8089,307.5193,306.7104,307.2329,U,72.66,0.2458,10,259.51
544.0,0.000,0.8316,307.5358,306.7042,307.2416,U,72.70,0.2444,10,260.34
545.0,0.000,0.8543,307.5523,306.6980,307.2503,J,72.74,0.2431,11,261.20
546.0,0.000,0.8302,307.5463,306.7161,307.2543,J,72.78,0.2417,11,262.03
547.0,0.000,0.8062,307.5404,306.7342,307.2584,J,72.83,0.2403,11,262.83
548.0,0.000,0.7823,307.5346,306.7523,307.2624,J,72.87,0.2389,11,263.62
549.0,0.000,0.7584,307.5288,306.7704,307.2665,J,72.92,0.2375,11,264.37
550.0,0.000,0.7346,307.5230,306.7884,307.2706,J,72.96,0.2361,11,265.11
551.0,0.000,0.7108,307.5173,306.8065,307.2747,J,73.01,0.2347,11,265.82
552.0,0.000,0.6871,307.5116,306.8245,307.2789,J,73.06,0.2333,11,266.51
553.0,0.000,0.6634,307.5060,306.8425,307.2830,J,73.10,0.2319,11,267.17
554.0,0.000,0.6398,307.5004,306.8605,307.2872,J,73.15,0.2306,11,267.81
555.0,0.000,0.6354,307.4948,306.8594,307.2914,J,73.20,0.2292,11,268.44
556.0,0.000,0.6465,307.4911,306.8446,307.2956,J,73.25,0.2278,11,269.09
557.0,0.000,0.6752,307.5050,306.8298,307.2998,J,73.30,0.2264,11,269.77
558.0,0.000,0.7037,307.5189,306.8152,307.3041,J,73.35,0.2250,11,270.47
559.0,0.000,0.7321,307.5328,306.8007,307.3084,J,73.40,0.2236,11,271.20
560.0,0.000,0.7604,307.5467,306.7863,307.3127,J,73.45,0.2222,11,271.96
561.0,0.000,0.7886,307.5606,306.7720,307.3170,J,73.51,0.2208,11,272.75
562.0,0.000,0.8166,307.5745,306.7578,307.3213,J,73.56,0.2194,11,273.57
563.0,0.000,0.8446,307.5883,306.7438,307.3257,J,73.61,0.2181,11,274.41
564.0,0.000,0.8724,307.6022,306.7298,307.3301,U,73.67,0.2167,12,275.29
565.0,0.000,0.8516,307.6025,306.7509,307.3388,U,73.72,0.2153,12,276.14
566.0,0.000,0.8309,307.6028,306.7719,307.3476,U,73.78,0.2139,12,276.97
567.0,0.000,0.8102,307.6031,306.7929,307.3563,U,73.84,0.2125,12,277.78
568.0,0.000,0.7896,307.6034,306.8139,307.3651,U,73.90,0.2111,12,278.57
569.0,0.000,0.7690,307.6038,306.8348,307.3739,U,73.96,0.2097,12,279.34
570.0,0.000,0.7484,307.6042,306.8558,307.3826,U,74.01,0.2083,12,280.08
571.0,0.000,0.7279,307.6046,306.8768,307.3914,U,74.08,0.2069,12,280.81
572.0,0.000,0.7073,307.6051,306.8977,307.4002,U,74.14,0.2056,12,281.52
573.0,0.000,0.6869,307.6055,306.9187,307.4091,U,74.20,0.2042,12,282.21
574.0,0.000,0.6781,307.6177,306.9396,307.4179,U,74.26,0.2028,12,282.88
575.0,0.000,0.6742,307.6347,306.9605,307.4267,U,74.33,0.2014,12,283.56
576.0,0.000,0.6966,307.6518,306.9552,307.4356,U,74.39,0.2000,12,284.26
577.0,0.000,0.7203,307.6688,306.9486,307.4445,U,74.45,0.1986,12,284.98
578.0,0.000,0.7439,307.6859,306.9420,307.4533,U,74.52,0.1972,12,285.72
579.0,0.000,0.7674,307.7029,306.9355,307.4622,U,74.59,0.1958,12,286.49
580.0,0.000,0.7908,307.7200,306.9291,307.4711,U,74.66,0.1944,12,287.28
581.0,0.000,0.8142,307.7370,306.9228,307.4800,U,74.72,0.1931,12,288.09
582.0,0.000,0.8376,307.7541,306.9165,307.4890,J,74.79,0.1917,13,288.93
583.0,0.000,0.8130,307.7482,306.9352,307.4932,J,74.86,0.1903,13,289.74
584.0,0.000,0.7885,307.7424,306.9539,307.4975,J,74.94,0.1889,13,290.53
585.0,0.000,0.7640,307.7366,306.9726,307.5018,J,75.01,0.1875,13,291.30
586.0,0.000,0.7396,307.7309,306.9913,307.5062,J,75.08,0.1861,13,292.03
587.0,0.000,0.7153,307.7253,307.0100,307.5106,J,75.15,0.1847,13,292.75
588.0,0.000,0.7040,307.7197,307.0157,307.5150,J,75.23,0.1833,13,293.45
589.0,0.000,0.7132,307.7142,307.0009,307.5194,J,75.31,0.1819,13,294.17
590.0,0.000,0.7397,307.7260,306.9863,307.5239,J,75.38,0.1806,13,294.91
591.0,0.000,0.7685,307.7404,306.9718,307.5284,J,75.46,0.1792,13,295.68
592.0,0.000,0.7973,307.7548,306.9575,307.5329,J,75.54,0.1778,13,296.47
593.0,0.000,0.8259,307.7692,306.9433,307.5375,U,75.62,0.1764,14,297.30
594.0,0.000,0.8049,307.7698,306.9649,307.5466,U,75.70,0.1750,14,298.10
595.0,0.000,0.7839,307.7704,306.9865,307.5558,U,75.78,0.1736,14,298.89
596.0,0.000,0.7629,307.7710,307.0081,307.5649,U,75.86,0.1722,14,299.65
597.0,0.000,0.7420,307.7717,307.0297,307.5741,U,75.95,0.1708,14,300.39
598.0,0.000,0.7292,307.7805,307.0513,307.5833,J,76.03,0.1694,15,301.12
599.0,0.000,0.7502,307.7870,307.0367,307.5879,U,76.12,0.1681,16,301.87
600.0,0.000,0.7342,307.7927,307.0584,307.5971,J,76.20,0.1667,17,302.61
601.0,0.000,0.7584,307.8024,307.0439,307.6018,U,76.29,0.1653,18,303.36
602.0,0.000,0.7393,307.8050,307.0657,307.6111,J,76.38,0.1639,19,304.10
603.0,0.000,0.7666,307.8178,307.0512,307.6157,U,76.47,0.1625,20,304.87
604.0,0.000,0.7456,307.8186,307.0731,307.6251,U,76.56,0.1611,20,305.62
605.0,0.000,0.7403,307.8351,307.0949,307.6344,J,76.66,0.1597,21,306.36
606.0,0.000,0.7538,307.8342,307.0804,307.6392,U,76.75,0.1583,22,307.11
607.0,0.000,0.7453,307.8476,307.1023,307.6485,J,76.84,0.1569,23,307.86
608.0,0.000,0.7620,307.8499,307.0879,307.6533,U,76.94,0.1556,24,308.62
609.0,0.000,0.7503,307.8602,307.1099,307.6628,J,77.04,0.1542,25,309.37
610.0,0.000,0.7702,307.8657,307.0955,307.6676,U,77.13,0.1528,26,310.14
611.0,0.000,0.7553,307.8729,307.1176,307.6771,J,77.23,0.1514,27,310.89
612.0,0.000,0.7783,307.8816,307.1032,307.6820,U,77.33,0.1500,28,311.67
613.0,0.000,0.7603,307.8857,307.1254,307.6915,J,77.43,0.1486,29,312.43
614.0,0.000,0.7864,307.8976,307.1111,307.6964,U,77.54,0.1472,30,313.22
615.0,0.000,0.7652,307.8986,307.1334,307.7060,U,77.64,0.1458,30,313.98
616.0,0.000,0.7611,307.9167,307.1556,307.7157,J,77.75,0.1444,31,314.74
617.0,0.000,0.7734,307.9147,307.1413,307.7207,U,77.85,0.1431,32,315.52
618.0,0.000,0.7660,307.9297,307.1637,307.7304,J,77.96,0.1417,33,316.28
619.0,0.000,0.7816,307.9310,307.1494,307.7354,U,78.07,0.1403,34,317.07
620.0,0.000,0.7709,307.9428,307.1719,307.7452,J,78.18,0.1389,35,317.84
621.0,0.000,0.7897,307.9474,307.1577,307.7503,U,78.29,0.1375,36,318.63
622.0,0.000,0.7758,307.9561,307.1802,307.7601,J,78.40,0.1361,37,319.40
623.0,0.000,0.7978,307.9639,307.1661,307.7652,U,78.51,0.1347,38,320.20
624.0,0.000,0.7807,307.9695,307.1888,307.7751,J,78.63,0.1333,39,320.98
625.0,0.000,0.8058,307.9805,307.1747,307.7803,U,78.75,0.1319,40,321.79
626.0,0.000,0.7856,307.9830,307.1974,307.7903,J,78.86,0.1306,41,322.57
627.0,0.000,0.8138,307.9973,307.1835,307.7956,U,78.98,0.1292,42,323.39
628.0,0.000,0.7923,307.9986,307.2063,307.8056,U,79.10,0.1278,42,324.18
629.0,0.000,0.7862,308.0153,307.2291,307.8156,J,79.23,0.1264,43,324.96
630.0,0.000,0.8005,308.0156,307.2151,307.8210,U,79.35,0.1250,44,325.76
631.0,0.000,0.7910,308.0291,307.2381,307.8311,J,79.47,0.1236,45,326.56
632.0,0.000,0.8085,308.0327,307.2242,307.8366,U,79.60,0.1222,46,327.36
633.0,0.000,0.7964,308.0437,307.2472,307.8468,L,79.73,0.1208,47,328.16
634.0,0.000,0.7912,308.0607,307.2695,307.8628,J,79.85,0.1194,48,328.95
635.0,0.000,0.8120,308.0676,307.2556,307.8683,U,79.98,0.1181,49,329.76
636.0,0.000,0.7960,308.0748,307.2788,307.8786,J,80.12,0.1167,50,330.56
637.0,0.000,0.8201,308.0851,307.2649,307.8842,U,80.25,0.1153,51,331.38
638.0,0.000,0.8020,308.0902,307.2882,307.8945,L,80.38,0.1139,52,332.18
639.0,0.000,0.7962,308.1070,307.3108,307.9107,J,80.52,0.1125,53,332.98
640.0,0.000,0.8236,308.1205,307.2969,307.9164,U,80.66,0.1111,54,333.80
641.0,0.000,0.8018,308.1222,307.3204,307.9269,U,80.80,0.1097,54,334.60
642.0,0.000,0.7968,308.1407,307.3439,307.9374,J,80.94,0.1083,55,335.40
643.0,0.000,0.8100,308.1401,307.3300,307.9432,U,81.08,0.1069,56,336.21
644.0,0.000,0.8017,308.1553,307.3536,307.9538,J,81.22,0.1056,57,337.01
645.0,0.000,0.8182,308.1581,307.3399,307.9597,U,81.37,0.1042,58,337.83
646.0,0.000,0.8073,308.1709,307.3636,307.9704,L,81.51,0.1028,59,338.64
647.0,0.000,0.8019,308.1884,307.3866,307.9869,J,81.66,0.1014,60,339.44
648.0,0.000,0.8218,308.1946,307.3728,307.9929,U,81.81,0.1000,61,340.26
649.0,0.000,0.8068,308.2035,307.3967,308.0037,J,81.96,0.0986,62,341.07
650.0,0.000,0.8300,308.2130,307.3831,308.0098,U,82.12,0.0972,63,341.90
651.0,0.000,0.8128,308.2199,307.4071,308.0207,L,82.27,0.0958,64,342.71
652.0,0.000,0.8069,308.2373,307.4303,308.0375,J,82.43,0.0944,65,343.52
653.0,0.000,0.8335,308.2502,307.4167,308.0437,U,82.58,0.0931,66,344.35
654.0,0.000,0.8119,308.2528,307.4409,308.0547,J,82.74,0.0917,67,345.16
655.0,0.000,0.8416,308.2690,307.4274,308.0610,U,82.90,0.0903,68,346.01
656.0,0.000,0.8195,308.2713,307.4517,308.0721,U,83.07,0.0889,68,346.82
657.0,0.000,0.8124,308.2885,307.4761,308.0833,J,83.23,0.0875,69,347.64
658.0,0.000,0.8278,308.2904,307.4626,308.0897,U,83.40,0.0861,70,348.46
659.0,0.000,0.8181,308.3052,307.4871,308.1010,L,83.57,0.0847,71,349.28
660.0,0.000,0.8126,308.3234,307.5108,308.1183,J,83.74,0.0833,72,350.10
661.0,0.000,0.8315,308.3288,307.4974,308.1248,U,83.91,0.0819,73,350.93
662.0,0.000,0.8176,308.3396,307.5221,308.1362,J,84.08,0.0806,74,351.74
663.0,0.000,0.8398,308.3485,307.5087,308.1429,U,84.26,0.0792,75,352.58
664.0,0.000,0.8237,308.3573,307.5336,308.1544,L,84.43,0.0778,76,353.41
665.0,0.000,0.8178,308.3754,307.5576,308.1720,J,84.61,0.0764,77,354.23
666.0,0.000,0.8433,308.3877,307.5443,308.1787,U,84.79,0.0750,78,355.07
667.0,0.000,0.8228,308.3921,307.5694,308.1905,J,84.97,0.0736,79,355.89
668.0,0.000,0.8516,308.4078,307.5562,308.1973,U,85.16,0.0722,80,356.74
669.0,0.000,0.8294,308.4108,307.5814,308.2092,L,85.34,0.0708,81,357.57
670.0,0.000,0.8244,308.4302,307.6058,308.2270,U,85.53,0.0694,82,358.40
671.0,0.000,0.8185,308.4496,307.6311,308.2390,J,85.72,0.0681,83,359.22
672.0,0.000,0.8329,308.4508,307.6179,308.2460,U,85.91,0.0667,84,360.05
673.0,0.000,0.8236,308.4669,307.6434,308.2581,J,86.11,0.0653,85,360.87
674.0,0.000,0.8414,308.4717,307.6303,308.2653,U,86.30,0.0639,86,361.71
675.0,0.000,0.8286,308.4846,307.6559,308.2775,J,86.50,0.0625,87,362.54
676.0,0.000,0.8498,308.4928,307.6430,308.2848,U,86.70,0.0611,88,363.39
677.0,0.000,0.8349,308.5037,307.6688,308.2971,L,86.90,0.0597,89,364.23
678.0,0.000,0.8288,308.5226,307.6938,308.3156,J,87.10,0.0583,90,365.06
679.0,0.000,0.8535,308.5344,307.6809,308.3230,U,87.31,0.0569,91,365.91
680.0,0.000,0.8339,308.5408,307.7069,308.3356,J,87.52,0.0556,92,366.74
681.0,0.000,0.8619,308.5561,307.6942,308.3432,U,87.73,0.0542,93,367.61
682.0,0.000,0.8407,308.5611,307.7204,308.3558,L,87.94,0.0528,94,368.45
683.0,0.000,0.8343,308.5801,307.7458,308.3746,U,88.15,0.0514,95,369.28
684.0,0.000,0.8296,308.6017,307.7721,308.3874,J,88.37,0.0500,96,370.11
685.0,0.000,0.8429,308.6024,307.7594,308.3952,U,88.58,0.0486,97,370.95
686.0,0.000,0.8348,308.6207,307.7859,308.4081,J,88.80,0.0472,98,371.79
687.0,0.000,0.8515,308.6249,307.7734,308.4161,U,89.02,0.0458,99,372.64
688.0,0.000,0.8399,308.6400,307.8001,308.4292,J,89.25,0.0444,100,373.48
689.0,0.000,0.8601,308.6478,307.7876,308.4373,U,89.47,0.0431,101,374.34
690.0,0.000,0.8463,308.6608,307.8145,308.4506,L,89.70,0.0417,102,375.19
691.0,0.000,0.8401,308.6807,307.8406,308.4700,J,89.93,0.0403,103,376.03
692.0,0.000,0.8639,308.6921,307.8283,308.4783,U,90.17,0.0389,104,376.89
693.0,0.000,0.8453,308.7007,307.8554,308.4917,J,90.40,0.0375,105,377.73
694.0,0.000,0.8724,308.7157,307.8433,308.5002,U,90.64,0.0361,106,378.61
695.0,0.000,0.8522,308.7228,307.8706,308.5138,L,90.88,0.0347,107,379.46
696.0,0.000,0.8454,308.7426,307.8972,308.5337,J,91.12,0.0333,108,380.30
697.0,0.000,0.8761,308.7612,307.8851,308.5424,U,91.36,0.0319,109,381.18
698.0,0.000,0.8530,308.7657,307.9127,308.5562,U,91.61,0.0306,109,382.03
699.0,0.000,0.8461,308.7865,307.9404,308.5701,J,91.86,0.0292,110,382.88
700.0,0.000,0.8617,308.7902,307.9284,308.5790,U,92.11,0.0278,111,383.74
701.0,0.000,0.8513,308.8077,307.9564,308.5931,J,92.36,0.0264,112,384.59
702.0,0.000,0.8705,308.8150,307.9445,308.6022,U,92.62,0.0250,113,385.46
703.0,0.000,0.8578,308.8305,307.9727,308.6165,L,92.87,0.0236,114,386.32
704.0,0.000,0.8515,308.8516,308.0000,308.6370,J,93.13,0.0222,115,387.17
705.0,0.000,0.8743,308.8627,307.9883,308.6463,U,93.40,0.0208,116,388.05
706.0,0.000,0.8568,308.8736,308.0168,308.6608,J,93.66,0.0194,117,388.90
707.0,0.000,0.8831,308.8883,308.0052,308.6703,U,93.93,0.0181,118,389.79
708.0,0.000,0.8638,308.8978,308.0339,308.6850,L,94.20,0.0167,119,390.65
709.0,0.000,0.8570,308.9188,308.0618,308.7061,J,94.47,0.0153,120,391.51
710.0,0.000,0.8869,308.9373,308.0504,308.7158,U,94.75,0.0139,121,392.39
711.0,0.000,0.8633,308.9427,308.0794,308.7308,U,95.02,0.0125,121,393.26
712.0,0.000,0.8577,308.9662,308.1084,308.7458,J,95.30,0.0111,122,394.12
713.0,0.000,0.8723,308.9695,308.0972,308.7558,U,95.59,0.0097,123,394.99
714.0,0.000,0.8631,308.9896,308.1265,308.7711,J,95.87,0.0083,124,395.85
715.0,0.000,0.8812,308.9966,308.1154,308.7812,U,96.16,0.0069,125,396.73
716.0,0.000,0.8697,309.0146,308.1449,308.7967,L,96.45,0.0056,126,397.60
717.0,0.000,0.8633,309.0370,308.1737,308.8186,J,96.74,0.0042,127,398.47
718.0,0.000,0.8852,309.0479,308.1628,308.8290,U,97.04,0.0028,128,399.35
719.0,0.000,0.8687,309.0614,308.1927,308.8448,J,97.33,0.0014,129,400.22
